TAZ1454,EMPNUM,AGREMPN,FPSEMPN,HEREEMPN,MWTEMPN,OTHEMPN,RETEMPN
1,16674.0,10.0,13069.0,1298.0,341.0,1307.0,649.0
2,25943.0,0.0,17533.0,3281.0,1023.0,1228.0,2878.0
3,2218.0,0.0,714.0,902.0,67.0,396.0,139.0
4,18250.0,1.0,11124.0,1754.0,1834.0,2705.0,832.0
5,18613.0,0.0,3523.0,6055.0,2658.0,555.0,5822.0
6,3659.0,0.0,319.0,2952.0,60.0,73.0,255.0
7,9430.0,0.0,520.0,8315.0,38.0,110.0,447.0
8,4049.0,0.0,553.0,2251.0,62.0,622.0,561.0
9,15998.0,5.0,1053.0,3995.0,194.0,10537.0,214.0
10,5611.0,0.0,762.0,1833.0,610.0,2062.0,344.0
11,12826.0,0.0,1046.0,3315.0,318.0,3758.0,4389.0
12,10281.0,0.0,2541.0,5396.0,240.0,787.0,1317.0
13,18128.0,0.0,12911.0,2684.0,510.0,862.0,1161.0
14,29300.0,3.0,16294.0,1422.0,7860.0,2546.0,1175.0
15,12824.0,5.0,8250.0,1749.0,737.0,1535.0,548.0
16,23879.0,21.0,9565.0,1798.0,948.0,8103.0,3444.0
17,5410.0,0.0,1954.0,645.0,260.0,1627.0,924.0
18,6590.0,7.0,1411.0,2038.0,615.0,1981.0,538.0
19,9152.0,0.0,1179.0,695.0,797.0,4218.0,2263.0
20,6049.0,0.0,903.0,2001.0,950.0,1490.0,705.0
21,4048.0,0.0,1227.0,1117.0,705.0,422.0,577.0
22,15513.0,9.0,11013.0,1695.0,812.0,997.0,987.0
23,9770.0,0.0,3898.0,937.0,629.0,1612.0,2694.0
24,12878.0,14.0,7552.0,2811.0,563.0,1367.0,571.0
25,1982.0,0.0,421.0,1047.0,169.0,35.0,310.0
26,3345.0,0.0,2207.0,705.0,92.0,93.0,248.0
27,1394.0,0.0,163.0,982.0,54.0,64.0,131.0
28,1308.0,0.0,175.0,1008.0,4.0,91.0,30.0
29,2273.0,0.0,266.0,1855.0,50.0,80.0,22.0
30,1487.0,0.0,199.0,884.0,45.0,201.0,158.0
31,2126.0,0.0,199.0,1734.0,33.0,40.0,120.0
32,4081.0,1.0,533.0,2667.0,201.0,353.0,326.0
33,1433.0,0.0,257.0,830.0,52.0,38.0,256.0
34,987.0,0.0,100.0,632.0,41.0,36.0,178.0
35,493.0,0.0,134.0,161.0,19.0,132.0,47.0
36,2443.0,1.0,355.0,1342.0,144.0,242.0,359.0
37,2859.0,0.0,802.0,1512.0,211.0,151.0,183.0
38,1029.0,0.0,475.0,285.0,60.0,63.0,146.0
39,1054.0,0.0,51.0,842.0,9.0,92.0,60.0
40,7836.0,0.0,560.0,2504.0,79.0,166.0,4527.0
41,9875.0,8.0,2358.0,4318.0,752.0,1106.0,1333.0
42,620.0,2.0,118.0,385.0,24.0,82.0,9.0
43,1733.0,0.0,263.0,930.0,25.0,53.0,462.0
44,1605.0,0.0,482.0,896.0,36.0,77.0,114.0
45,3186.0,0.0,823.0,1471.0,73.0,180.0,639.0
46,1642.0,0.0,325.0,787.0,22.0,271.0,237.0
47,2588.0,0.0,508.0,1551.0,41.0,70.0,418.0
48,801.0,0.0,109.0,540.0,17.0,40.0,95.0
49,1240.0,7.0,181.0,907.0,14.0,104.0,27.0
50,2110.0,0.0,286.0,1274.0,46.0,80.0,424.0
51,438.0,0.0,53.0,321.0,15.0,27.0,22.0
52,4814.0,18.0,1135.0,1239.0,1132.0,1085.0,205.0
53,2686.0,0.0,14.0,2175.0,206.0,241.0,50.0
54,695.0,0.0,107.0,262.0,30.0,46.0,250.0
55,168.0,0.0,33.0,109.0,5.0,11.0,10.0
56,2513.0,0.0,305.0,2196.0,2.0,10.0,0.0
57,109.0,1.0,70.0,12.0,6.0,17.0,3.0
58,899.0,0.0,97.0,630.0,39.0,40.0,93.0
59,1425.0,0.0,132.0,1044.0,33.0,177.0,39.0
60,260.0,2.0,27.0,166.0,15.0,21.0,29.0
61,524.0,0.0,67.0,344.0,7.0,32.0,74.0
62,1260.0,0.0,236.0,761.0,31.0,65.0,167.0
63,585.0,0.0,154.0,281.0,40.0,43.0,67.0
64,3327.0,0.0,121.0,464.0,84.0,2489.0,169.0
65,2070.0,0.0,407.0,996.0,52.0,226.0,389.0
66,2600.0,13.0,471.0,1415.0,117.0,327.0,257.0
67,2008.0,2.0,139.0,352.0,53.0,78.0,1384.0
68,753.0,0.0,64.0,569.0,6.0,53.0,61.0
69,4979.0,0.0,109.0,4198.0,25.0,147.0,500.0
70,7849.0,0.0,693.0,5344.0,65.0,1169.0,578.0
71,2452.0,8.0,248.0,1866.0,22.0,109.0,199.0
72,1978.0,0.0,286.0,1379.0,57.0,155.0,101.0
73,1530.0,0.0,199.0,923.0,24.0,59.0,325.0
74,5964.0,2.0,237.0,5073.0,81.0,277.0,294.0
75,3393.0,0.0,694.0,1615.0,14.0,409.0,661.0
76,2665.0,2.0,695.0,665.0,14.0,881.0,408.0
77,1670.0,0.0,362.0,1001.0,12.0,20.0,275.0
78,935.0,0.0,188.0,274.0,3.0,453.0,17.0
79,4120.0,3.0,802.0,2064.0,97.0,919.0,235.0
80,341.0,0.0,52.0,230.0,14.0,12.0,33.0
81,3294.0,0.0,158.0,2829.0,72.0,125.0,110.0
82,1596.0,1.0,238.0,527.0,17.0,199.0,614.0
83,537.0,2.0,128.0,368.0,1.0,11.0,27.0
84,531.0,0.0,100.0,248.0,20.0,61.0,102.0
85,1263.0,7.0,172.0,685.0,79.0,118.0,202.0
86,1542.0,0.0,140.0,1195.0,10.0,135.0,62.0
87,1009.0,0.0,74.0,834.0,7.0,27.0,67.0
88,2105.0,0.0,127.0,1113.0,64.0,95.0,706.0
89,989.0,1.0,107.0,603.0,83.0,63.0,132.0
90,31163.0,1.0,233.0,30689.0,18.0,115.0,107.0
91,285.0,0.0,57.0,173.0,10.0,25.0,20.0
92,1177.0,0.0,22.0,607.0,7.0,533.0,8.0
93,401.0,0.0,101.0,176.0,24.0,54.0,46.0
94,1110.0,0.0,153.0,609.0,55.0,34.0,259.0
95,417.0,0.0,111.0,215.0,22.0,37.0,32.0
96,309.0,0.0,61.0,153.0,8.0,53.0,34.0
97,743.0,0.0,157.0,399.0,37.0,31.0,119.0
98,861.0,1.0,259.0,302.0,15.0,37.0,247.0
99,757.0,0.0,104.0,567.0,6.0,22.0,58.0
100,3118.0,0.0,603.0,1642.0,192.0,347.0,334.0
101,2783.0,0.0,492.0,1478.0,192.0,163.0,458.0
102,1303.0,0.0,116.0,585.0,23.0,464.0,115.0
103,982.0,0.0,194.0,538.0,26.0,51.0,173.0
104,1766.0,0.0,256.0,997.0,36.0,145.0,332.0
105,1497.0,0.0,202.0,997.0,30.0,112.0,156.0
106,5202.0,0.0,532.0,1819.0,196.0,1962.0,693.0
107,13422.0,0.0,1620.0,2249.0,2721.0,4659.0,2173.0
108,4744.0,4.0,676.0,1019.0,1202.0,1242.0,601.0
109,5966.0,0.0,1333.0,2559.0,142.0,553.0,1379.0
110,3242.0,0.0,892.0,834.0,663.0,256.0,597.0
111,3636.0,9.0,693.0,770.0,821.0,946.0,397.0
112,906.0,0.0,163.0,247.0,124.0,181.0,191.0
113,871.0,2.0,179.0,307.0,209.0,139.0,35.0
114,1027.0,0.0,248.0,372.0,184.0,153.0,70.0
115,963.0,0.0,49.0,558.0,14.0,325.0,17.0
116,3316.0,0.0,664.0,1035.0,600.0,763.0,254.0
117,646.0,0.0,56.0,414.0,32.0,77.0,67.0
118,477.0,1.0,61.0,184.0,16.0,170.0,45.0
119,338.0,0.0,20.0,205.0,21.0,15.0,77.0
120,532.0,0.0,39.0,322.0,26.0,71.0,74.0
121,417.0,0.0,83.0,73.0,35.0,112.0,114.0
122,561.0,0.0,70.0,330.0,58.0,81.0,22.0
123,2925.0,0.0,301.0,1967.0,47.0,223.0,387.0
124,537.0,0.0,178.0,199.0,42.0,58.0,60.0
125,264.0,0.0,31.0,196.0,10.0,15.0,12.0
126,147.0,0.0,40.0,46.0,17.0,36.0,8.0
127,544.0,0.0,105.0,315.0,17.0,76.0,31.0
128,582.0,0.0,80.0,299.0,17.0,142.0,44.0
129,347.0,0.0,82.0,141.0,18.0,91.0,15.0
130,652.0,0.0,128.0,231.0,15.0,91.0,187.0
131,268.0,0.0,69.0,71.0,34.0,59.0,35.0
132,811.0,0.0,108.0,346.0,18.0,62.0,277.0
133,632.0,0.0,180.0,268.0,30.0,70.0,84.0
134,1015.0,0.0,240.0,396.0,28.0,211.0,140.0
135,526.0,0.0,7.0,267.0,121.0,33.0,98.0
136,644.0,0.0,13.0,615.0,6.0,7.0,3.0
137,178.0,0.0,13.0,57.0,8.0,77.0,23.0
138,1298.0,0.0,85.0,901.0,74.0,64.0,174.0
139,647.0,22.0,32.0,211.0,199.0,106.0,77.0
140,163.0,0.0,13.0,97.0,16.0,32.0,5.0
141,275.0,0.0,32.0,140.0,19.0,49.0,35.0
142,15733.0,45.0,996.0,1735.0,6709.0,4213.0,2035.0
143,677.0,0.0,98.0,241.0,66.0,130.0,142.0
144,461.0,0.0,157.0,209.0,60.0,14.0,21.0
145,897.0,0.0,89.0,144.0,428.0,221.0,15.0
146,292.0,0.0,105.0,30.0,102.0,27.0,28.0
147,2034.0,0.0,242.0,514.0,468.0,560.0,250.0
148,2430.0,4.0,628.0,316.0,802.0,600.0,80.0
149,1653.0,0.0,261.0,441.0,404.0,510.0,37.0
150,2082.0,0.0,757.0,266.0,331.0,505.0,223.0
151,79.0,0.0,16.0,55.0,1.0,3.0,4.0
152,270.0,0.0,72.0,141.0,11.0,33.0,13.0
153,63.0,0.0,9.0,16.0,23.0,13.0,2.0
154,292.0,0.0,43.0,151.0,19.0,32.0,47.0
155,153.0,0.0,16.0,115.0,0.0,17.0,5.0
156,22.0,4.0,4.0,3.0,0.0,9.0,2.0
157,72.0,0.0,25.0,34.0,3.0,2.0,8.0
158,402.0,0.0,93.0,177.0,23.0,83.0,26.0
159,140.0,0.0,15.0,76.0,7.0,22.0,20.0
160,222.0,0.0,9.0,162.0,14.0,21.0,16.0
161,192.0,0.0,46.0,113.0,2.0,22.0,9.0
162,445.0,0.0,112.0,136.0,101.0,38.0,58.0
163,124.0,0.0,4.0,86.0,13.0,11.0,10.0
164,689.0,0.0,58.0,446.0,24.0,51.0,110.0
165,1621.0,0.0,236.0,807.0,176.0,176.0,226.0
166,647.0,0.0,110.0,407.0,10.0,70.0,50.0
167,261.0,0.0,17.0,168.0,15.0,32.0,29.0
168,622.0,0.0,103.0,401.0,11.0,63.0,44.0
169,1482.0,0.0,359.0,713.0,66.0,224.0,120.0
170,2245.0,0.0,694.0,1037.0,88.0,191.0,235.0
171,536.0,0.0,119.0,199.0,11.0,41.0,166.0
172,857.0,0.0,165.0,398.0,18.0,123.0,153.0
173,218.0,0.0,123.0,14.0,20.0,38.0,23.0
174,271.0,0.0,27.0,196.0,6.0,24.0,18.0
175,1445.0,0.0,201.0,911.0,75.0,83.0,175.0
176,657.0,0.0,124.0,287.0,10.0,91.0,145.0
177,1941.0,0.0,394.0,715.0,236.0,331.0,265.0
178,427.0,0.0,72.0,270.0,19.0,34.0,32.0
179,447.0,0.0,30.0,250.0,29.0,104.0,34.0
180,284.0,0.0,38.0,144.0,0.0,35.0,67.0
181,295.0,0.0,40.0,196.0,4.0,26.0,29.0
182,339.0,0.0,26.0,157.0,55.0,47.0,54.0
183,691.0,0.0,46.0,422.0,20.0,58.0,145.0
184,1032.0,0.0,185.0,436.0,147.0,48.0,216.0
185,2076.0,0.0,570.0,1130.0,61.0,176.0,139.0
186,1302.0,0.0,264.0,800.0,43.0,126.0,69.0
187,1505.0,10.0,264.0,888.0,17.0,37.0,289.0
188,3743.0,0.0,307.0,994.0,28.0,333.0,2081.0
189,1166.0,0.0,87.0,996.0,33.0,39.0,11.0
190,927.0,0.0,55.0,769.0,5.0,94.0,4.0
191,795.0,0.0,89.0,496.0,11.0,83.0,116.0
192,1713.0,0.0,271.0,520.0,74.0,71.0,777.0
193,2460.0,10.0,458.0,828.0,274.0,839.0,51.0
194,3423.0,2.0,80.0,3039.0,36.0,156.0,110.0
195,434.0,0.0,19.0,283.0,7.0,10.0,115.0
196,224.0,0.0,20.0,164.0,5.0,24.0,11.0
197,234.0,0.0,24.0,175.0,3.0,22.0,10.0
198,776.0,0.0,47.0,589.0,78.0,6.0,56.0
199,4083.0,0.0,635.0,1197.0,30.0,264.0,1957.0
200,4667.0,0.0,139.0,1856.0,93.0,189.0,2390.0
201,1104.0,2.0,169.0,453.0,114.0,227.0,139.0
202,446.0,0.0,23.0,273.0,13.0,54.0,83.0
203,2316.0,0.0,336.0,1008.0,69.0,635.0,268.0
204,962.0,0.0,148.0,496.0,75.0,109.0,134.0
205,139.0,0.0,33.0,72.0,8.0,19.0,7.0
206,350.0,0.0,13.0,52.0,263.0,22.0,0.0
207,1262.0,0.0,29.0,943.0,145.0,19.0,126.0
208,9932.0,0.0,1235.0,850.0,3488.0,1887.0,2472.0
209,472.0,0.0,21.0,365.0,14.0,55.0,17.0
210,1037.0,0.0,281.0,152.0,415.0,70.0,119.0
211,2205.0,30.0,568.0,837.0,181.0,302.0,287.0
212,27305.0,10.0,5450.0,5118.0,11447.0,2657.0,2623.0
213,1496.0,0.0,243.0,849.0,26.0,165.0,213.0
214,526.0,0.0,52.0,222.0,26.0,196.0,30.0
215,1770.0,0.0,335.0,271.0,314.0,609.0,241.0
216,2023.0,0.0,10.0,1620.0,58.0,16.0,319.0
217,3183.0,0.0,15.0,1430.0,1584.0,77.0,77.0
218,713.0,0.0,298.0,364.0,5.0,18.0,28.0
219,449.0,0.0,11.0,198.0,4.0,38.0,198.0
220,395.0,0.0,54.0,205.0,29.0,23.0,84.0
221,92.0,0.0,23.0,8.0,0.0,36.0,25.0
222,803.0,0.0,60.0,425.0,19.0,100.0,199.0
223,1028.0,2.0,157.0,402.0,118.0,232.0,117.0
224,910.0,6.0,193.0,263.0,55.0,324.0,69.0
225,1182.0,0.0,179.0,639.0,54.0,123.0,187.0
226,1000.0,6.0,88.0,546.0,43.0,95.0,222.0
227,328.0,0.0,39.0,202.0,55.0,27.0,5.0
228,47.0,0.0,0.0,2.0,0.0,45.0,0.0
229,474.0,0.0,19.0,400.0,19.0,29.0,7.0
230,1334.0,0.0,89.0,655.0,144.0,47.0,399.0
231,151.0,0.0,36.0,71.0,27.0,16.0,1.0
232,414.0,0.0,49.0,289.0,15.0,35.0,26.0
233,396.0,0.0,82.0,147.0,9.0,26.0,132.0
234,6549.0,0.0,1111.0,1784.0,398.0,367.0,2889.0
235,606.0,0.0,58.0,322.0,13.0,188.0,25.0
236,861.0,0.0,92.0,498.0,19.0,54.0,198.0
237,2302.0,0.0,443.0,1331.0,164.0,93.0,271.0
238,951.0,1.0,20.0,393.0,222.0,181.0,134.0
239,4613.0,0.0,445.0,2119.0,1626.0,179.0,244.0
240,3655.0,2.0,550.0,2010.0,275.0,255.0,563.0
241,454.0,0.0,17.0,381.0,0.0,39.0,17.0
242,120.0,0.0,5.0,61.0,11.0,33.0,10.0
243,140.0,0.0,20.0,32.0,7.0,61.0,20.0
244,1456.0,0.0,195.0,491.0,122.0,433.0,215.0
245,257.0,0.0,15.0,184.0,7.0,42.0,9.0
246,5102.0,0.0,605.0,3866.0,177.0,183.0,271.0
247,315.0,0.0,40.0,221.0,9.0,37.0,8.0
248,13826.0,3.0,3247.0,4503.0,3489.0,1640.0,944.0
249,5307.0,11.0,778.0,1295.0,588.0,2123.0,512.0
250,1000.0,0.0,188.0,385.0,62.0,191.0,174.0
251,5518.0,2.0,1616.0,1637.0,363.0,471.0,1429.0
252,1129.0,3.0,62.0,526.0,45.0,482.0,11.0
253,239.0,0.0,53.0,98.0,3.0,76.0,9.0
254,465.0,1.0,100.0,146.0,14.0,50.0,154.0
255,751.0,3.0,113.0,314.0,32.0,219.0,70.0
256,934.0,0.0,416.0,316.0,32.0,140.0,30.0
257,6960.0,0.0,1674.0,3378.0,249.0,728.0,931.0
258,1141.0,0.0,219.0,670.0,81.0,62.0,109.0
259,915.0,0.0,101.0,490.0,47.0,66.0,211.0
260,1986.0,0.0,392.0,685.0,240.0,373.0,296.0
261,909.0,0.0,214.0,406.0,102.0,151.0,36.0
262,553.0,0.0,168.0,194.0,48.0,78.0,65.0
263,167.0,0.0,40.0,32.0,27.0,60.0,8.0
264,1318.0,1.0,251.0,777.0,66.0,104.0,119.0
265,5096.0,12.0,1634.0,903.0,204.0,468.0,1875.0
266,21619.0,0.0,8782.0,2072.0,3641.0,5012.0,2112.0
267,643.0,0.0,83.0,325.0,7.0,171.0,57.0
268,1058.0,0.0,149.0,260.0,74.0,553.0,22.0
269,477.0,0.0,87.0,245.0,24.0,93.0,28.0
270,103.0,0.0,26.0,44.0,10.0,10.0,13.0
271,570.0,0.0,214.0,142.0,50.0,124.0,40.0
272,647.0,0.0,93.0,358.0,29.0,37.0,130.0
273,108.0,0.0,43.0,16.0,20.0,25.0,4.0
274,1513.0,0.0,693.0,322.0,112.0,171.0,215.0
275,3178.0,11.0,872.0,569.0,577.0,324.0,825.0
276,185.0,0.0,17.0,116.0,11.0,18.0,23.0
277,913.0,0.0,64.0,370.0,23.0,258.0,198.0
278,5479.0,0.0,3290.0,1168.0,109.0,234.0,678.0
279,4409.0,0.0,1232.0,940.0,579.0,263.0,1395.0
280,3725.0,4.0,2090.0,669.0,212.0,194.0,556.0
281,3064.0,0.0,1240.0,1091.0,71.0,503.0,159.0
282,3460.0,0.0,1044.0,498.0,697.0,1032.0,189.0
283,318.0,0.0,29.0,195.0,8.0,33.0,53.0
284,8704.0,0.0,543.0,2494.0,226.0,2784.0,2657.0
285,235.0,3.0,12.0,164.0,12.0,27.0,17.0
286,1673.0,0.0,299.0,729.0,80.0,134.0,431.0
287,1896.0,0.0,247.0,947.0,189.0,314.0,199.0
288,884.0,0.0,84.0,707.0,24.0,41.0,28.0
289,317.0,0.0,48.0,86.0,21.0,78.0,84.0
290,155.0,0.0,35.0,75.0,10.0,20.0,15.0
291,1538.0,0.0,363.0,581.0,269.0,163.0,162.0
292,1081.0,30.0,28.0,167.0,0.0,842.0,14.0
293,1129.0,8.0,143.0,583.0,168.0,163.0,64.0
294,1208.0,0.0,117.0,861.0,60.0,122.0,48.0
295,2022.0,1.0,234.0,395.0,695.0,254.0,443.0
296,4364.0,53.0,693.0,2107.0,684.0,429.0,398.0
297,1485.0,151.0,110.0,739.0,120.0,174.0,191.0
298,1441.0,6.0,378.0,743.0,38.0,153.0,123.0
299,782.0,15.0,141.0,387.0,34.0,173.0,32.0
300,592.0,2.0,231.0,103.0,18.0,144.0,94.0
301,1032.0,2.0,197.0,620.0,57.0,103.0,53.0
302,383.0,0.0,74.0,165.0,52.0,75.0,17.0
303,585.0,1.0,118.0,353.0,26.0,70.0,17.0
304,391.0,10.0,47.0,261.0,7.0,59.0,7.0
305,116.0,0.0,15.0,71.0,2.0,20.0,8.0
306,187.0,0.0,16.0,99.0,27.0,39.0,6.0
307,284.0,0.0,54.0,160.0,14.0,23.0,33.0
308,1004.0,0.0,244.0,242.0,133.0,334.0,51.0
309,6494.0,5.0,960.0,2092.0,1259.0,1461.0,717.0
310,13886.0,20.0,2793.0,2259.0,3470.0,3150.0,2194.0
311,22092.0,0.0,7052.0,2051.0,2027.0,9363.0,1599.0
312,2091.0,0.0,153.0,180.0,1656.0,91.0,11.0
313,6020.0,0.0,1005.0,838.0,816.0,2379.0,982.0
314,5163.0,1.0,860.0,710.0,1202.0,1593.0,797.0
315,13949.0,12.0,2087.0,4848.0,693.0,4260.0,2049.0
316,909.0,0.0,374.0,345.0,36.0,134.0,20.0
317,1091.0,0.0,87.0,883.0,26.0,51.0,44.0
318,512.0,0.0,191.0,240.0,21.0,8.0,52.0
319,204.0,0.0,38.0,120.0,9.0,34.0,3.0
320,604.0,0.0,106.0,219.0,48.0,172.0,59.0
321,666.0,2.0,172.0,227.0,19.0,56.0,190.0
322,633.0,0.0,158.0,334.0,29.0,44.0,68.0
323,1042.0,0.0,95.0,380.0,35.0,77.0,455.0
324,716.0,0.0,115.0,368.0,36.0,22.0,175.0
325,352.0,0.0,26.0,257.0,16.0,27.0,26.0
326,859.0,0.0,74.0,329.0,36.0,129.0,291.0
327,881.0,0.0,137.0,474.0,35.0,65.0,170.0
328,821.0,0.0,118.0,389.0,73.0,118.0,123.0
329,2958.0,0.0,350.0,578.0,1062.0,653.0,315.0
330,599.0,0.0,261.0,180.0,69.0,43.0,46.0
331,6245.0,0.0,2212.0,656.0,1334.0,1561.0,482.0
332,3632.0,20.0,948.0,718.0,1484.0,369.0,93.0
333,1646.0,0.0,67.0,720.0,43.0,115.0,701.0
334,1013.0,0.0,74.0,670.0,124.0,71.0,74.0
335,1767.0,0.0,1061.0,599.0,29.0,56.0,22.0
336,974.0,0.0,206.0,419.0,42.0,208.0,99.0
337,958.0,0.0,29.0,862.0,16.0,43.0,8.0
338,620.0,0.0,42.0,555.0,6.0,7.0,10.0
339,505.0,0.0,48.0,306.0,8.0,141.0,2.0
340,11989.0,0.0,2343.0,910.0,55.0,8438.0,243.0
341,5588.0,0.0,1567.0,2369.0,203.0,345.0,1104.0
342,1124.0,6.0,115.0,846.0,41.0,73.0,43.0
343,260.0,0.0,34.0,146.0,4.0,49.0,27.0
344,182.0,0.0,38.0,100.0,6.0,28.0,10.0
345,605.0,0.0,162.0,213.0,87.0,56.0,87.0
346,6301.0,49.0,4966.0,948.0,56.0,157.0,125.0
347,1592.0,57.0,257.0,912.0,176.0,94.0,96.0
348,1589.0,0.0,327.0,333.0,100.0,509.0,320.0
349,16231.0,0.0,5535.0,4264.0,3612.0,771.0,2049.0
350,923.0,0.0,387.0,409.0,66.0,47.0,14.0
351,3779.0,0.0,916.0,1702.0,108.0,340.0,713.0
352,67.0,0.0,0.0,67.0,0.0,0.0,0.0
353,117.0,0.0,0.0,113.0,0.0,4.0,0.0
354,3986.0,0.0,88.0,2555.0,42.0,1123.0,178.0
355,16523.0,0.0,487.0,11580.0,407.0,251.0,3798.0
356,13520.0,5.0,4149.0,4644.0,357.0,2969.0,1396.0
357,706.0,0.0,111.0,340.0,46.0,138.0,71.0
358,1207.0,0.0,531.0,296.0,46.0,246.0,88.0
359,382.0,0.0,88.0,208.0,10.0,59.0,17.0
360,444.0,0.0,75.0,262.0,28.0,26.0,53.0
361,810.0,0.0,136.0,438.0,49.0,53.0,134.0
362,4002.0,3.0,669.0,916.0,2074.0,142.0,198.0
363,742.0,0.0,65.0,633.0,8.0,7.0,29.0
364,434.0,0.0,13.0,313.0,17.0,20.0,71.0
365,1186.0,0.0,171.0,435.0,53.0,142.0,385.0
366,4480.0,0.0,374.0,1113.0,2168.0,431.0,394.0
367,1175.0,0.0,75.0,963.0,32.0,33.0,72.0
368,763.0,1.0,155.0,332.0,36.0,174.0,65.0
369,2264.0,0.0,418.0,786.0,21.0,57.0,982.0
370,4400.0,0.0,1823.0,1222.0,162.0,520.0,673.0
371,1858.0,0.0,439.0,773.0,186.0,113.0,347.0
372,2420.0,0.0,406.0,847.0,39.0,151.0,977.0
373,533.0,0.0,23.0,177.0,12.0,17.0,304.0
374,5144.0,0.0,1017.0,1159.0,935.0,963.0,1070.0
375,115.0,0.0,37.0,55.0,6.0,16.0,1.0
376,2667.0,8.0,553.0,978.0,629.0,244.0,255.0
377,1766.0,3.0,532.0,628.0,123.0,363.0,117.0
378,5346.0,0.0,1589.0,1795.0,188.0,1262.0,512.0
379,822.0,0.0,110.0,225.0,24.0,342.0,121.0
380,403.0,0.0,54.0,263.0,12.0,10.0,64.0
381,10200.0,0.0,533.0,800.0,344.0,8205.0,318.0
382,380.0,0.0,94.0,254.0,2.0,7.0,23.0
383,3532.0,0.0,75.0,3175.0,71.0,31.0,180.0
384,566.0,0.0,65.0,313.0,15.0,12.0,161.0
385,341.0,0.0,25.0,286.0,2.0,20.0,8.0
386,137.0,0.0,34.0,81.0,3.0,13.0,6.0
387,736.0,0.0,127.0,241.0,20.0,112.0,236.0
388,1580.0,0.0,238.0,1104.0,80.0,101.0,57.0
389,1722.0,0.0,165.0,1106.0,66.0,21.0,364.0
390,683.0,0.0,71.0,280.0,40.0,39.0,253.0
391,701.0,0.0,123.0,349.0,40.0,26.0,163.0
392,239.0,0.0,59.0,82.0,22.0,3.0,73.0
393,1059.0,0.0,97.0,478.0,209.0,10.0,265.0
394,2463.0,0.0,169.0,690.0,173.0,1318.0,113.0
395,3041.0,0.0,568.0,381.0,676.0,307.0,1109.0
396,3174.0,0.0,387.0,929.0,1308.0,177.0,373.0
397,2477.0,2.0,315.0,290.0,1139.0,317.0,414.0
398,1106.0,0.0,330.0,410.0,86.0,93.0,187.0
399,4406.0,0.0,1374.0,180.0,522.0,1612.0,718.0
400,305.0,0.0,66.0,181.0,20.0,16.0,22.0
401,13347.0,0.0,2244.0,1255.0,921.0,8236.0,691.0
402,206.0,0.0,52.0,73.0,49.0,29.0,3.0
403,10709.0,0.0,2918.0,808.0,5329.0,1063.0,591.0
404,15258.0,3.0,3017.0,395.0,9018.0,2670.0,155.0
405,3771.0,0.0,272.0,1157.0,359.0,36.0,1947.0
406,12606.0,0.0,1441.0,1138.0,6147.0,2568.0,1312.0
407,15741.0,9.0,2274.0,1954.0,7569.0,2522.0,1413.0
408,9779.0,0.0,2708.0,1200.0,3283.0,1334.0,1254.0
409,17722.0,8.0,3493.0,820.0,11533.0,1313.0,555.0
410,8795.0,0.0,277.0,280.0,5554.0,2034.0,650.0
411,339.0,0.0,18.0,0.0,315.0,6.0,0.0
412,20973.0,0.0,1865.0,843.0,16040.0,1533.0,692.0
413,2083.0,0.0,1169.0,524.0,51.0,196.0,143.0
414,10400.0,2.0,1307.0,1272.0,4491.0,2356.0,972.0
415,28564.0,8.0,4425.0,5283.0,13766.0,3043.0,2039.0
416,3359.0,0.0,946.0,904.0,607.0,350.0,552.0
417,4616.0,0.0,2271.0,169.0,744.0,727.0,705.0
418,3928.0,0.0,573.0,484.0,1649.0,479.0,743.0
419,374.0,1.0,43.0,263.0,15.0,12.0,40.0
420,810.0,0.0,27.0,177.0,505.0,65.0,36.0
421,629.0,0.0,195.0,135.0,77.0,134.0,88.0
422,1794.0,0.0,449.0,376.0,555.0,285.0,129.0
423,265.0,0.0,27.0,137.0,11.0,32.0,58.0
424,1289.0,0.0,235.0,610.0,183.0,211.0,50.0
425,368.0,0.0,57.0,225.0,3.0,1.0,82.0
426,1729.0,0.0,87.0,181.0,1171.0,57.0,233.0
427,15525.0,2.0,1210.0,1186.0,10887.0,1081.0,1159.0
428,10454.0,0.0,2817.0,1113.0,2872.0,1353.0,2299.0
429,13167.0,0.0,945.0,641.0,10704.0,500.0,377.0
430,10993.0,0.0,3628.0,570.0,5281.0,575.0,939.0
431,3387.0,0.0,833.0,252.0,1561.0,476.0,265.0
432,11161.0,0.0,1384.0,1032.0,4916.0,2516.0,1313.0
433,2497.0,0.0,186.0,414.0,170.0,1667.0,60.0
434,4264.0,0.0,433.0,675.0,1912.0,792.0,452.0
435,14980.0,0.0,4619.0,2902.0,3605.0,1214.0,2640.0
436,1102.0,0.0,56.0,839.0,31.0,23.0,153.0
437,709.0,3.0,60.0,315.0,22.0,15.0,294.0
438,948.0,0.0,67.0,565.0,31.0,101.0,184.0
439,1237.0,0.0,184.0,840.0,15.0,126.0,72.0
440,769.0,0.0,107.0,418.0,36.0,78.0,130.0
441,1513.0,0.0,628.0,583.0,79.0,104.0,119.0
442,349.0,0.0,40.0,161.0,0.0,32.0,116.0
443,340.0,0.0,23.0,286.0,10.0,15.0,6.0
444,1098.0,0.0,115.0,796.0,71.0,31.0,85.0
445,1151.0,0.0,163.0,457.0,30.0,150.0,351.0
446,905.0,0.0,145.0,160.0,229.0,285.0,86.0
447,472.0,0.0,42.0,268.0,13.0,13.0,136.0
448,2048.0,0.0,614.0,847.0,44.0,71.0,472.0
449,2076.0,2.0,109.0,831.0,34.0,9.0,1091.0
450,3498.0,0.0,940.0,1068.0,225.0,532.0,733.0
451,1243.0,3.0,59.0,619.0,11.0,46.0,505.0
452,1133.0,0.0,114.0,895.0,16.0,35.0,73.0
453,1251.0,0.0,88.0,789.0,43.0,64.0,267.0
454,772.0,0.0,92.0,604.0,19.0,32.0,25.0
455,633.0,0.0,63.0,442.0,20.0,20.0,88.0
456,1188.0,0.0,239.0,380.0,69.0,244.0,256.0
457,735.0,0.0,108.0,255.0,313.0,31.0,28.0
458,274.0,0.0,36.0,192.0,24.0,7.0,15.0
459,1292.0,4.0,94.0,722.0,337.0,59.0,76.0
460,2748.0,0.0,264.0,622.0,827.0,91.0,944.0
461,1262.0,20.0,94.0,1069.0,4.0,29.0,46.0
462,1969.0,0.0,348.0,617.0,79.0,154.0,771.0
463,791.0,0.0,156.0,269.0,11.0,21.0,334.0
464,522.0,0.0,77.0,226.0,2.0,87.0,130.0
465,2442.0,0.0,312.0,1212.0,101.0,103.0,714.0
466,6825.0,0.0,287.0,1008.0,160.0,164.0,5206.0
467,5674.0,1.0,1634.0,2439.0,181.0,414.0,1005.0
468,1936.0,0.0,499.0,909.0,93.0,144.0,291.0
469,1036.0,0.0,211.0,557.0,22.0,175.0,71.0
470,1271.0,0.0,487.0,513.0,15.0,102.0,154.0
471,2014.0,0.0,150.0,987.0,84.0,167.0,626.0
472,1674.0,0.0,581.0,812.0,41.0,102.0,138.0
473,648.0,0.0,205.0,287.0,26.0,84.0,46.0
474,378.0,1.0,39.0,241.0,5.0,47.0,45.0
475,2472.0,0.0,389.0,809.0,53.0,65.0,1156.0
476,2206.0,0.0,543.0,1003.0,35.0,195.0,430.0
477,1042.0,0.0,65.0,754.0,25.0,53.0,145.0
478,2241.0,0.0,474.0,198.0,62.0,22.0,1485.0
479,1261.0,0.0,297.0,631.0,33.0,57.0,243.0
480,581.0,0.0,110.0,246.0,29.0,113.0,83.0
481,615.0,0.0,277.0,193.0,18.0,13.0,114.0
482,223.0,0.0,53.0,103.0,16.0,43.0,8.0
483,1783.0,0.0,321.0,838.0,62.0,99.0,463.0
484,3277.0,0.0,1469.0,956.0,148.0,333.0,371.0
485,8580.0,10.0,792.0,2027.0,4742.0,409.0,600.0
486,2126.0,3.0,369.0,824.0,59.0,278.0,593.0
487,915.0,0.0,155.0,577.0,44.0,60.0,79.0
488,853.0,80.0,92.0,501.0,44.0,63.0,73.0
489,466.0,2.0,50.0,355.0,12.0,32.0,15.0
490,3605.0,0.0,707.0,1932.0,412.0,337.0,217.0
491,384.0,0.0,53.0,261.0,11.0,15.0,44.0
492,669.0,0.0,185.0,215.0,26.0,110.0,133.0
493,870.0,0.0,352.0,407.0,28.0,52.0,31.0
494,1201.0,3.0,460.0,408.0,59.0,146.0,125.0
495,585.0,5.0,213.0,153.0,130.0,52.0,32.0
496,1337.0,4.0,270.0,676.0,51.0,80.0,256.0
497,1048.0,0.0,195.0,599.0,47.0,178.0,29.0
498,1394.0,0.0,326.0,785.0,29.0,73.0,181.0
499,1952.0,0.0,206.0,1105.0,23.0,155.0,463.0
500,174.0,0.0,22.0,126.0,3.0,14.0,9.0
501,333.0,0.0,42.0,89.0,7.0,25.0,170.0
502,783.0,0.0,88.0,372.0,5.0,64.0,254.0
503,3597.0,0.0,689.0,1941.0,246.0,398.0,323.0
504,9742.0,6.0,1879.0,2143.0,1693.0,2545.0,1476.0
505,376.0,0.0,107.0,119.0,22.0,69.0,59.0
506,2264.0,0.0,451.0,1707.0,27.0,70.0,9.0
507,671.0,0.0,72.0,451.0,17.0,33.0,98.0
508,2893.0,0.0,728.0,406.0,232.0,1363.0,164.0
509,2385.0,0.0,1005.0,762.0,204.0,162.0,252.0
510,266.0,0.0,41.0,169.0,1.0,43.0,12.0
511,7744.0,0.0,1795.0,3427.0,423.0,864.0,1235.0
512,588.0,40.0,132.0,143.0,23.0,180.0,70.0
513,223.0,14.0,107.0,63.0,8.0,20.0,11.0
514,1160.0,3.0,203.0,633.0,28.0,55.0,238.0
515,732.0,0.0,124.0,442.0,18.0,75.0,73.0
516,323.0,0.0,53.0,210.0,6.0,49.0,5.0
517,2327.0,0.0,108.0,1927.0,2.0,80.0,210.0
518,3421.0,3.0,595.0,1917.0,108.0,182.0,616.0
519,4090.0,0.0,691.0,2002.0,1107.0,155.0,135.0
520,1087.0,0.0,192.0,384.0,76.0,283.0,152.0
521,2227.0,0.0,305.0,836.0,132.0,376.0,578.0
522,954.0,0.0,195.0,577.0,4.0,84.0,94.0
523,1604.0,0.0,164.0,507.0,189.0,96.0,648.0
524,247.0,0.0,60.0,115.0,9.0,49.0,14.0
525,478.0,0.0,50.0,351.0,9.0,39.0,29.0
526,1561.0,0.0,444.0,686.0,102.0,268.0,61.0
527,2138.0,0.0,565.0,1084.0,77.0,157.0,255.0
528,1238.0,2.0,525.0,430.0,43.0,89.0,149.0
529,1136.0,0.0,288.0,317.0,111.0,106.0,314.0
530,7401.0,0.0,2750.0,1730.0,560.0,922.0,1439.0
531,11584.0,0.0,10685.0,658.0,64.0,99.0,78.0
532,746.0,0.0,185.0,378.0,23.0,36.0,124.0
533,3677.0,0.0,1011.0,2188.0,102.0,249.0,127.0
534,9017.0,2.0,715.0,7142.0,148.0,917.0,93.0
535,1627.0,2.0,187.0,937.0,124.0,64.0,313.0
536,843.0,3.0,131.0,218.0,47.0,86.0,358.0
537,4508.0,0.0,1063.0,1517.0,1007.0,506.0,415.0
538,1355.0,0.0,291.0,323.0,284.0,158.0,299.0
539,8162.0,6.0,247.0,5150.0,1275.0,755.0,729.0
540,3419.0,0.0,1366.0,1512.0,141.0,285.0,115.0
541,3680.0,1.0,289.0,2786.0,131.0,308.0,165.0
542,2272.0,0.0,756.0,912.0,176.0,281.0,147.0
543,3746.0,0.0,561.0,2093.0,104.0,691.0,297.0
544,1234.0,0.0,169.0,736.0,61.0,103.0,165.0
545,1434.0,12.0,275.0,813.0,114.0,131.0,89.0
546,10894.0,0.0,1364.0,801.0,198.0,8367.0,164.0
547,3276.0,0.0,820.0,396.0,558.0,801.0,701.0
548,1066.0,0.0,196.0,621.0,74.0,69.0,106.0
549,5080.0,0.0,1768.0,1711.0,366.0,756.0,479.0
550,573.0,0.0,178.0,321.0,3.0,20.0,51.0
551,1805.0,0.0,106.0,739.0,270.0,344.0,346.0
552,117.0,0.0,28.0,12.0,40.0,33.0,4.0
553,326.0,0.0,32.0,234.0,21.0,24.0,15.0
554,678.0,0.0,142.0,411.0,35.0,36.0,54.0
555,1049.0,0.0,83.0,646.0,65.0,154.0,101.0
556,3820.0,0.0,15.0,3727.0,6.0,48.0,24.0
557,10044.0,8.0,2063.0,2146.0,564.0,4848.0,415.0
558,21640.0,20.0,8315.0,6314.0,716.0,5091.0,1184.0
559,750.0,0.0,164.0,389.0,27.0,102.0,68.0
560,5596.0,0.0,1858.0,2938.0,128.0,600.0,72.0
561,1314.0,0.0,129.0,328.0,442.0,176.0,239.0
562,533.0,0.0,121.0,176.0,59.0,82.0,95.0
563,15229.0,4.0,1767.0,3130.0,4642.0,2502.0,3184.0
564,1837.0,0.0,77.0,1024.0,51.0,48.0,637.0
565,1560.0,0.0,279.0,385.0,182.0,359.0,355.0
566,2078.0,0.0,267.0,956.0,154.0,462.0,239.0
567,1434.0,3.0,310.0,331.0,478.0,187.0,125.0
568,649.0,0.0,56.0,245.0,163.0,124.0,61.0
569,252.0,0.0,14.0,199.0,14.0,12.0,13.0
570,323.0,3.0,39.0,169.0,25.0,57.0,30.0
571,156.0,0.0,13.0,106.0,9.0,17.0,11.0
572,498.0,0.0,20.0,436.0,4.0,31.0,7.0
573,248.0,0.0,47.0,146.0,2.0,11.0,42.0
574,353.0,1.0,49.0,196.0,12.0,62.0,33.0
575,616.0,0.0,148.0,329.0,43.0,21.0,75.0
576,492.0,0.0,138.0,140.0,60.0,115.0,39.0
577,323.0,0.0,31.0,252.0,7.0,29.0,4.0
578,997.0,0.0,136.0,643.0,28.0,46.0,144.0
579,1787.0,0.0,98.0,566.0,384.0,355.0,384.0
580,865.0,15.0,86.0,181.0,346.0,159.0,78.0
581,450.0,0.0,114.0,197.0,9.0,70.0,60.0
582,2198.0,0.0,360.0,1151.0,40.0,99.0,548.0
583,4554.0,0.0,481.0,1570.0,95.0,200.0,2208.0
584,605.0,0.0,102.0,312.0,116.0,32.0,43.0
585,553.0,0.0,73.0,236.0,92.0,27.0,125.0
586,885.0,0.0,63.0,509.0,11.0,54.0,248.0
587,282.0,0.0,55.0,190.0,7.0,6.0,24.0
588,369.0,0.0,85.0,209.0,7.0,11.0,57.0
589,507.0,0.0,59.0,321.0,26.0,22.0,79.0
590,452.0,0.0,47.0,250.0,6.0,20.0,129.0
591,2965.0,6.0,218.0,2424.0,57.0,182.0,78.0
592,385.0,0.0,67.0,110.0,102.0,23.0,83.0
593,2270.0,0.0,299.0,322.0,799.0,689.0,161.0
594,339.0,5.0,99.0,124.0,49.0,13.0,49.0
595,1451.0,3.0,56.0,1166.0,10.0,70.0,146.0
596,835.0,0.0,34.0,593.0,16.0,81.0,111.0
597,912.0,2.0,104.0,268.0,332.0,142.0,64.0
598,825.0,0.0,95.0,273.0,77.0,43.0,337.0
599,95.0,0.0,34.0,28.0,7.0,9.0,17.0
600,228.0,0.0,33.0,108.0,21.0,35.0,31.0
601,1423.0,0.0,926.0,238.0,74.0,91.0,94.0
602,4944.0,8.0,667.0,602.0,1321.0,2137.0,209.0
603,5289.0,25.0,205.0,558.0,955.0,3156.0,390.0
604,3424.0,0.0,127.0,998.0,1666.0,565.0,68.0
605,19755.0,3.0,4394.0,1747.0,8204.0,2526.0,2881.0
606,2204.0,0.0,347.0,613.0,807.0,249.0,188.0
607,5476.0,0.0,345.0,2156.0,322.0,415.0,2238.0
608,15051.0,10.0,1102.0,1368.0,10597.0,958.0,1016.0
609,3293.0,0.0,628.0,970.0,165.0,1169.0,361.0
610,320.0,0.0,10.0,41.0,181.0,24.0,64.0
611,1374.0,0.0,149.0,830.0,110.0,129.0,156.0
612,2346.0,0.0,347.0,519.0,694.0,297.0,489.0
613,489.0,0.0,105.0,305.0,14.0,25.0,40.0
614,842.0,0.0,37.0,509.0,147.0,26.0,123.0
615,474.0,3.0,60.0,324.0,34.0,35.0,18.0
616,393.0,0.0,37.0,275.0,25.0,18.0,38.0
617,452.0,0.0,60.0,296.0,21.0,15.0,60.0
618,116.0,0.0,18.0,69.0,5.0,23.0,1.0
619,241.0,0.0,19.0,183.0,10.0,9.0,20.0
620,1090.0,0.0,210.0,647.0,36.0,30.0,167.0
621,579.0,0.0,43.0,228.0,7.0,10.0,291.0
622,439.0,0.0,22.0,359.0,5.0,30.0,23.0
623,161.0,0.0,28.0,82.0,17.0,22.0,12.0
624,98.0,0.0,30.0,10.0,26.0,18.0,14.0
625,801.0,6.0,215.0,320.0,16.0,79.0,165.0
626,736.0,0.0,54.0,488.0,16.0,94.0,84.0
627,710.0,0.0,151.0,382.0,48.0,15.0,114.0
628,490.0,0.0,37.0,231.0,106.0,82.0,34.0
629,785.0,0.0,115.0,302.0,23.0,62.0,283.0
630,553.0,4.0,77.0,422.0,3.0,31.0,16.0
631,651.0,0.0,71.0,540.0,5.0,29.0,6.0
632,1545.0,0.0,144.0,722.0,35.0,45.0,599.0
633,1159.0,0.0,141.0,795.0,11.0,151.0,61.0
634,982.0,0.0,92.0,420.0,92.0,67.0,311.0
635,580.0,0.0,155.0,199.0,76.0,106.0,44.0
636,763.0,0.0,70.0,593.0,4.0,43.0,53.0
637,318.0,1.0,76.0,156.0,7.0,66.0,12.0
638,404.0,0.0,59.0,318.0,5.0,9.0,13.0
639,548.0,0.0,41.0,305.0,2.0,10.0,190.0
640,419.0,0.0,13.0,384.0,0.0,7.0,15.0
641,469.0,0.0,19.0,412.0,8.0,23.0,7.0
642,205.0,0.0,78.0,40.0,7.0,65.0,15.0
643,122.0,0.0,7.0,97.0,5.0,13.0,0.0
644,645.0,0.0,13.0,356.0,109.0,18.0,149.0
645,452.0,0.0,261.0,154.0,16.0,17.0,4.0
646,385.0,3.0,109.0,209.0,22.0,31.0,11.0
647,152.0,0.0,48.0,31.0,27.0,36.0,10.0
648,247.0,0.0,58.0,149.0,11.0,8.0,21.0
649,1008.0,0.0,48.0,585.0,11.0,22.0,342.0
650,508.0,3.0,56.0,316.0,51.0,37.0,45.0
651,1290.0,0.0,328.0,720.0,42.0,70.0,130.0
652,435.0,1.0,82.0,252.0,8.0,40.0,52.0
653,1477.0,2.0,235.0,912.0,72.0,60.0,196.0
654,513.0,0.0,143.0,275.0,39.0,43.0,13.0
655,1240.0,0.0,284.0,655.0,59.0,131.0,111.0
656,6518.0,0.0,1219.0,834.0,4100.0,216.0,149.0
657,201.0,0.0,59.0,30.0,22.0,59.0,31.0
658,239.0,0.0,69.0,133.0,9.0,23.0,5.0
659,548.0,0.0,82.0,268.0,33.0,26.0,139.0
660,5551.0,5.0,1417.0,1262.0,1904.0,372.0,591.0
661,11177.0,2.0,181.0,10215.0,214.0,90.0,475.0
662,294.0,0.0,52.0,181.0,3.0,40.0,18.0
663,276.0,0.0,19.0,190.0,2.0,50.0,15.0
664,254.0,0.0,69.0,108.0,25.0,43.0,9.0
665,995.0,4.0,97.0,603.0,12.0,51.0,228.0
666,487.0,2.0,149.0,127.0,4.0,44.0,161.0
667,663.0,0.0,55.0,440.0,24.0,24.0,120.0
668,343.0,0.0,32.0,249.0,20.0,30.0,12.0
669,1344.0,0.0,86.0,459.0,16.0,62.0,721.0
670,826.0,2.0,67.0,579.0,38.0,93.0,47.0
671,531.0,0.0,171.0,140.0,4.0,16.0,200.0
672,285.0,0.0,61.0,97.0,7.0,22.0,98.0
673,500.0,0.0,60.0,347.0,24.0,11.0,58.0
674,1341.0,0.0,183.0,580.0,45.0,312.0,221.0
675,1201.0,0.0,370.0,581.0,28.0,80.0,142.0
676,2695.0,5.0,391.0,1269.0,44.0,161.0,825.0
677,5039.0,0.0,761.0,2045.0,75.0,98.0,2060.0
678,212.0,0.0,22.0,165.0,10.0,12.0,3.0
679,524.0,0.0,46.0,196.0,13.0,23.0,246.0
680,1147.0,0.0,93.0,299.0,15.0,91.0,649.0
681,1040.0,0.0,330.0,477.0,48.0,53.0,132.0
682,687.0,0.0,118.0,262.0,29.0,91.0,187.0
683,509.0,0.0,51.0,116.0,5.0,77.0,260.0
684,1151.0,0.0,165.0,493.0,33.0,179.0,281.0
685,726.0,0.0,74.0,528.0,9.0,85.0,30.0
686,1054.0,0.0,299.0,507.0,43.0,104.0,101.0
687,4252.0,0.0,169.0,916.0,1614.0,49.0,1504.0
688,1169.0,0.0,80.0,646.0,44.0,82.0,317.0
689,303.0,0.0,55.0,102.0,9.0,28.0,109.0
690,912.0,0.0,379.0,360.0,16.0,90.0,67.0
691,263.0,0.0,18.0,182.0,1.0,50.0,12.0
692,1447.0,0.0,535.0,467.0,113.0,122.0,210.0
693,572.0,0.0,31.0,433.0,37.0,32.0,39.0
694,192.0,0.0,35.0,100.0,20.0,29.0,8.0
695,257.0,0.0,73.0,23.0,26.0,98.0,37.0
696,1392.0,12.0,946.0,239.0,13.0,141.0,41.0
697,3041.0,396.0,228.0,312.0,1902.0,127.0,76.0
698,1295.0,55.0,126.0,609.0,94.0,56.0,355.0
699,601.0,200.0,49.0,189.0,28.0,61.0,74.0
700,11615.0,188.0,1639.0,2208.0,4148.0,1222.0,2210.0
701,1328.0,48.0,295.0,521.0,35.0,97.0,332.0
702,3506.0,0.0,620.0,1712.0,421.0,437.0,316.0
703,249.0,0.0,46.0,100.0,31.0,46.0,26.0
704,697.0,22.0,88.0,393.0,86.0,37.0,71.0
705,1242.0,7.0,136.0,728.0,124.0,75.0,172.0
706,13477.0,1078.0,590.0,2111.0,4865.0,964.0,3869.0
707,5863.0,6.0,591.0,2348.0,868.0,955.0,1095.0
708,990.0,3.0,185.0,472.0,41.0,227.0,62.0
709,2242.0,17.0,332.0,807.0,91.0,628.0,367.0
710,978.0,0.0,224.0,398.0,7.0,88.0,261.0
711,526.0,4.0,196.0,188.0,16.0,103.0,19.0
712,1517.0,123.0,162.0,594.0,293.0,213.0,132.0
713,936.0,45.0,172.0,148.0,99.0,287.0,185.0
714,265.0,48.0,2.0,76.0,5.0,104.0,30.0
715,20542.0,40.0,2660.0,1886.0,12938.0,2068.0,950.0
716,2425.0,5.0,313.0,549.0,332.0,1181.0,45.0
717,1768.0,0.0,143.0,1248.0,73.0,182.0,122.0
718,5572.0,0.0,1110.0,777.0,1533.0,1563.0,589.0
719,540.0,0.0,71.0,278.0,9.0,100.0,82.0
720,1775.0,7.0,166.0,1025.0,86.0,227.0,264.0
721,3456.0,0.0,411.0,1059.0,425.0,338.0,1223.0
722,636.0,0.0,66.0,340.0,75.0,116.0,39.0
723,2961.0,8.0,709.0,1122.0,233.0,568.0,321.0
724,7461.0,0.0,619.0,5990.0,36.0,83.0,733.0
725,362.0,0.0,36.0,183.0,32.0,20.0,91.0
726,773.0,0.0,151.0,306.0,29.0,81.0,206.0
727,288.0,0.0,19.0,242.0,2.0,23.0,2.0
728,6180.0,6.0,1066.0,1046.0,1336.0,924.0,1802.0
729,4440.0,10.0,877.0,1130.0,1013.0,382.0,1028.0
730,8041.0,6.0,749.0,2109.0,1411.0,1315.0,2451.0
731,138.0,0.0,80.0,23.0,1.0,22.0,12.0
732,5716.0,0.0,584.0,1600.0,1066.0,1162.0,1304.0
733,5118.0,0.0,499.0,1989.0,201.0,676.0,1753.0
734,2222.0,1.0,465.0,729.0,248.0,663.0,116.0
735,770.0,16.0,89.0,370.0,54.0,109.0,132.0
736,11737.0,4.0,2910.0,1602.0,401.0,404.0,6416.0
737,5942.0,0.0,1141.0,2256.0,1318.0,439.0,788.0
738,435.0,0.0,253.0,107.0,28.0,31.0,16.0
739,9563.0,9.0,2458.0,2265.0,703.0,1627.0,2501.0
740,1754.0,0.0,129.0,861.0,246.0,219.0,299.0
741,685.0,0.0,162.0,355.0,24.0,75.0,69.0
742,21341.0,0.0,5076.0,3718.0,4843.0,3026.0,4678.0
743,4700.0,0.0,1058.0,1292.0,1026.0,805.0,519.0
744,1686.0,0.0,123.0,936.0,110.0,361.0,156.0
745,336.0,0.0,41.0,142.0,32.0,90.0,31.0
746,1972.0,7.0,297.0,720.0,269.0,413.0,266.0
747,191.0,15.0,42.0,54.0,36.0,22.0,22.0
748,284.0,0.0,27.0,117.0,8.0,128.0,4.0
749,826.0,0.0,126.0,562.0,55.0,36.0,47.0
750,7495.0,0.0,1021.0,525.0,4884.0,540.0,525.0
751,24675.0,0.0,3251.0,2418.0,10580.0,2828.0,5598.0
752,29342.0,23.0,2407.0,2112.0,17086.0,1649.0,6065.0
753,516.0,0.0,174.0,179.0,33.0,113.0,17.0
754,745.0,0.0,189.0,454.0,32.0,44.0,26.0
755,1219.0,0.0,438.0,588.0,37.0,44.0,112.0
756,3991.0,150.0,658.0,669.0,553.0,1407.0,554.0
757,162.0,0.0,27.0,69.0,21.0,19.0,26.0
758,285.0,0.0,18.0,181.0,22.0,30.0,34.0
759,781.0,0.0,54.0,613.0,42.0,33.0,39.0
760,353.0,2.0,48.0,165.0,4.0,32.0,102.0
761,3682.0,0.0,859.0,1437.0,402.0,447.0,537.0
762,590.0,0.0,84.0,398.0,30.0,46.0,32.0
763,2061.0,0.0,696.0,732.0,30.0,541.0,62.0
764,1674.0,0.0,81.0,1095.0,10.0,41.0,447.0
765,1464.0,0.0,36.0,976.0,42.0,27.0,383.0
766,566.0,0.0,80.0,429.0,3.0,7.0,47.0
767,8255.0,3.0,1346.0,3054.0,1520.0,268.0,2064.0
768,5933.0,1.0,1077.0,494.0,2414.0,859.0,1088.0
769,5104.0,1.0,1066.0,354.0,3459.0,38.0,186.0
770,1624.0,0.0,273.0,942.0,167.0,20.0,222.0
771,1297.0,0.0,190.0,594.0,13.0,48.0,452.0
772,483.0,0.0,87.0,247.0,33.0,30.0,86.0
773,1788.0,0.0,238.0,654.0,350.0,347.0,199.0
774,3141.0,4.0,481.0,1620.0,627.0,201.0,208.0
775,653.0,0.0,135.0,380.0,40.0,51.0,47.0
776,1826.0,0.0,357.0,959.0,102.0,247.0,161.0
777,9435.0,0.0,1760.0,5095.0,74.0,948.0,1558.0
778,5781.0,0.0,708.0,3067.0,200.0,1684.0,122.0
779,846.0,0.0,438.0,250.0,16.0,29.0,113.0
780,752.0,0.0,315.0,385.0,10.0,9.0,33.0
781,357.0,0.0,33.0,255.0,31.0,28.0,10.0
782,498.0,13.0,51.0,210.0,42.0,60.0,122.0
783,78.0,0.0,36.0,0.0,12.0,18.0,12.0
784,1035.0,0.0,87.0,580.0,30.0,50.0,288.0
785,460.0,0.0,46.0,234.0,64.0,17.0,99.0
786,213.0,0.0,79.0,71.0,6.0,7.0,50.0
787,474.0,0.0,62.0,268.0,19.0,14.0,111.0
788,447.0,0.0,92.0,222.0,52.0,35.0,46.0
789,131.0,0.0,17.0,85.0,0.0,13.0,16.0
790,278.0,0.0,22.0,154.0,22.0,67.0,13.0
791,413.0,0.0,87.0,190.0,13.0,19.0,104.0
792,57.0,0.0,13.0,24.0,6.0,10.0,4.0
793,605.0,0.0,64.0,380.0,47.0,25.0,89.0
794,32.0,0.0,8.0,5.0,6.0,10.0,3.0
795,1670.0,0.0,259.0,314.0,660.0,256.0,181.0
796,6230.0,0.0,303.0,2054.0,1200.0,391.0,2282.0
797,5522.0,15.0,436.0,867.0,3613.0,260.0,331.0
798,1170.0,0.0,274.0,698.0,68.0,83.0,47.0
799,330.0,0.0,43.0,126.0,29.0,35.0,97.0
800,1612.0,0.0,111.0,834.0,29.0,537.0,101.0
801,2159.0,0.0,485.0,554.0,547.0,238.0,335.0
802,624.0,0.0,16.0,411.0,17.0,34.0,146.0
803,441.0,3.0,6.0,387.0,14.0,14.0,17.0
804,583.0,0.0,101.0,322.0,5.0,46.0,109.0
805,295.0,0.0,8.0,215.0,22.0,38.0,12.0
806,12378.0,0.0,1382.0,1469.0,6972.0,1057.0,1498.0
807,558.0,2.0,46.0,428.0,2.0,21.0,59.0
808,304.0,0.0,7.0,247.0,2.0,10.0,38.0
809,2296.0,4.0,275.0,196.0,1485.0,189.0,147.0
810,28416.0,70.0,4290.0,2304.0,13325.0,3773.0,4654.0
811,2957.0,3.0,312.0,844.0,1030.0,473.0,295.0
812,3143.0,0.0,459.0,1072.0,58.0,122.0,1432.0
813,1491.0,0.0,43.0,1276.0,14.0,22.0,136.0
814,192.0,0.0,14.0,110.0,19.0,6.0,43.0
815,273.0,0.0,19.0,249.0,0.0,5.0,0.0
816,605.0,0.0,13.0,423.0,4.0,28.0,137.0
817,564.0,0.0,159.0,269.0,20.0,58.0,58.0
818,327.0,0.0,19.0,263.0,3.0,30.0,12.0
819,566.0,0.0,79.0,169.0,14.0,26.0,278.0
820,998.0,2.0,123.0,638.0,51.0,71.0,113.0
821,1943.0,0.0,56.0,1763.0,17.0,80.0,27.0
822,178.0,0.0,48.0,90.0,14.0,24.0,2.0
823,958.0,0.0,175.0,658.0,13.0,84.0,28.0
824,1523.0,4.0,163.0,498.0,287.0,55.0,516.0
825,208.0,0.0,38.0,133.0,7.0,12.0,18.0
826,849.0,0.0,150.0,298.0,115.0,84.0,202.0
827,3686.0,0.0,103.0,698.0,175.0,2637.0,73.0
828,1109.0,0.0,154.0,434.0,151.0,240.0,130.0
829,1402.0,0.0,83.0,86.0,5.0,922.0,306.0
830,556.0,0.0,65.0,332.0,15.0,16.0,128.0
831,665.0,0.0,29.0,321.0,44.0,121.0,150.0
832,667.0,0.0,91.0,505.0,13.0,15.0,43.0
833,160.0,0.0,9.0,139.0,4.0,7.0,1.0
834,1489.0,0.0,118.0,306.0,1015.0,31.0,19.0
835,816.0,0.0,121.0,354.0,66.0,123.0,152.0
836,385.0,7.0,28.0,86.0,45.0,8.0,211.0
837,870.0,1.0,50.0,649.0,39.0,108.0,23.0
838,1039.0,0.0,169.0,455.0,26.0,114.0,275.0
839,5136.0,2.0,1270.0,1838.0,242.0,1367.0,417.0
840,1358.0,0.0,335.0,620.0,45.0,73.0,285.0
841,882.0,0.0,70.0,694.0,31.0,34.0,53.0
842,467.0,0.0,125.0,196.0,7.0,35.0,104.0
843,373.0,0.0,45.0,255.0,47.0,21.0,5.0
844,1108.0,16.0,254.0,478.0,26.0,114.0,220.0
845,589.0,0.0,65.0,424.0,21.0,70.0,9.0
846,544.0,0.0,116.0,325.0,1.0,60.0,42.0
847,1336.0,0.0,382.0,531.0,84.0,104.0,235.0
848,5433.0,0.0,450.0,4071.0,154.0,124.0,634.0
849,428.0,0.0,55.0,272.0,11.0,24.0,66.0
850,320.0,0.0,35.0,233.0,7.0,40.0,5.0
851,99.0,0.0,27.0,24.0,10.0,21.0,17.0
852,442.0,0.0,25.0,304.0,16.0,59.0,38.0
853,1933.0,1.0,80.0,1552.0,44.0,228.0,28.0
854,345.0,4.0,67.0,164.0,33.0,16.0,61.0
855,460.0,0.0,34.0,273.0,70.0,11.0,72.0
856,1872.0,0.0,205.0,778.0,23.0,79.0,787.0
857,1822.0,0.0,134.0,1443.0,69.0,47.0,129.0
858,1483.0,0.0,95.0,506.0,62.0,280.0,540.0
859,275.0,0.0,39.0,173.0,11.0,27.0,25.0
860,4980.0,12.0,505.0,586.0,2010.0,1111.0,756.0
861,1829.0,0.0,389.0,734.0,369.0,300.0,37.0
862,4516.0,0.0,418.0,625.0,1895.0,754.0,824.0
863,1915.0,0.0,298.0,730.0,374.0,87.0,426.0
864,3212.0,0.0,313.0,1835.0,319.0,105.0,640.0
865,480.0,0.0,10.0,423.0,2.0,26.0,19.0
866,801.0,0.0,48.0,382.0,6.0,356.0,9.0
867,324.0,0.0,25.0,208.0,9.0,32.0,50.0
868,461.0,0.0,43.0,315.0,10.0,55.0,38.0
869,991.0,0.0,91.0,496.0,16.0,239.0,149.0
870,14314.0,0.0,37.0,13885.0,90.0,244.0,58.0
871,5222.0,0.0,1322.0,1982.0,793.0,437.0,688.0
872,2227.0,3.0,107.0,615.0,92.0,237.0,1173.0
873,12919.0,62.0,1462.0,1486.0,5870.0,2025.0,2014.0
874,1977.0,0.0,196.0,642.0,919.0,186.0,34.0
875,15386.0,0.0,2293.0,3197.0,2291.0,5785.0,1820.0
876,55.0,0.0,22.0,12.0,17.0,0.0,4.0
877,197.0,0.0,13.0,133.0,14.0,0.0,37.0
878,852.0,0.0,156.0,308.0,247.0,80.0,61.0
879,396.0,0.0,32.0,91.0,31.0,74.0,168.0
880,416.0,0.0,7.0,338.0,2.0,32.0,37.0
881,61.0,0.0,7.0,28.0,8.0,14.0,4.0
882,783.0,3.0,111.0,339.0,14.0,69.0,247.0
883,390.0,2.0,28.0,249.0,20.0,35.0,56.0
884,539.0,0.0,108.0,307.0,23.0,85.0,16.0
885,1124.0,0.0,225.0,789.0,9.0,78.0,23.0
886,601.0,2.0,65.0,227.0,66.0,118.0,123.0
887,354.0,2.0,29.0,283.0,3.0,16.0,21.0
888,248.0,0.0,10.0,205.0,0.0,4.0,29.0
889,173.0,0.0,4.0,82.0,73.0,7.0,7.0
890,225.0,0.0,6.0,145.0,0.0,17.0,57.0
891,285.0,0.0,38.0,185.0,0.0,17.0,45.0
892,1133.0,0.0,116.0,167.0,742.0,49.0,59.0
893,976.0,0.0,30.0,225.0,523.0,148.0,50.0
894,1351.0,0.0,182.0,346.0,567.0,203.0,53.0
895,564.0,0.0,84.0,320.0,61.0,74.0,25.0
896,3322.0,12.0,245.0,282.0,2002.0,450.0,331.0
897,340.0,0.0,18.0,201.0,18.0,20.0,83.0
898,471.0,0.0,22.0,211.0,183.0,12.0,43.0
899,1037.0,0.0,57.0,872.0,14.0,40.0,54.0
900,1534.0,0.0,136.0,646.0,60.0,505.0,187.0
901,275.0,0.0,71.0,159.0,11.0,23.0,11.0
902,167.0,0.0,9.0,85.0,1.0,5.0,67.0
903,255.0,0.0,39.0,164.0,6.0,33.0,13.0
904,566.0,0.0,44.0,443.0,5.0,33.0,41.0
905,478.0,2.0,31.0,355.0,28.0,13.0,49.0
906,446.0,0.0,42.0,325.0,12.0,21.0,46.0
907,285.0,0.0,38.0,187.0,10.0,44.0,6.0
908,458.0,0.0,89.0,268.0,14.0,25.0,62.0
909,342.0,0.0,33.0,231.0,9.0,26.0,43.0
910,1249.0,2.0,188.0,829.0,33.0,151.0,46.0
911,12060.0,0.0,111.0,11116.0,49.0,660.0,124.0
912,768.0,0.0,130.0,399.0,45.0,87.0,107.0
913,2233.0,0.0,825.0,823.0,34.0,156.0,395.0
914,166.0,0.0,66.0,18.0,12.0,48.0,22.0
915,448.0,1.0,133.0,226.0,14.0,49.0,25.0
916,1649.0,0.0,302.0,951.0,2.0,13.0,381.0
917,801.0,0.0,102.0,262.0,37.0,321.0,79.0
918,1483.0,0.0,217.0,830.0,68.0,204.0,164.0
919,66.0,0.0,37.0,5.0,3.0,16.0,5.0
920,370.0,0.0,54.0,275.0,10.0,19.0,12.0
921,597.0,0.0,191.0,233.0,22.0,52.0,99.0
922,731.0,0.0,103.0,467.0,27.0,90.0,44.0
923,399.0,0.0,119.0,164.0,7.0,16.0,93.0
924,610.0,0.0,35.0,418.0,7.0,35.0,115.0
925,2313.0,0.0,388.0,996.0,189.0,392.0,348.0
926,5146.0,0.0,401.0,1491.0,1763.0,518.0,973.0
927,1336.0,0.0,52.0,1185.0,30.0,13.0,56.0
928,422.0,0.0,50.0,268.0,8.0,39.0,57.0
929,328.0,0.0,10.0,302.0,0.0,10.0,6.0
930,584.0,0.0,5.0,561.0,5.0,4.0,9.0
931,5597.0,3.0,31.0,5372.0,146.0,34.0,11.0
932,61.0,0.0,7.0,26.0,4.0,19.0,5.0
933,519.0,2.0,48.0,362.0,26.0,19.0,62.0
934,1024.0,0.0,103.0,671.0,33.0,80.0,137.0
935,105.0,0.0,29.0,41.0,14.0,6.0,15.0
936,152.0,0.0,25.0,94.0,1.0,16.0,16.0
937,766.0,0.0,71.0,329.0,21.0,45.0,300.0
938,301.0,1.0,120.0,74.0,35.0,49.0,22.0
939,2250.0,0.0,565.0,685.0,535.0,212.0,253.0
940,364.0,0.0,51.0,267.0,9.0,19.0,18.0
941,163.0,0.0,24.0,124.0,5.0,6.0,4.0
942,1081.0,0.0,193.0,722.0,67.0,26.0,73.0
943,496.0,0.0,122.0,281.0,15.0,64.0,14.0
944,481.0,0.0,122.0,220.0,17.0,14.0,108.0
945,8818.0,0.0,1554.0,1630.0,489.0,5127.0,18.0
946,3430.0,0.0,467.0,1114.0,687.0,501.0,661.0
947,3898.0,11.0,417.0,1683.0,1169.0,283.0,335.0
948,2275.0,0.0,197.0,561.0,169.0,1103.0,245.0
949,1036.0,0.0,89.0,476.0,191.0,106.0,174.0
950,1126.0,0.0,323.0,514.0,42.0,105.0,142.0
951,353.0,0.0,72.0,208.0,13.0,21.0,39.0
952,4578.0,5.0,837.0,1145.0,1209.0,517.0,865.0
953,1119.0,0.0,263.0,629.0,11.0,53.0,163.0
954,2272.0,0.0,195.0,885.0,110.0,273.0,809.0
955,2313.0,0.0,187.0,1250.0,20.0,626.0,230.0
956,1044.0,0.0,207.0,461.0,55.0,212.0,109.0
957,777.0,0.0,47.0,670.0,5.0,53.0,2.0
958,459.0,0.0,76.0,314.0,13.0,30.0,26.0
959,645.0,0.0,104.0,371.0,27.0,46.0,97.0
960,2498.0,0.0,737.0,816.0,195.0,326.0,424.0
961,1146.0,0.0,208.0,285.0,76.0,31.0,546.0
962,479.0,0.0,45.0,360.0,17.0,34.0,23.0
963,596.0,2.0,237.0,252.0,18.0,34.0,53.0
964,952.0,0.0,341.0,173.0,192.0,235.0,11.0
965,868.0,0.0,62.0,63.0,673.0,17.0,53.0
966,2067.0,0.0,153.0,511.0,1094.0,271.0,38.0
967,4797.0,0.0,1399.0,1766.0,959.0,280.0,393.0
968,14500.0,3.0,3690.0,3734.0,5246.0,1049.0,778.0
969,6458.0,0.0,2764.0,1053.0,214.0,2353.0,74.0
970,4850.0,0.0,844.0,2098.0,75.0,1733.0,100.0
971,18508.0,0.0,7099.0,3828.0,835.0,6104.0,642.0
972,2620.0,0.0,212.0,1339.0,190.0,177.0,702.0
973,3964.0,0.0,107.0,3700.0,35.0,23.0,99.0
974,3353.0,3.0,367.0,1864.0,194.0,173.0,752.0
975,783.0,0.0,47.0,552.0,30.0,98.0,56.0
976,1817.0,1.0,274.0,897.0,185.0,261.0,199.0
977,3932.0,0.0,173.0,3216.0,187.0,279.0,77.0
978,756.0,0.0,46.0,512.0,42.0,63.0,93.0
979,8351.0,0.0,347.0,7707.0,75.0,65.0,157.0
980,286.0,0.0,37.0,148.0,55.0,8.0,38.0
981,810.0,0.0,240.0,310.0,28.0,153.0,79.0
982,414.0,2.0,42.0,331.0,16.0,16.0,7.0
983,167.0,0.0,18.0,57.0,43.0,43.0,6.0
984,620.0,0.0,105.0,178.0,170.0,89.0,78.0
985,267.0,0.0,130.0,77.0,20.0,12.0,28.0
986,413.0,0.0,10.0,133.0,229.0,18.0,23.0
987,204.0,2.0,20.0,129.0,32.0,15.0,6.0
988,3414.0,0.0,401.0,258.0,1394.0,412.0,949.0
989,1016.0,4.0,56.0,280.0,328.0,153.0,195.0
990,374.0,0.0,48.0,75.0,179.0,29.0,43.0
991,22091.0,0.0,9759.0,4853.0,2635.0,2214.0,2630.0
992,425.0,0.0,20.0,246.0,93.0,58.0,8.0
993,859.0,0.0,91.0,384.0,236.0,67.0,81.0
994,76.0,0.0,10.0,17.0,10.0,19.0,20.0
995,368.0,0.0,39.0,228.0,35.0,36.0,30.0
996,1064.0,0.0,145.0,578.0,207.0,58.0,76.0
997,377.0,0.0,27.0,250.0,14.0,79.0,7.0
998,1869.0,0.0,252.0,985.0,40.0,113.0,479.0
999,2139.0,0.0,179.0,973.0,514.0,68.0,405.0
1000,916.0,0.0,148.0,494.0,69.0,90.0,115.0
1001,381.0,1.0,64.0,256.0,12.0,24.0,24.0
1002,897.0,0.0,135.0,537.0,22.0,157.0,46.0
1003,3378.0,0.0,14.0,3042.0,15.0,17.0,290.0
1004,1653.0,3.0,278.0,1100.0,77.0,64.0,131.0
1005,282.0,0.0,65.0,155.0,2.0,54.0,6.0
1006,773.0,10.0,76.0,492.0,23.0,50.0,122.0
1007,342.0,0.0,31.0,280.0,9.0,13.0,9.0
1008,3757.0,0.0,298.0,2231.0,156.0,365.0,707.0
1009,518.0,0.0,79.0,285.0,20.0,21.0,113.0
1010,1070.0,0.0,166.0,808.0,11.0,52.0,33.0
1011,1813.0,0.0,154.0,908.0,69.0,88.0,594.0
1012,380.0,0.0,85.0,232.0,4.0,39.0,20.0
1013,545.0,0.0,71.0,148.0,108.0,56.0,162.0
1014,17725.0,16.0,3033.0,4226.0,6206.0,1786.0,2458.0
1015,1238.0,12.0,170.0,648.0,68.0,186.0,154.0
1016,2127.0,0.0,128.0,864.0,183.0,852.0,100.0
1017,642.0,0.0,148.0,391.0,26.0,23.0,54.0
1018,7758.0,0.0,1958.0,3032.0,423.0,1777.0,568.0
1019,21114.0,0.0,12263.0,8289.0,14.0,493.0,55.0
1020,882.0,0.0,67.0,766.0,0.0,17.0,32.0
1021,2740.0,0.0,631.0,1478.0,143.0,178.0,310.0
1022,387.0,0.0,88.0,115.0,85.0,32.0,67.0
1023,718.0,0.0,70.0,451.0,19.0,91.0,87.0
1024,571.0,0.0,129.0,315.0,25.0,42.0,60.0
1025,651.0,0.0,63.0,412.0,49.0,55.0,72.0
1026,335.0,0.0,25.0,185.0,16.0,17.0,92.0
1027,1713.0,0.0,401.0,780.0,66.0,55.0,411.0
1028,265.0,0.0,54.0,95.0,47.0,56.0,13.0
1029,232.0,0.0,71.0,76.0,5.0,53.0,27.0
1030,127.0,0.0,30.0,68.0,2.0,15.0,12.0
1031,465.0,0.0,140.0,144.0,31.0,114.0,36.0
1032,182.0,0.0,15.0,76.0,12.0,46.0,33.0
1033,1445.0,0.0,287.0,761.0,55.0,56.0,286.0
1034,874.0,0.0,223.0,368.0,26.0,27.0,230.0
1035,516.0,0.0,107.0,361.0,8.0,16.0,24.0
1036,796.0,3.0,162.0,361.0,85.0,113.0,72.0
1037,616.0,0.0,52.0,444.0,12.0,56.0,52.0
1038,965.0,0.0,20.0,220.0,32.0,498.0,195.0
1039,1061.0,0.0,127.0,414.0,74.0,90.0,356.0
1040,355.0,0.0,18.0,238.0,6.0,29.0,64.0
1041,1640.0,0.0,145.0,748.0,31.0,99.0,617.0
1042,262.0,0.0,81.0,149.0,5.0,12.0,15.0
1043,293.0,0.0,62.0,142.0,30.0,47.0,12.0
1044,249.0,0.0,119.0,80.0,3.0,29.0,18.0
1045,241.0,2.0,21.0,144.0,12.0,57.0,5.0
1046,105.0,0.0,15.0,62.0,7.0,14.0,7.0
1047,1066.0,0.0,99.0,379.0,11.0,467.0,110.0
1048,335.0,0.0,74.0,205.0,8.0,15.0,33.0
1049,1323.0,0.0,405.0,519.0,52.0,106.0,241.0
1050,2030.0,1.0,293.0,570.0,260.0,447.0,459.0
1051,1844.0,0.0,207.0,738.0,103.0,165.0,631.0
1052,58.0,0.0,34.0,5.0,10.0,5.0,4.0
1053,396.0,0.0,26.0,274.0,7.0,16.0,73.0
1054,349.0,0.0,64.0,189.0,16.0,17.0,63.0
1055,730.0,0.0,89.0,375.0,107.0,70.0,89.0
1056,2194.0,0.0,94.0,315.0,17.0,1677.0,91.0
1057,5262.0,0.0,6.0,128.0,3061.0,4.0,2063.0
1058,2510.0,0.0,429.0,1084.0,41.0,608.0,348.0
1059,5877.0,7.0,556.0,457.0,2213.0,1303.0,1341.0
1060,1499.0,10.0,110.0,657.0,371.0,119.0,232.0
1061,1222.0,4.0,142.0,421.0,207.0,302.0,146.0
1062,4486.0,62.0,919.0,875.0,1772.0,635.0,223.0
1063,1184.0,0.0,121.0,565.0,23.0,442.0,33.0
1064,275.0,0.0,8.0,194.0,23.0,7.0,43.0
1065,668.0,0.0,27.0,520.0,28.0,33.0,60.0
1066,4114.0,0.0,239.0,3042.0,41.0,274.0,518.0
1067,704.0,0.0,29.0,469.0,62.0,60.0,84.0
1068,1120.0,2.0,67.0,176.0,447.0,324.0,104.0
1069,7046.0,0.0,1435.0,1821.0,1446.0,829.0,1515.0
1070,316.0,0.0,54.0,212.0,17.0,8.0,25.0
1071,225.0,0.0,33.0,127.0,17.0,14.0,34.0
1072,832.0,0.0,36.0,515.0,13.0,150.0,118.0
1073,504.0,0.0,74.0,307.0,15.0,80.0,28.0
1074,3319.0,0.0,299.0,1415.0,72.0,70.0,1463.0
1075,732.0,0.0,220.0,295.0,24.0,47.0,146.0
1076,189.0,0.0,22.0,142.0,1.0,14.0,10.0
1077,561.0,0.0,67.0,380.0,26.0,30.0,58.0
1078,1091.0,0.0,305.0,256.0,164.0,276.0,90.0
1079,975.0,0.0,184.0,485.0,35.0,78.0,193.0
1080,603.0,0.0,29.0,381.0,12.0,14.0,167.0
1081,69.0,0.0,29.0,13.0,6.0,21.0,0.0
1082,1082.0,2.0,146.0,469.0,224.0,85.0,156.0
1083,4347.0,0.0,556.0,1060.0,1877.0,710.0,144.0
1084,608.0,0.0,88.0,395.0,22.0,48.0,55.0
1085,494.0,0.0,52.0,189.0,10.0,15.0,228.0
1086,1396.0,0.0,164.0,562.0,57.0,420.0,193.0
1087,363.0,15.0,82.0,114.0,94.0,45.0,13.0
1088,270.0,40.0,11.0,78.0,63.0,76.0,2.0
1089,1520.0,500.0,134.0,506.0,142.0,94.0,144.0
1090,1388.0,0.0,70.0,380.0,677.0,228.0,33.0
1091,4565.0,0.0,238.0,3923.0,125.0,97.0,182.0
1092,3020.0,0.0,641.0,515.0,109.0,1635.0,120.0
1093,1875.0,0.0,129.0,292.0,131.0,1312.0,11.0
1094,1863.0,50.0,340.0,217.0,98.0,1117.0,41.0
1095,4007.0,704.0,704.0,201.0,1130.0,1027.0,241.0
1096,6174.0,3.0,1447.0,884.0,1111.0,2060.0,669.0
1097,10638.0,0.0,1322.0,1857.0,3595.0,3074.0,790.0
1098,293.0,0.0,47.0,126.0,9.0,106.0,5.0
1099,927.0,0.0,236.0,429.0,53.0,144.0,65.0
1100,1875.0,0.0,349.0,677.0,65.0,285.0,499.0
1101,300.0,0.0,60.0,178.0,30.0,23.0,9.0
1102,91.0,24.0,10.0,37.0,2.0,13.0,5.0
1103,641.0,15.0,128.0,324.0,21.0,77.0,76.0
1104,298.0,0.0,25.0,220.0,6.0,36.0,11.0
1105,36.0,0.0,10.0,12.0,4.0,10.0,0.0
1106,1786.0,0.0,197.0,884.0,18.0,126.0,561.0
1107,584.0,0.0,48.0,426.0,15.0,66.0,29.0
1108,1145.0,0.0,112.0,575.0,17.0,38.0,403.0
1109,1246.0,0.0,50.0,1054.0,3.0,92.0,47.0
1110,2063.0,0.0,327.0,1015.0,133.0,237.0,351.0
1111,1237.0,0.0,286.0,442.0,52.0,419.0,38.0
1112,2845.0,0.0,77.0,2631.0,37.0,44.0,56.0
1113,7957.0,9.0,2223.0,2249.0,1037.0,1000.0,1439.0
1114,329.0,0.0,73.0,127.0,35.0,20.0,74.0
1115,327.0,0.0,51.0,145.0,17.0,30.0,84.0
1116,733.0,0.0,126.0,462.0,26.0,74.0,45.0
1117,478.0,0.0,133.0,53.0,2.0,53.0,237.0
1118,3682.0,5.0,486.0,886.0,836.0,665.0,804.0
1119,1253.0,0.0,231.0,690.0,19.0,176.0,137.0
1120,1345.0,1.0,171.0,552.0,80.0,154.0,387.0
1121,14390.0,1.0,8482.0,2871.0,470.0,922.0,1644.0
1122,16593.0,18.0,2767.0,5051.0,2398.0,1979.0,4380.0
1123,2907.0,0.0,338.0,834.0,437.0,248.0,1050.0
1124,6138.0,0.0,91.0,3871.0,36.0,1983.0,157.0
1125,395.0,0.0,46.0,151.0,7.0,64.0,127.0
1126,571.0,0.0,133.0,323.0,39.0,50.0,26.0
1127,2236.0,0.0,409.0,1321.0,121.0,224.0,161.0
1128,1280.0,0.0,287.0,789.0,57.0,68.0,79.0
1129,2644.0,0.0,157.0,1048.0,38.0,1266.0,135.0
1130,291.0,0.0,38.0,175.0,7.0,45.0,26.0
1131,459.0,9.0,139.0,199.0,27.0,64.0,21.0
1132,604.0,2.0,68.0,475.0,7.0,24.0,28.0
1133,1359.0,2.0,395.0,396.0,95.0,334.0,137.0
1134,2467.0,0.0,350.0,1057.0,268.0,315.0,477.0
1135,876.0,0.0,131.0,615.0,16.0,72.0,42.0
1136,2008.0,0.0,670.0,930.0,197.0,207.0,4.0
1137,7004.0,55.0,1958.0,2847.0,147.0,665.0,1332.0
1138,1264.0,0.0,359.0,614.0,43.0,129.0,119.0
1139,225.0,0.0,35.0,142.0,13.0,16.0,19.0
1140,1158.0,5.0,190.0,682.0,42.0,141.0,98.0
1141,4488.0,0.0,88.0,4268.0,32.0,49.0,51.0
1142,343.0,4.0,74.0,123.0,17.0,109.0,16.0
1143,1525.0,0.0,195.0,1215.0,23.0,59.0,33.0
1144,3061.0,3.0,1274.0,804.0,176.0,617.0,187.0
1145,18989.0,0.0,8640.0,4755.0,1286.0,1985.0,2323.0
1146,9838.0,9.0,1738.0,3904.0,289.0,286.0,3612.0
1147,1467.0,0.0,272.0,986.0,13.0,125.0,71.0
1148,1226.0,0.0,471.0,412.0,42.0,102.0,199.0
1149,1239.0,0.0,337.0,441.0,83.0,291.0,87.0
1150,4418.0,0.0,840.0,2139.0,222.0,286.0,931.0
1151,428.0,1.0,63.0,278.0,12.0,68.0,6.0
1152,4058.0,0.0,1210.0,1533.0,241.0,347.0,727.0
1153,1228.0,3.0,479.0,447.0,55.0,175.0,69.0
1154,2325.0,0.0,744.0,836.0,95.0,337.0,313.0
1155,153.0,0.0,38.0,74.0,17.0,24.0,0.0
1156,793.0,0.0,338.0,315.0,15.0,32.0,93.0
1157,1256.0,0.0,280.0,641.0,35.0,125.0,175.0
1158,1599.0,2.0,478.0,590.0,93.0,236.0,200.0
1159,1509.0,3.0,59.0,1273.0,22.0,93.0,59.0
1160,606.0,8.0,187.0,223.0,31.0,68.0,89.0
1161,9184.0,15.0,2986.0,3105.0,1164.0,863.0,1051.0
1162,809.0,2.0,125.0,328.0,41.0,68.0,245.0
1163,158.0,0.0,54.0,60.0,20.0,21.0,3.0
1164,823.0,10.0,109.0,461.0,23.0,141.0,79.0
1165,757.0,1.0,234.0,383.0,32.0,90.0,17.0
1166,2405.0,3.0,567.0,720.0,353.0,552.0,210.0
1167,1201.0,0.0,187.0,434.0,303.0,243.0,34.0
1168,15384.0,53.0,6035.0,4412.0,1853.0,1362.0,1669.0
1169,3060.0,0.0,1317.0,825.0,66.0,85.0,767.0
1170,6133.0,0.0,1628.0,2588.0,499.0,565.0,853.0
1171,1163.0,0.0,208.0,570.0,43.0,103.0,239.0
1172,405.0,0.0,40.0,196.0,14.0,44.0,111.0
1173,437.0,0.0,42.0,318.0,11.0,49.0,17.0
1174,572.0,0.0,39.0,443.0,40.0,39.0,11.0
1175,21440.0,0.0,5550.0,958.0,14111.0,436.0,385.0
1176,4652.0,30.0,899.0,2290.0,194.0,484.0,755.0
1177,4353.0,831.0,599.0,1658.0,278.0,662.0,325.0
1178,9154.0,13.0,1230.0,4807.0,245.0,640.0,2219.0
1179,7172.0,42.0,1205.0,2688.0,605.0,1835.0,797.0
1180,1261.0,0.0,262.0,434.0,121.0,344.0,100.0
1181,424.0,0.0,59.0,196.0,41.0,92.0,36.0
1182,1560.0,50.0,269.0,540.0,217.0,261.0,223.0
1183,1201.0,0.0,89.0,325.0,432.0,198.0,157.0
1184,405.0,0.0,63.0,293.0,4.0,28.0,17.0
1185,3248.0,0.0,525.0,1643.0,47.0,243.0,790.0
1186,3082.0,0.0,344.0,2003.0,35.0,217.0,483.0
1187,1917.0,0.0,357.0,902.0,149.0,148.0,361.0
1188,1667.0,10.0,180.0,750.0,313.0,230.0,184.0
1189,6065.0,0.0,700.0,2166.0,497.0,1150.0,1552.0
1190,287.0,0.0,42.0,180.0,2.0,21.0,42.0
1191,1077.0,0.0,310.0,296.0,86.0,277.0,108.0
1192,154.0,2.0,20.0,93.0,11.0,16.0,12.0
1193,791.0,0.0,181.0,387.0,8.0,42.0,173.0
1194,645.0,0.0,112.0,238.0,19.0,46.0,230.0
1195,1509.0,13.0,125.0,915.0,109.0,166.0,181.0
1196,298.0,0.0,71.0,168.0,13.0,29.0,17.0
1197,2269.0,0.0,81.0,726.0,19.0,786.0,657.0
1198,2116.0,0.0,96.0,1054.0,53.0,507.0,406.0
1199,2924.0,15.0,338.0,1233.0,507.0,347.0,484.0
1200,943.0,1.0,142.0,379.0,47.0,92.0,282.0
1201,642.0,0.0,99.0,264.0,69.0,178.0,32.0
1202,501.0,0.0,115.0,166.0,0.0,17.0,203.0
1203,2132.0,0.0,28.0,356.0,152.0,1585.0,11.0
1204,1418.0,0.0,50.0,400.0,463.0,177.0,328.0
1205,2310.0,0.0,180.0,290.0,1148.0,181.0,511.0
1206,1276.0,4.0,75.0,392.0,364.0,392.0,49.0
1207,183.0,3.0,19.0,76.0,60.0,13.0,12.0
1208,631.0,2.0,48.0,283.0,173.0,41.0,84.0
1209,274.0,2.0,32.0,45.0,159.0,4.0,32.0
1210,413.0,0.0,48.0,237.0,15.0,78.0,35.0
1211,8446.0,0.0,1185.0,902.0,3275.0,2040.0,1044.0
1212,1821.0,0.0,475.0,861.0,129.0,228.0,128.0
1213,813.0,0.0,105.0,450.0,3.0,150.0,105.0
1214,1238.0,0.0,196.0,170.0,572.0,213.0,87.0
1215,817.0,0.0,87.0,419.0,14.0,30.0,267.0
1216,261.0,0.0,42.0,161.0,11.0,13.0,34.0
1217,1359.0,0.0,242.0,115.0,565.0,283.0,154.0
1218,116.0,0.0,32.0,36.0,11.0,30.0,7.0
1219,801.0,0.0,25.0,124.0,0.0,646.0,6.0
1220,595.0,3.0,200.0,210.0,29.0,48.0,105.0
1221,378.0,0.0,38.0,273.0,9.0,49.0,9.0
1222,173.0,0.0,50.0,101.0,2.0,11.0,9.0
1223,1458.0,0.0,146.0,182.0,379.0,500.0,251.0
1224,1668.0,0.0,264.0,561.0,268.0,477.0,98.0
1225,1857.0,1.0,363.0,396.0,82.0,929.0,86.0
1226,480.0,0.0,50.0,167.0,54.0,16.0,193.0
1227,228.0,0.0,13.0,110.0,35.0,10.0,60.0
1228,223.0,0.0,15.0,147.0,0.0,58.0,3.0
1229,1266.0,0.0,270.0,589.0,46.0,121.0,240.0
1230,658.0,0.0,91.0,483.0,6.0,25.0,53.0
1231,737.0,0.0,130.0,491.0,3.0,50.0,63.0
1232,1077.0,0.0,153.0,414.0,26.0,399.0,85.0
1233,422.0,0.0,154.0,211.0,2.0,22.0,33.0
1234,1534.0,0.0,214.0,872.0,118.0,89.0,241.0
1235,666.0,0.0,77.0,357.0,71.0,100.0,61.0
1236,311.0,0.0,30.0,205.0,7.0,15.0,54.0
1237,84.0,0.0,7.0,62.0,6.0,9.0,0.0
1238,2516.0,450.0,192.0,1120.0,488.0,259.0,7.0
1239,137.0,0.0,121.0,9.0,3.0,2.0,2.0
1240,615.0,2.0,28.0,199.0,33.0,202.0,151.0
1241,2869.0,0.0,278.0,1331.0,161.0,82.0,1017.0
1242,3673.0,0.0,133.0,3419.0,23.0,38.0,60.0
1243,3365.0,0.0,340.0,2933.0,29.0,42.0,21.0
1244,477.0,0.0,19.0,426.0,12.0,12.0,8.0
1245,256.0,0.0,16.0,76.0,10.0,139.0,15.0
1246,3756.0,2.0,265.0,1407.0,85.0,73.0,1924.0
1247,2589.0,3.0,375.0,544.0,796.0,334.0,537.0
1248,3692.0,90.0,1181.0,1388.0,291.0,275.0,467.0
1249,4597.0,5.0,625.0,1521.0,1392.0,312.0,742.0
1250,7157.0,0.0,1251.0,887.0,1862.0,1594.0,1563.0
1251,1590.0,3.0,300.0,687.0,312.0,205.0,83.0
1252,5372.0,0.0,280.0,1076.0,105.0,3834.0,77.0
1253,87.0,0.0,11.0,31.0,4.0,32.0,9.0
1254,198.0,0.0,30.0,147.0,5.0,6.0,10.0
1255,781.0,2.0,109.0,407.0,97.0,111.0,55.0
1256,903.0,0.0,83.0,285.0,229.0,251.0,55.0
1257,330.0,0.0,71.0,216.0,14.0,26.0,3.0
1258,366.0,0.0,13.0,315.0,1.0,14.0,23.0
1259,2564.0,7.0,777.0,1015.0,128.0,411.0,226.0
1260,320.0,0.0,85.0,157.0,19.0,16.0,43.0
1261,837.0,0.0,127.0,458.0,24.0,22.0,206.0
1262,3750.0,0.0,623.0,1077.0,74.0,1862.0,114.0
1263,2284.0,0.0,176.0,871.0,170.0,1003.0,64.0
1264,1237.0,0.0,246.0,662.0,44.0,20.0,265.0
1265,6006.0,0.0,144.0,3966.0,17.0,123.0,1756.0
1266,924.0,0.0,292.0,450.0,34.0,75.0,73.0
1267,1132.0,0.0,118.0,554.0,14.0,141.0,305.0
1268,1538.0,27.0,469.0,770.0,13.0,76.0,183.0
1269,2580.0,0.0,239.0,1448.0,56.0,114.0,723.0
1270,2177.0,0.0,439.0,555.0,650.0,415.0,118.0
1271,692.0,1.0,117.0,400.0,9.0,35.0,130.0
1272,1437.0,0.0,0.0,19.0,0.0,1418.0,0.0
1273,986.0,0.0,130.0,559.0,44.0,52.0,201.0
1274,2158.0,4.0,211.0,846.0,346.0,201.0,550.0
1275,771.0,4.0,170.0,259.0,46.0,116.0,176.0
1276,271.0,0.0,22.0,136.0,0.0,24.0,89.0
1277,219.0,0.0,35.0,86.0,10.0,30.0,58.0
1278,245.0,0.0,28.0,171.0,4.0,24.0,18.0
1279,17817.0,16.0,687.0,11050.0,3231.0,1808.0,1025.0
1280,6470.0,0.0,420.0,2794.0,167.0,276.0,2813.0
1281,2374.0,1.0,367.0,992.0,149.0,248.0,617.0
1282,2274.0,3.0,297.0,911.0,179.0,379.0,505.0
1283,1837.0,0.0,314.0,1019.0,77.0,350.0,77.0
1284,5294.0,4.0,1251.0,1994.0,161.0,1416.0,468.0
1285,579.0,0.0,174.0,207.0,120.0,47.0,31.0
1286,619.0,89.0,152.0,59.0,80.0,190.0,49.0
1287,1665.0,303.0,171.0,143.0,829.0,95.0,124.0
1288,1844.0,2.0,270.0,967.0,112.0,211.0,282.0
1289,3712.0,14.0,399.0,949.0,1175.0,580.0,595.0
1290,2917.0,394.0,230.0,965.0,366.0,620.0,342.0
1291,2430.0,70.0,139.0,1252.0,148.0,321.0,500.0
1292,8902.0,32.0,1711.0,1871.0,2935.0,1611.0,742.0
1293,853.0,41.0,59.0,423.0,106.0,152.0,72.0
1294,2323.0,14.0,378.0,1035.0,622.0,221.0,53.0
1295,2964.0,1.0,202.0,999.0,414.0,314.0,1034.0
1296,732.0,100.0,83.0,302.0,64.0,101.0,82.0
1297,2620.0,2.0,435.0,1580.0,99.0,196.0,308.0
1298,4837.0,2.0,960.0,1791.0,478.0,633.0,973.0
1299,5085.0,22.0,1124.0,1231.0,305.0,1904.0,499.0
1300,714.0,3.0,144.0,256.0,218.0,60.0,33.0
1301,3573.0,0.0,394.0,1034.0,179.0,1736.0,230.0
1302,1812.0,1.0,44.0,411.0,613.0,126.0,617.0
1303,218.0,0.0,78.0,32.0,13.0,57.0,38.0
1304,818.0,0.0,150.0,503.0,31.0,60.0,74.0
1305,2793.0,0.0,552.0,1164.0,362.0,271.0,444.0
1306,7025.0,75.0,1151.0,3093.0,630.0,954.0,1122.0
1307,1750.0,18.0,305.0,941.0,388.0,60.0,38.0
1308,1157.0,113.0,91.0,220.0,569.0,147.0,17.0
1309,1731.0,98.0,154.0,542.0,774.0,88.0,75.0
1310,4180.0,26.0,154.0,3299.0,312.0,226.0,163.0
1311,3148.0,606.0,223.0,1030.0,990.0,211.0,88.0
1312,530.0,53.0,56.0,70.0,57.0,272.0,22.0
1313,4920.0,152.0,83.0,3295.0,940.0,287.0,163.0
1314,6723.0,246.0,939.0,2151.0,2251.0,451.0,685.0
1315,5011.0,329.0,90.0,333.0,3709.0,339.0,211.0
1316,1262.0,29.0,67.0,272.0,761.0,128.0,5.0
1317,2501.0,29.0,213.0,1425.0,204.0,281.0,349.0
1318,2966.0,146.0,519.0,975.0,651.0,508.0,167.0
1319,1852.0,9.0,127.0,1337.0,87.0,137.0,155.0
1320,3685.0,15.0,719.0,1637.0,391.0,209.0,714.0
1321,596.0,0.0,95.0,281.0,40.0,116.0,64.0
1322,2740.0,62.0,146.0,2309.0,101.0,92.0,30.0
1323,6092.0,26.0,1283.0,2491.0,449.0,976.0,867.0
1324,3172.0,196.0,416.0,184.0,1395.0,572.0,409.0
1325,7639.0,434.0,2072.0,1139.0,2908.0,461.0,625.0
1326,407.0,2.0,47.0,211.0,31.0,80.0,36.0
1327,1869.0,14.0,44.0,1039.0,9.0,748.0,15.0
1328,2214.0,77.0,62.0,348.0,144.0,1526.0,57.0
1329,4009.0,35.0,438.0,530.0,1661.0,658.0,687.0
1330,554.0,0.0,55.0,257.0,69.0,131.0,42.0
1331,2686.0,2.0,278.0,756.0,509.0,202.0,939.0
1332,6807.0,6.0,1744.0,2342.0,548.0,972.0,1195.0
1333,157.0,2.0,25.0,88.0,8.0,15.0,19.0
1334,379.0,0.0,46.0,275.0,0.0,47.0,11.0
1335,2253.0,0.0,229.0,963.0,102.0,190.0,769.0
1336,7568.0,20.0,1087.0,2584.0,1753.0,1239.0,885.0
1337,8075.0,31.0,988.0,2024.0,2121.0,1547.0,1364.0
1338,960.0,17.0,147.0,357.0,38.0,268.0,133.0
1339,587.0,3.0,103.0,201.0,37.0,54.0,189.0
1340,844.0,3.0,62.0,314.0,171.0,110.0,184.0
1341,281.0,9.0,37.0,171.0,26.0,22.0,16.0
1342,546.0,0.0,41.0,386.0,5.0,77.0,37.0
1343,342.0,2.0,59.0,214.0,4.0,29.0,34.0
1344,2401.0,0.0,468.0,745.0,112.0,637.0,439.0
1345,599.0,2.0,135.0,179.0,44.0,206.0,33.0
1346,2212.0,7.0,696.0,763.0,262.0,294.0,190.0
1347,1011.0,0.0,188.0,610.0,25.0,76.0,112.0
1348,6726.0,0.0,409.0,1347.0,904.0,628.0,3438.0
1349,1677.0,1.0,281.0,824.0,213.0,170.0,188.0
1350,1693.0,3.0,443.0,649.0,57.0,343.0,198.0
1351,444.0,0.0,67.0,328.0,3.0,18.0,28.0
1352,234.0,0.0,47.0,106.0,33.0,30.0,18.0
1353,1058.0,3.0,152.0,275.0,244.0,335.0,49.0
1354,1171.0,45.0,118.0,501.0,106.0,215.0,186.0
1355,368.0,0.0,35.0,296.0,4.0,24.0,9.0
1356,1437.0,1.0,251.0,692.0,46.0,93.0,354.0
1357,806.0,3.0,194.0,365.0,34.0,114.0,96.0
1358,2158.0,0.0,294.0,1415.0,58.0,143.0,248.0
1359,5108.0,0.0,156.0,4312.0,41.0,87.0,512.0
1360,953.0,0.0,134.0,562.0,31.0,124.0,102.0
1361,9840.0,7.0,2904.0,2392.0,484.0,2523.0,1530.0
1362,1886.0,0.0,827.0,651.0,101.0,117.0,190.0
1363,5549.0,60.0,667.0,1441.0,47.0,3129.0,205.0
1364,737.0,0.0,85.0,427.0,19.0,101.0,105.0
1365,1636.0,3.0,167.0,1174.0,29.0,56.0,207.0
1366,7218.0,0.0,2289.0,3710.0,575.0,391.0,253.0
1367,1045.0,0.0,190.0,456.0,66.0,181.0,152.0
1368,12096.0,72.0,1930.0,3116.0,3506.0,2273.0,1199.0
1369,8361.0,18.0,679.0,2073.0,1031.0,3754.0,806.0
1370,1515.0,20.0,157.0,545.0,375.0,230.0,188.0
1371,387.0,2.0,37.0,201.0,45.0,29.0,73.0
1372,299.0,0.0,35.0,200.0,33.0,15.0,16.0
1373,4439.0,3.0,696.0,1456.0,508.0,396.0,1380.0
1374,5440.0,19.0,1701.0,1455.0,865.0,661.0,739.0
1375,2626.0,20.0,402.0,647.0,400.0,822.0,335.0
1376,3299.0,0.0,683.0,1507.0,346.0,274.0,489.0
1377,704.0,3.0,137.0,296.0,53.0,84.0,131.0
1378,1720.0,0.0,193.0,698.0,346.0,121.0,362.0
1379,196.0,0.0,8.0,134.0,2.0,19.0,33.0
1380,8366.0,7.0,458.0,1181.0,1802.0,1995.0,2923.0
1381,5685.0,23.0,892.0,1173.0,1749.0,1142.0,706.0
1382,1658.0,87.0,301.0,666.0,394.0,136.0,74.0
1383,1414.0,149.0,96.0,281.0,486.0,281.0,121.0
1384,4387.0,51.0,897.0,1550.0,428.0,595.0,866.0
1385,733.0,7.0,197.0,173.0,90.0,216.0,50.0
1386,2252.0,7.0,243.0,1340.0,139.0,200.0,323.0
1387,539.0,14.0,86.0,200.0,85.0,110.0,44.0
1388,536.0,31.0,73.0,225.0,61.0,120.0,26.0
1389,2237.0,40.0,143.0,1603.0,82.0,212.0,157.0
1390,525.0,38.0,50.0,291.0,32.0,55.0,59.0
1391,1968.0,2.0,126.0,564.0,853.0,202.0,221.0
1392,1474.0,130.0,120.0,311.0,679.0,143.0,91.0
1393,795.0,42.0,67.0,255.0,175.0,140.0,116.0
1394,1534.0,240.0,116.0,656.0,323.0,177.0,22.0
1395,4384.0,43.0,827.0,1102.0,792.0,801.0,819.0
1396,1652.0,31.0,292.0,767.0,169.0,142.0,251.0
1397,1420.0,148.0,127.0,366.0,437.0,179.0,163.0
1398,964.0,4.0,154.0,443.0,111.0,150.0,102.0
1399,5937.0,13.0,814.0,2216.0,939.0,750.0,1205.0
1400,1071.0,49.0,52.0,205.0,576.0,93.0,96.0
1401,2324.0,451.0,67.0,386.0,1270.0,99.0,51.0
1402,2490.0,118.0,256.0,876.0,612.0,249.0,379.0
1403,1424.0,36.0,326.0,596.0,110.0,254.0,102.0
1404,368.0,2.0,87.0,138.0,72.0,51.0,18.0
1405,3567.0,0.0,345.0,1597.0,57.0,426.0,1142.0
1406,2033.0,2.0,594.0,257.0,267.0,759.0,154.0
1407,4193.0,2.0,1867.0,734.0,515.0,796.0,279.0
1408,1140.0,2.0,178.0,488.0,25.0,395.0,52.0
1409,1917.0,0.0,670.0,814.0,102.0,87.0,244.0
1410,1417.0,0.0,335.0,463.0,40.0,309.0,270.0
1411,2217.0,0.0,717.0,1033.0,178.0,143.0,146.0
1412,4784.0,10.0,1088.0,1543.0,345.0,1016.0,782.0
1413,3279.0,0.0,2439.0,524.0,81.0,39.0,196.0
1414,726.0,5.0,96.0,353.0,92.0,105.0,75.0
1415,2858.0,37.0,274.0,819.0,187.0,1181.0,360.0
1416,691.0,48.0,54.0,245.0,59.0,217.0,68.0
1417,196.0,0.0,7.0,172.0,4.0,9.0,4.0
1418,640.0,3.0,102.0,382.0,29.0,88.0,36.0
1419,476.0,0.0,66.0,305.0,8.0,52.0,45.0
1420,1304.0,3.0,312.0,793.0,41.0,99.0,56.0
1421,4410.0,5.0,547.0,2450.0,48.0,279.0,1081.0
1422,2132.0,0.0,466.0,1068.0,127.0,319.0,152.0
1423,890.0,0.0,218.0,365.0,65.0,203.0,39.0
1424,5573.0,11.0,1557.0,2082.0,554.0,843.0,526.0
1425,4914.0,0.0,589.0,1326.0,46.0,2675.0,278.0
1426,729.0,2.0,176.0,325.0,97.0,79.0,50.0
1427,5251.0,2.0,1500.0,1840.0,314.0,760.0,835.0
1428,9217.0,26.0,1354.0,1910.0,1766.0,1954.0,2207.0
1429,4265.0,0.0,739.0,785.0,695.0,537.0,1509.0
1430,7661.0,6.0,1939.0,3117.0,477.0,1382.0,740.0
1431,1362.0,0.0,383.0,602.0,32.0,221.0,124.0
1432,2470.0,4.0,461.0,1010.0,218.0,316.0,461.0
1433,354.0,0.0,111.0,167.0,14.0,50.0,12.0
1434,1271.0,0.0,278.0,415.0,82.0,192.0,304.0
1435,610.0,2.0,111.0,287.0,19.0,151.0,40.0
1436,2685.0,3.0,196.0,2261.0,65.0,92.0,68.0
1437,4341.0,1.0,876.0,2889.0,53.0,167.0,355.0
1438,5922.0,6.0,1432.0,1435.0,486.0,302.0,2261.0
1439,0.0,0.0,0.0,0.0,0.0,0.0,0.0
1440,2247.0,0.0,332.0,1189.0,89.0,244.0,393.0
1441,4819.0,1.0,593.0,1953.0,386.0,602.0,1284.0
1442,2359.0,3.0,504.0,686.0,298.0,354.0,514.0
1443,2794.0,3.0,528.0,1525.0,167.0,203.0,368.0
1444,1811.0,0.0,541.0,811.0,40.0,78.0,341.0
1445,1070.0,1.0,536.0,279.0,68.0,135.0,51.0
1446,2452.0,7.0,892.0,1042.0,95.0,288.0,128.0
1447,540.0,0.0,123.0,133.0,29.0,134.0,121.0
1448,7079.0,13.0,2163.0,1918.0,1041.0,1092.0,852.0
1449,541.0,0.0,48.0,245.0,2.0,50.0,196.0
1450,945.0,0.0,216.0,456.0,33.0,106.0,134.0
1451,1352.0,2.0,145.0,1052.0,40.0,67.0,46.0
1452,2037.0,0.0,495.0,720.0,56.0,391.0,375.0
1453,584.0,30.0,7.0,397.0,8.0,116.0,26.0
1454,706.0,6.0,115.0,323.0,69.0,99.0,94.0
