TAZ1454,emp_sec11,emp_sec21,emp_sec22,emp_sec23,emp_sec3133,emp_sec42,emp_sec4445,emp_sec4849,emp_sec51,emp_sec52,emp_sec53,emp_sec54,emp_sec55,emp_sec56,emp_sec61,emp_sec62,emp_sec71,emp_sec72,emp_sec81,emp_sec92,TOTEMP
1,0,11,0,61,87,222,697,57,666,5379,1307,6127,4,1299,35,405,52,674,221,200,17504
2,0,0,0,659,113,483,3089,502,373,6610,1196,8533,1222,1271,297,685,195,1465,879,85,27657
3,0,0,0,182,34,33,149,4,136,207,97,350,4,109,133,12,2,689,133,72,2346
4,1,0,0,111,160,1768,893,41,2158,4477,494,5850,5,1112,92,343,88,704,655,390,19342
5,0,0,0,85,2603,226,6249,24,299,437,249,2542,18,563,280,719,197,3487,1786,69,19833
6,0,0,0,14,38,27,274,0,27,43,44,118,0,142,45,272,186,1944,716,5,3895
7,0,0,0,24,20,20,480,0,71,23,340,282,0,120,9,47,64,7816,781,0,10097
8,0,0,0,29,8,48,602,11,264,92,228,226,0,60,62,591,99,1357,293,345,4315
9,0,5,0,440,23,80,230,105,117,144,1046,616,0,192,417,1198,503,829,482,10680,17107
10,0,0,9,558,452,116,369,78,519,243,116,361,8,97,70,583,86,649,574,1081,5969
11,0,0,0,141,171,153,4711,17,3768,120,355,524,0,123,398,622,140,1962,436,76,13717
12,0,0,0,72,96,140,1413,23,595,547,202,1598,0,407,239,431,731,3999,363,92,10948
13,0,0,0,275,46,156,1246,346,225,3708,547,9223,9,372,1574,290,25,493,495,236,19266
14,3,0,8145,263,58,99,1261,134,617,9234,197,7728,0,336,541,152,114,424,287,583,30176
15,0,5,429,57,217,93,588,52,1093,2649,163,5617,13,425,93,106,31,1190,452,456,13729
16,3,19,266,401,617,33,3696,101,3847,3283,310,6343,0,345,71,441,103,953,353,3895,25080
17,0,0,0,247,180,75,992,24,1305,88,440,1446,6,116,25,128,76,288,176,130,5742
18,8,0,0,1021,246,394,577,20,1002,64,313,976,0,165,53,455,245,616,815,32,7002
19,0,0,0,141,378,458,2429,19,108,83,90,1018,0,83,28,178,27,149,355,4207,9751
20,0,0,0,429,469,292,757,259,310,82,103,590,0,204,340,759,123,436,480,796,6429
21,0,0,0,79,601,69,619,87,185,240,138,880,4,70,138,249,96,402,299,108,4264
22,9,1,16,270,707,116,1059,32,417,2741,1423,6670,114,889,11,305,182,1040,267,254,16523
23,0,0,0,195,233,277,2891,165,1453,473,543,3008,0,159,48,70,87,521,280,10,10413
24,15,0,57,193,350,115,613,83,1071,1764,782,4189,204,1177,293,1139,96,1137,340,67,13685
25,0,0,0,0,97,84,333,1,25,239,33,105,0,83,1,174,2,603,334,0,2114
26,0,0,5,6,53,26,266,15,47,803,127,1349,0,91,19,129,15,192,401,34,3578
27,0,0,0,8,38,12,141,9,45,45,50,10,0,70,163,647,13,54,175,0,1480
28,0,0,0,5,0,4,32,0,73,2,143,34,1,12,82,18,21,777,180,0,1384
29,0,0,0,53,12,29,24,13,17,18,129,92,0,65,33,65,8,1449,416,0,2423
30,0,0,0,82,2,41,170,5,94,9,99,122,0,15,1,55,105,580,182,16,1578
31,0,0,0,6,11,12,129,13,15,26,97,88,0,14,191,976,93,446,143,3,2263
32,1,0,0,243,20,47,350,148,85,116,234,162,0,78,88,1702,27,760,269,10,4340
33,0,0,0,16,34,21,275,0,2,49,93,122,0,15,77,191,26,410,189,0,1520
34,0,0,0,15,13,25,191,6,20,0,46,53,0,9,2,17,83,457,119,0,1056
35,0,0,0,14,16,1,50,3,4,28,58,54,0,4,6,46,14,55,52,111,516
36,1,0,0,70,76,65,385,13,20,174,54,89,0,68,63,163,72,974,165,133,2585
37,0,0,0,41,129,38,196,60,83,201,53,435,0,175,29,450,144,894,102,0,3030
38,0,0,0,19,25,40,157,0,35,28,90,375,0,16,93,39,50,42,82,0,1091
39,0,0,0,41,2,8,64,0,20,8,27,28,0,8,284,6,113,458,27,24,1118
40,0,0,0,63,11,64,4858,10,13,82,158,231,0,133,379,16,57,850,1383,86,8394
41,9,0,0,105,441,203,1431,163,530,102,707,1500,6,245,145,210,340,3686,223,537,10583
42,2,0,0,32,18,5,10,2,4,2,28,85,0,17,4,331,12,10,52,41,655
43,0,0,4,14,10,9,497,4,29,49,109,120,0,3,83,94,166,451,204,0,1846
44,0,0,0,39,3,24,122,12,19,59,237,130,0,97,191,179,50,396,143,0,1701
45,0,0,0,111,9,48,685,21,53,196,304,333,3,53,173,241,118,548,493,0,3389
46,0,0,0,54,4,13,254,6,126,46,164,89,0,53,42,637,28,48,87,91,1742
47,0,0,0,34,18,20,449,5,31,50,69,376,3,47,14,1305,10,214,123,0,2768
48,0,0,0,15,17,1,102,0,6,3,47,39,0,28,284,111,20,32,133,0,838
49,6,1,0,72,1,14,29,0,18,94,49,39,0,12,528,72,0,114,261,5,1315
50,0,0,0,18,48,1,455,0,24,63,38,156,11,40,54,108,14,945,246,20,2241
51,0,0,0,14,6,8,24,2,12,17,18,15,0,6,159,9,38,15,124,0,467
52,0,19,0,56,510,56,220,648,402,361,453,306,4,99,156,434,269,111,356,346,4806
53,0,0,0,9,216,0,54,5,9,9,1,2,0,3,58,1139,993,109,35,241,2883
54,0,0,0,25,9,10,268,14,19,31,38,38,0,16,45,99,16,79,34,0,741
55,0,0,0,5,0,0,11,5,3,2,9,11,0,15,0,8,5,17,86,0,177
56,0,0,0,11,0,2,0,0,0,0,0,327,0,0,0,1775,552,19,11,0,2697
57,1,0,0,12,0,6,3,0,0,9,19,37,0,11,0,0,9,2,2,0,111
58,0,0,0,21,11,28,100,3,4,18,29,39,0,18,240,108,4,223,102,0,948
59,0,0,3,114,6,17,42,9,58,23,27,60,0,34,417,480,28,135,61,4,1518
60,2,0,0,19,3,13,31,0,3,0,8,19,0,4,96,53,0,12,16,0,279
61,0,0,0,11,4,1,79,2,1,31,4,27,0,10,11,175,0,145,39,19,559
62,0,0,0,31,15,18,179,0,25,60,48,121,0,28,94,195,21,335,168,0,1338
63,0,0,0,29,28,0,72,15,6,53,29,69,0,17,82,50,3,132,32,0,617
64,0,0,0,27,17,61,181,12,16,31,52,24,0,35,88,105,5,137,150,2629,3570
65,0,0,0,28,11,26,417,19,188,218,67,112,3,59,93,207,34,570,143,15,2210
66,14,0,0,103,58,57,276,11,204,91,113,207,0,102,71,310,69,547,513,8,2754
67,2,0,0,59,21,6,1486,29,13,52,36,53,0,14,2,76,14,98,188,0,2149
68,0,0,0,3,3,3,65,0,18,18,2,41,0,8,0,468,13,84,46,8,780
69,0,0,0,28,2,11,537,14,109,32,18,60,0,6,284,3546,405,90,181,0,5323
70,0,0,0,76,36,17,620,16,36,194,115,208,0,231,156,5026,10,423,118,1130,8412
71,9,0,0,49,12,12,214,0,14,74,42,102,3,45,107,715,49,189,941,38,2615
72,0,0,0,79,19,20,108,21,45,30,130,127,0,25,173,905,31,133,237,5,2088
73,0,0,0,11,15,9,349,2,34,15,54,92,0,53,72,393,38,281,206,0,1624
74,2,0,0,112,41,36,316,10,39,61,98,68,0,42,46,3290,390,1522,181,0,6254
75,0,0,0,107,8,3,709,4,311,61,248,296,0,143,52,976,4,338,361,8,3629
76,2,0,5,12,0,4,438,5,21,390,70,253,0,42,220,173,2,236,74,813,2760
77,0,0,0,8,0,2,295,11,3,29,88,49,0,222,114,543,57,259,101,11,1792
78,0,0,0,5,0,0,18,3,1,6,158,26,0,15,8,129,15,86,54,476,1000
79,3,0,0,86,42,59,252,3,62,32,148,413,0,267,844,288,146,686,252,802,4385
80,0,0,0,8,1,14,35,0,3,0,14,27,0,15,1,74,17,109,46,0,364
81,0,0,0,63,21,49,118,6,52,13,41,80,0,40,158,1937,58,527,353,0,3516
82,0,1,0,55,1,6,659,11,11,73,74,70,0,39,27,119,0,314,105,0,1565
83,2,0,0,4,1,0,29,0,2,5,56,76,0,5,71,275,13,24,9,0,572
84,0,0,0,14,4,17,110,0,15,4,36,62,0,4,39,55,32,70,71,12,545
85,0,8,0,57,32,14,217,39,10,30,40,102,0,15,45,94,39,218,335,41,1336
86,0,0,0,25,6,4,67,0,47,3,71,76,0,0,269,818,2,90,103,67,1648
87,0,0,0,18,6,1,72,0,3,3,27,36,0,13,400,352,10,72,62,0,1075
88,0,0,0,33,39,19,758,11,36,23,179,72,0,24,228,327,13,372,93,11,2238
89,1,0,0,20,27,60,142,2,30,8,10,62,0,39,249,64,10,243,80,0,1047
90,1,0,0,15,3,0,115,16,78,4,9,216,0,21,19236,13354,67,201,79,14,33429
91,0,0,0,18,4,3,21,3,2,12,17,34,0,0,82,92,3,4,4,0,299
92,0,0,0,3,4,0,9,3,19,0,6,18,0,1,52,553,17,9,20,542,1256
93,0,0,0,18,1,18,49,6,30,0,9,71,0,29,126,20,1,27,16,0,421
94,0,0,0,11,8,28,278,24,14,27,34,90,0,13,61,126,30,336,99,0,1179
95,0,0,0,15,15,3,34,5,12,4,36,71,0,8,89,42,4,83,14,5,440
96,0,0,0,33,9,0,36,0,16,5,17,42,0,10,5,18,4,84,45,0,324
97,0,0,0,10,26,6,128,8,3,20,30,106,0,12,108,62,16,200,42,0,777
98,1,0,0,20,3,13,265,0,6,35,158,48,0,39,63,67,10,113,70,0,911
99,0,0,0,12,0,2,62,4,5,2,69,39,0,4,163,58,2,114,270,0,806
100,0,0,0,146,72,69,358,65,128,98,173,241,0,141,475,470,33,550,229,20,3268
101,0,0,0,96,101,101,492,4,71,117,166,133,0,114,132,431,68,708,245,5,2984
102,0,0,0,10,2,3,123,19,36,14,30,75,0,11,9,58,9,352,195,444,1390
103,0,0,0,19,17,0,186,11,14,46,77,83,0,2,148,50,5,273,101,0,1032
104,0,0,8,44,15,16,356,0,38,19,218,32,0,10,225,80,85,375,304,54,1879
105,0,0,0,38,0,18,167,14,47,24,60,122,0,15,189,192,15,441,229,0,1571
106,0,0,0,632,70,83,744,58,67,112,127,243,35,65,230,460,135,483,633,1338,5515
107,0,0,0,405,1421,1128,2332,371,193,101,439,1147,32,27,127,552,248,733,747,4372,14375
108,0,4,5,289,207,812,645,265,958,28,131,524,0,60,255,187,143,343,152,4,5012
109,0,0,0,143,83,56,1479,14,266,42,347,930,0,112,38,498,1408,636,166,128,6346
110,0,0,0,164,342,67,641,303,63,76,53,804,0,24,345,465,21,36,28,0,3432
111,10,0,0,872,572,265,426,44,80,11,126,584,4,75,86,65,94,356,168,25,3863
112,0,0,0,47,98,28,204,8,115,11,18,146,0,5,91,48,9,93,24,11,956
113,2,0,0,121,10,131,38,84,4,0,28,53,0,117,73,146,26,47,31,11,922
114,0,0,0,74,187,5,75,5,77,17,0,192,0,57,235,32,10,36,87,0,1089
115,0,0,0,25,4,6,18,4,10,0,13,23,0,28,17,474,5,4,88,305,1024
116,0,0,288,206,160,171,273,26,456,10,30,618,0,62,273,126,121,307,275,122,3524
117,0,0,0,39,14,14,72,6,41,13,4,43,0,0,349,43,6,25,21,0,690
118,0,1,0,168,4,10,48,3,11,5,30,27,0,3,21,11,10,91,64,0,507
119,0,0,0,13,17,5,83,0,0,6,0,3,0,12,11,4,8,121,77,0,360
120,0,0,0,55,9,18,79,1,15,6,19,15,0,12,126,84,17,63,46,3,568
121,0,0,0,92,20,17,124,0,17,10,5,39,0,35,3,25,13,6,31,0,437
122,0,0,0,59,0,53,24,10,8,4,19,47,0,6,141,86,12,78,35,14,596
123,0,0,0,58,28,18,415,4,10,38,34,195,0,56,8,1560,25,420,98,161,3128
124,0,0,0,23,12,2,64,31,23,16,19,162,0,1,68,34,12,61,31,0,559
125,0,0,0,12,3,4,13,3,0,0,3,28,0,2,90,3,3,79,36,4,283
126,0,0,0,26,12,3,9,3,0,0,16,19,0,8,4,14,1,21,9,13,158
127,0,0,0,18,13,5,33,0,56,55,10,33,0,15,121,50,17,130,20,0,576
128,0,0,0,32,12,6,47,0,117,8,15,49,0,14,45,69,16,115,76,0,621
129,0,0,0,44,2,14,16,3,46,10,19,52,0,8,19,16,62,0,54,0,365
130,0,0,0,47,13,2,203,1,3,30,21,55,0,31,153,10,16,33,35,44,697
131,0,0,0,52,4,15,38,17,2,4,12,44,0,14,44,17,2,6,6,0,277
132,0,0,0,30,11,9,297,0,17,45,24,42,0,12,133,62,36,72,68,0,858
133,0,0,0,50,8,24,90,1,11,15,59,89,0,30,130,60,9,41,47,8,672
134,0,0,0,126,24,0,150,6,34,92,23,67,43,33,56,171,18,69,111,63,1086
135,0,0,0,24,123,6,105,0,9,1,0,3,0,3,102,31,27,102,25,0,561
136,0,0,0,8,1,3,3,2,0,0,1,11,0,2,0,659,0,1,0,0,691
137,0,0,0,81,0,6,25,2,0,2,0,9,0,3,3,6,6,39,6,0,188
138,0,0,0,35,58,10,187,12,28,34,11,33,0,14,552,109,1,153,151,5,1393
139,24,0,0,98,75,107,83,31,0,0,30,13,0,19,142,2,11,6,53,0,694
140,0,0,0,32,0,12,5,5,2,2,0,4,0,8,65,5,0,26,9,0,175
141,0,0,0,23,4,11,38,5,21,14,0,12,0,9,5,16,0,40,89,2,289
142,29,19,295,1990,802,1714,2184,4390,885,24,338,602,0,279,210,282,92,733,389,1522,16779
143,0,0,0,76,42,25,151,4,0,26,8,64,0,8,88,88,0,43,40,60,723
144,0,0,0,9,3,61,23,0,3,0,27,95,0,47,80,85,3,0,56,0,492
145,0,0,266,228,26,167,16,0,0,1,45,49,0,0,0,115,0,0,40,0,953
146,0,0,0,13,15,58,30,36,2,0,9,112,0,0,0,9,3,9,3,0,299
147,0,0,0,487,144,199,268,160,72,15,89,137,0,26,4,67,4,101,375,8,2156
148,0,4,0,564,482,269,86,109,11,0,57,132,0,485,56,71,44,16,152,45,2583
149,0,0,8,75,24,400,40,2,26,73,72,117,0,442,38,138,208,28,56,14,1761
150,0,0,0,352,185,49,239,121,83,9,617,96,0,137,17,16,11,96,99,97,2224
151,0,0,0,3,0,1,4,0,0,5,4,3,0,4,9,15,4,11,22,0,85
152,0,0,0,17,12,0,14,0,18,0,3,9,0,65,121,10,2,6,13,0,290
153,0,0,0,11,0,25,2,0,0,0,0,6,0,3,0,6,0,1,10,0,64
154,0,0,0,32,9,6,50,5,2,25,4,8,0,10,21,85,0,24,32,0,313
155,0,0,0,10,0,0,5,0,5,0,14,1,0,2,38,59,0,16,11,3,164
156,4,0,0,11,0,0,2,0,0,0,3,1,0,0,0,1,0,0,2,0,24
157,0,0,0,2,0,0,9,3,0,3,6,11,0,6,0,34,0,0,3,0,77
158,0,0,0,46,6,12,28,6,10,3,23,71,0,4,146,21,15,3,5,25,424
159,0,0,0,16,4,2,21,1,4,0,5,1,0,10,61,0,2,8,12,0,147
160,0,0,0,20,0,2,17,13,2,0,0,5,0,4,131,33,3,6,2,0,238
161,0,0,0,18,2,0,10,0,0,0,35,14,0,0,64,8,0,26,24,0,201
162,0,0,0,38,10,3,62,96,2,34,9,58,0,24,5,47,0,59,30,1,478
163,0,0,0,12,0,6,11,8,0,2,0,0,0,2,65,0,5,3,19,0,133
164,0,0,0,36,12,6,118,8,2,6,5,44,0,10,44,134,4,142,154,6,731
165,0,0,0,161,54,45,243,90,18,56,33,109,0,55,323,208,18,188,129,3,1733
166,0,0,0,36,4,3,54,3,6,8,11,91,0,9,150,53,14,141,79,26,688
167,0,0,0,34,16,0,31,0,0,2,3,10,0,3,20,58,5,6,92,0,280
168,0,0,0,36,0,3,47,9,19,27,27,43,0,16,33,89,38,73,198,6,664
169,0,0,0,124,28,41,129,2,11,88,147,104,0,46,249,228,16,135,137,70,1555
170,0,0,0,74,47,39,252,9,90,172,262,210,0,104,238,214,34,338,285,25,2393
171,0,0,0,18,5,6,180,0,2,16,62,46,0,5,41,57,0,77,39,0,554
172,0,0,0,32,10,10,163,0,86,41,68,47,0,21,89,56,147,69,67,0,906
173,0,0,8,23,3,1,25,10,14,18,50,43,0,20,0,4,0,1,10,0,230
174,0,0,0,17,1,5,19,0,1,0,8,25,0,3,67,101,8,8,20,0,283
175,0,0,0,47,64,9,188,8,32,65,38,111,0,26,53,150,38,538,174,0,1541
176,0,0,0,9,4,0,157,6,32,32,20,45,0,35,133,69,4,64,38,43,691
177,0,0,0,212,123,52,284,78,60,152,71,116,0,90,61,209,23,327,142,55,2055
178,0,0,0,24,13,3,34,4,3,35,17,25,0,5,92,91,13,54,39,0,452
179,0,0,0,78,25,0,36,6,21,0,0,21,0,11,147,17,2,49,55,1,469
180,0,0,0,20,0,0,73,0,14,2,5,17,0,16,8,28,0,71,48,0,302
181,0,0,0,16,0,0,31,4,3,10,1,24,0,10,88,46,2,53,21,0,309
182,0,0,0,40,20,35,58,3,3,0,5,17,0,5,17,42,5,39,67,0,356
183,0,0,0,30,3,18,156,0,2,8,6,29,0,6,248,133,3,30,39,27,738
184,0,0,0,31,3,32,233,122,3,75,55,46,0,28,57,153,2,184,70,0,1094
185,0,0,0,49,21,29,149,15,16,165,307,123,2,14,304,279,4,323,305,107,2212
186,0,0,0,99,10,6,74,30,14,80,64,82,0,60,71,501,29,211,43,23,1397
187,11,0,0,24,5,9,310,4,6,72,129,47,0,35,278,528,3,101,44,6,1612
188,0,0,0,10,13,3,2233,14,319,90,61,13,0,170,30,120,301,461,150,23,4011
189,0,0,0,27,4,17,12,14,9,8,57,25,0,17,905,32,13,86,19,0,1245
190,0,0,0,6,0,0,4,5,0,0,28,20,0,11,122,114,531,24,36,90,991
191,0,0,0,13,0,6,125,5,0,37,27,26,0,6,71,46,83,298,34,73,850
192,0,0,0,27,37,8,834,35,46,97,127,62,0,5,12,70,14,385,77,0,1836
193,11,0,0,150,3,87,55,204,0,92,317,53,4,32,93,206,100,294,191,749,2641
194,2,0,0,137,0,19,118,19,6,11,34,21,0,34,216,2973,2,17,47,16,3672
195,0,0,0,6,0,8,123,0,4,0,6,9,0,5,223,30,39,0,13,0,466
196,0,0,0,17,5,0,12,0,2,0,4,15,0,9,51,46,4,33,43,0,241
197,0,0,0,0,0,3,11,0,9,14,3,8,0,1,0,35,1,143,8,12,248
198,0,0,0,0,15,12,60,57,3,11,40,0,0,0,85,499,4,15,29,0,830
199,0,0,0,12,19,4,2101,9,164,350,276,52,0,11,14,193,54,932,86,105,4382
200,0,0,0,17,10,54,2567,37,24,17,34,34,0,74,6,21,673,384,902,118,4972
201,2,0,0,174,23,46,149,54,2,57,53,37,0,41,62,73,18,146,181,58,1176
202,0,0,0,48,0,5,89,9,3,4,8,12,0,1,172,85,24,5,8,3,476
203,0,0,0,106,2,60,288,12,500,91,87,90,0,104,39,555,183,171,123,69,2480
204,0,0,0,61,13,21,144,46,49,29,40,39,0,52,63,146,25,154,144,0,1026
205,0,0,0,11,2,3,8,3,0,4,3,1,0,27,64,4,2,4,4,0,140
206,0,0,266,16,8,0,0,9,4,0,10,3,0,1,16,26,1,3,10,0,373
207,0,0,0,13,87,59,135,10,2,1,21,8,0,3,127,52,673,120,39,1,1351
208,0,0,4,410,1424,1320,2655,997,588,44,75,1015,0,905,55,170,64,348,276,295,10645
209,0,0,0,18,2,2,18,11,1,0,1,9,0,13,296,48,0,14,34,28,495
210,0,0,267,65,64,23,128,92,6,11,0,38,0,253,1,46,0,52,64,0,1110
211,0,32,0,162,50,50,308,93,34,245,34,209,43,99,32,175,39,428,222,90,2345
212,11,0,4,1704,3101,5124,2816,4061,331,243,452,4312,9,1069,312,1152,179,2078,1573,494,29025
213,0,0,0,42,3,10,229,15,112,78,33,34,43,75,152,429,59,185,84,19,1602
214,0,0,0,69,1,18,32,9,0,12,15,9,0,24,55,50,11,96,27,132,560
215,0,0,0,376,32,111,259,194,45,97,47,129,0,106,16,108,52,61,39,209,1881
216,0,0,0,9,8,38,343,17,4,3,6,0,0,1,145,1587,1,3,3,1,2169
217,0,0,0,61,0,9,83,1691,0,2,1096,10,0,14,67,199,2,159,14,0,3407
218,0,0,0,13,5,0,30,0,3,259,35,18,0,8,54,329,0,6,2,0,762
219,0,0,0,41,0,2,214,2,0,2,6,1,0,5,43,31,20,81,34,0,482
220,0,0,0,10,2,9,89,20,0,8,18,11,0,26,43,88,1,54,34,0,413
221,0,0,0,30,0,0,27,0,0,4,9,6,0,5,0,1,1,2,4,0,89
222,0,0,0,77,4,2,213,14,16,10,29,23,0,11,42,130,48,173,56,14,862
223,2,0,21,69,24,60,126,21,30,14,54,84,0,118,153,65,11,113,86,50,1101
224,6,0,0,212,18,20,74,20,11,27,39,88,0,58,74,23,75,35,71,116,967
225,0,0,0,90,29,15,201,14,13,34,35,90,0,34,33,111,85,360,96,15,1255
226,6,0,0,57,5,12,238,29,38,35,18,21,0,23,241,56,33,177,77,0,1066
227,0,0,0,26,55,0,5,4,0,10,8,17,0,8,184,15,1,0,16,0,349
228,0,0,0,0,0,0,0,0,5,0,0,0,0,0,0,0,0,0,2,43,50
229,0,0,0,10,3,2,8,15,12,0,10,11,0,0,169,69,4,21,166,5,505
230,0,0,5,26,98,31,429,20,21,54,24,17,0,1,71,188,62,318,64,0,1429
231,0,0,0,11,3,13,1,13,0,8,10,12,0,10,6,62,0,5,2,0,156
232,0,0,0,19,0,6,28,10,3,5,9,16,0,24,73,140,0,91,6,6,436
233,0,0,1,16,0,9,141,0,2,9,52,16,0,14,85,29,1,13,30,0,418
234,0,0,0,62,59,100,3102,268,156,425,125,573,0,94,19,179,27,1393,285,128,6995
235,0,0,6,47,0,2,27,5,11,27,8,15,2,13,105,175,6,25,35,133,642
236,0,0,0,56,2,6,212,12,2,11,55,20,0,13,212,42,57,152,72,0,924
237,0,0,0,40,49,37,291,90,14,99,287,77,0,33,49,179,379,577,229,35,2465
238,1,0,0,63,31,58,144,149,0,4,14,2,0,54,43,88,10,32,239,68,1000
239,0,0,57,49,32,13,262,1644,21,84,18,39,0,337,10,42,55,2079,90,101,4933
240,2,0,107,93,26,115,604,47,136,230,132,156,0,110,102,279,4,1520,219,13,3895
241,0,0,0,41,0,0,18,0,0,0,4,9,0,5,65,106,4,2,232,0,486
242,0,0,0,8,0,6,11,5,0,0,3,0,0,2,57,5,0,0,4,26,127
243,0,0,0,12,1,6,24,0,0,5,5,8,0,3,15,4,3,6,5,0,97
244,0,0,8,233,16,19,231,88,42,49,43,19,0,98,89,188,93,97,60,176,1549
245,0,0,0,19,0,4,10,3,4,0,9,8,0,0,181,10,0,6,0,11,265
246,0,0,0,75,39,130,291,21,24,93,179,165,0,212,292,3343,92,107,317,84,5464
247,0,0,0,27,0,5,9,4,2,9,18,12,0,4,0,30,5,1,201,0,327
248,3,0,129,1136,1560,807,1014,1250,192,544,866,1161,0,1352,116,824,275,2680,579,262,14750
249,12,0,0,309,56,157,550,419,30,179,97,343,38,2004,170,200,123,607,274,54,5622
250,0,0,0,150,15,25,187,27,12,18,41,52,0,104,78,161,10,20,135,5,1040
251,2,0,0,142,227,151,1532,12,188,447,782,408,3,98,65,183,44,785,679,128,5876
252,3,0,27,74,5,10,12,6,0,15,18,19,0,35,443,10,61,9,43,405,1195
253,0,0,0,15,3,0,10,0,4,6,6,13,0,31,56,0,2,6,42,0,194
254,0,1,0,18,12,0,166,3,10,31,4,46,0,26,143,6,2,0,5,0,473
255,3,0,0,107,4,14,75,16,3,14,24,18,0,76,208,38,1,12,78,94,785
256,0,0,0,33,12,15,32,8,105,50,181,112,0,105,64,132,62,18,62,0,991
257,0,0,0,171,140,92,1000,35,544,427,482,717,0,181,550,1267,87,1192,522,35,7442
258,0,0,0,38,35,52,117,0,17,41,75,113,0,6,13,476,12,45,173,3,1216
259,0,0,0,33,10,30,227,11,0,9,35,30,0,57,202,70,6,114,134,5,973
260,0,0,43,282,63,50,319,101,30,34,105,135,0,185,251,102,54,134,160,52,2100
261,0,0,0,119,24,16,39,70,5,17,8,190,0,32,75,37,87,102,135,14,970
262,0,0,0,44,10,0,70,42,3,3,33,2,0,143,55,29,29,67,27,30,587
263,0,0,0,49,28,1,9,0,14,0,12,19,0,12,2,23,0,0,10,0,179
264,1,0,0,34,35,15,128,20,29,35,34,175,0,35,134,249,33,325,85,1,1368
265,0,13,0,54,161,33,2014,25,413,369,199,1112,0,74,3,309,13,587,57,0,5436
266,0,0,0,427,3012,863,2268,34,4383,7189,446,1428,0,388,212,499,294,942,256,538,23179
267,0,0,0,16,1,1,61,5,11,9,37,42,0,2,82,226,21,4,16,0,534
268,0,0,0,219,3,20,24,56,0,10,19,111,0,20,111,34,107,16,11,375,1136
269,0,0,0,17,16,1,30,9,3,13,29,44,0,61,81,38,23,88,33,0,486
270,0,0,0,2,0,4,14,6,5,0,20,2,0,5,5,1,0,0,43,0,107
271,0,0,0,81,4,15,43,34,29,40,20,100,0,70,9,25,4,65,49,8,596
272,0,0,0,8,9,13,140,10,17,38,17,20,0,27,107,59,0,148,69,0,682
273,0,0,0,9,0,19,4,2,2,4,38,5,0,0,0,0,0,5,12,0,100
274,0,0,0,27,73,27,231,20,151,388,134,155,0,67,3,86,12,130,115,5,1624
275,12,0,0,273,486,59,884,74,35,312,113,445,0,67,71,114,39,233,155,28,3400
276,0,0,0,15,0,8,25,4,0,0,12,6,0,5,0,75,0,23,26,0,199
277,0,0,0,31,8,16,212,1,17,33,18,14,0,70,70,77,0,142,96,175,980
278,0,0,0,186,32,63,728,21,45,2802,261,173,0,303,121,204,130,565,228,0,5862
279,0,0,0,141,247,30,1496,345,127,141,97,918,0,172,78,392,15,332,188,2,4721
280,4,0,0,74,108,65,597,54,57,718,708,721,0,116,143,148,39,169,204,42,3967
281,0,0,0,47,25,24,171,28,52,191,34,948,0,159,206,602,17,145,199,419,3267
282,0,0,16,61,186,58,203,489,391,686,86,217,0,131,81,27,177,179,71,632,3691
283,0,0,0,27,2,0,57,6,2,0,8,13,0,11,175,10,1,0,23,0,335
284,0,0,0,379,49,90,2854,103,34,105,158,202,0,129,44,1790,59,534,251,2555,9336
285,3,0,0,11,5,3,18,4,12,3,6,3,0,0,128,25,5,0,20,0,246
286,0,0,0,89,28,43,464,15,35,148,46,87,0,47,139,167,20,332,117,12,1789
287,0,0,0,53,171,16,214,16,77,73,76,86,0,81,398,131,42,267,173,149,2023
288,0,0,0,23,18,6,30,1,12,12,57,11,2,9,535,107,0,81,35,0,939
289,0,0,0,57,19,0,94,3,5,3,4,35,3,5,49,6,2,6,28,0,319
290,0,0,0,14,0,11,16,0,1,8,10,16,0,4,0,3,3,55,19,0,160
291,0,0,0,26,13,271,174,5,38,170,34,65,0,120,404,89,6,75,50,102,1642
292,32,0,0,5,0,0,15,0,283,5,4,15,0,5,84,60,5,0,30,600,1143
293,9,0,8,119,38,83,69,53,17,4,35,89,0,31,82,302,18,140,78,17,1192
294,0,0,0,86,14,26,52,25,0,0,17,56,0,53,75,39,60,688,61,25,1277
295,1,0,107,206,38,548,476,54,18,41,79,87,0,53,85,31,20,193,93,24,2154
296,57,0,19,122,103,581,427,31,61,176,173,266,0,134,201,234,534,1123,167,224,4633
297,159,2,2,73,27,83,204,16,13,20,4,69,0,25,131,313,71,217,59,80,1568
298,6,0,0,64,20,20,131,0,36,91,60,188,2,74,189,252,69,92,194,38,1526
299,16,0,11,71,11,13,34,2,9,19,83,26,0,26,96,31,47,179,59,92,825
300,2,0,0,82,0,15,99,4,15,84,66,72,0,25,0,9,56,18,28,40,615
301,2,0,4,94,13,7,57,36,2,19,21,140,0,33,308,75,32,61,186,6,1096
302,0,0,0,42,15,41,18,0,18,0,12,48,0,19,53,40,7,33,43,6,395
303,1,0,0,60,0,24,18,4,12,0,38,22,0,65,103,264,1,6,4,0,622
304,11,0,0,38,0,5,7,2,4,6,4,22,0,17,82,179,14,0,6,11,408
305,0,0,0,12,2,0,9,0,0,0,6,5,0,4,40,22,0,3,11,0,114
306,0,0,25,27,2,2,6,0,5,0,2,10,0,5,0,73,6,7,20,0,190
307,0,0,0,16,3,11,35,1,0,3,5,34,0,15,116,30,2,6,18,0,295
308,0,0,3,216,14,44,54,81,115,25,80,114,0,51,92,87,19,3,48,3,1049
309,5,0,0,139,97,77,766,1171,120,186,358,390,0,93,192,442,50,904,645,1271,6906
310,1,20,575,1346,2098,877,2346,158,500,669,214,1238,4,973,147,1071,206,313,655,1352,14763
311,0,0,0,142,1873,247,1709,46,9701,591,213,6426,0,321,168,574,268,535,642,73,23529
312,0,0,56,11,1712,0,12,0,56,2,32,109,5,15,91,57,9,30,6,11,2214
313,0,0,0,1017,385,425,1049,62,1219,97,75,598,0,344,42,582,105,109,49,245,6403
314,1,0,16,1209,825,120,852,324,68,259,58,341,0,275,177,220,20,161,174,231,5331
315,10,3,0,660,383,168,2189,190,281,627,325,1001,0,295,227,2635,236,1472,594,3518,14814
316,0,0,0,96,19,12,21,7,4,11,34,355,0,17,60,275,0,5,13,33,962
317,0,0,0,41,3,19,47,5,10,13,48,18,0,21,358,252,12,122,193,4,1166
318,0,0,0,6,16,0,56,6,2,103,57,25,0,19,62,47,12,74,62,0,547
319,0,0,0,32,4,2,3,3,0,0,1,17,0,22,95,11,2,0,22,0,214
320,0,0,0,81,18,12,63,21,12,33,28,37,2,13,69,44,9,49,63,68,622
321,2,0,0,42,6,12,204,2,4,37,20,108,0,18,44,72,6,61,60,0,698
322,0,0,0,27,6,9,73,16,10,52,11,96,2,10,190,76,6,53,29,0,666
323,0,0,0,45,9,18,485,11,20,4,37,29,0,40,4,87,2,119,186,0,1096
324,0,0,0,21,10,22,188,6,2,40,27,28,0,36,7,78,4,167,129,0,765
325,0,0,0,28,2,0,28,15,1,12,3,9,0,4,47,181,4,28,14,0,376
326,0,0,0,100,5,28,312,5,0,7,14,31,0,32,10,43,7,212,75,37,918
327,0,0,0,49,17,20,182,0,10,31,32,48,0,53,11,154,1,237,88,5,938
328,0,0,0,77,36,34,131,7,14,35,7,33,0,51,209,51,4,56,97,32,874
329,0,0,0,464,934,170,337,29,21,9,36,260,0,93,90,202,64,44,212,174,3139
330,0,0,5,46,53,5,49,10,0,6,5,256,0,13,115,4,3,43,27,0,640
331,0,0,0,259,1063,165,515,198,1200,232,49,1909,0,173,89,272,38,231,71,29,6493
332,0,21,6,104,1009,457,99,114,32,47,90,402,0,482,339,138,0,96,194,205,3835
333,0,0,0,67,6,29,749,11,21,13,25,18,0,16,284,216,3,118,149,31,1756
334,0,0,5,59,0,4,79,123,11,12,34,28,0,5,523,96,13,36,48,5,1081
335,0,0,2,28,0,20,24,9,17,183,170,659,11,110,36,152,1,404,47,1,1874
336,0,0,0,43,44,0,106,1,15,57,28,113,0,22,145,127,140,12,24,161,1038
337,0,0,0,1,0,5,9,12,6,10,0,13,0,9,96,781,0,21,22,28,1013
338,0,0,0,4,4,0,11,2,0,1,0,33,0,11,0,14,454,0,125,0,659
339,0,0,0,19,0,7,2,1,10,10,0,22,3,16,285,18,10,0,14,119,536
340,0,0,5,71,34,17,260,2,414,511,110,1817,0,66,93,280,88,235,277,8499,12779
341,0,0,0,253,90,29,1179,98,43,340,451,667,0,231,153,814,24,986,546,7,5911
342,6,0,32,46,7,1,46,3,3,15,43,46,4,15,642,125,15,21,102,0,1172
343,0,0,0,35,0,4,29,0,11,7,0,25,0,4,109,17,0,6,24,0,271
344,0,0,0,9,0,6,11,0,6,7,0,26,0,7,81,10,4,12,1,0,180
345,0,0,5,52,3,16,96,68,0,36,68,52,0,16,7,61,9,83,67,0,639
346,52,0,0,37,43,13,134,4,67,1917,142,2727,6,514,104,76,105,544,185,13,6683
347,60,0,0,31,73,110,100,1,26,11,21,136,0,100,180,502,23,6,243,0,1623
348,0,0,0,0,0,104,334,0,526,0,0,318,0,24,313,19,0,16,0,0,1654
349,0,0,0,692,3723,27,2141,24,60,749,119,4304,522,89,26,4034,54,220,120,0,16904
350,0,0,0,6,63,0,15,6,32,118,66,220,0,0,103,55,1,266,3,0,954
351,0,0,0,72,66,37,745,10,208,195,62,580,0,122,308,417,32,703,316,52,3925
352,0,0,0,0,0,0,0,0,0,0,0,0,0,0,63,4,0,0,3,0,70
353,0,0,0,4,0,0,0,0,0,0,0,0,0,0,0,94,0,21,3,0,122
354,0,0,0,6,0,22,186,22,1037,27,52,54,0,52,1965,166,100,107,281,63,4140
355,0,0,0,70,375,16,3968,34,153,66,110,275,0,65,4130,5372,91,2024,475,0,17224
356,2,3,13,602,179,67,1459,115,438,1232,849,1908,32,319,207,1741,77,1983,839,1888,13953
357,0,0,0,34,23,8,74,17,20,40,8,59,0,9,137,148,31,0,40,47,695
358,0,0,0,141,20,10,92,18,25,15,5,471,0,64,156,63,46,10,34,59,1229
359,0,0,0,27,0,7,18,3,11,15,20,41,0,17,109,53,0,22,33,0,376
360,0,0,0,2,2,10,55,17,5,47,10,21,0,0,119,78,0,19,59,0,444
361,0,0,0,34,6,26,140,19,5,18,31,80,0,14,143,64,48,99,104,0,831
362,3,0,0,84,2124,27,207,17,18,9,324,337,0,29,327,463,69,26,71,5,4140
363,0,0,0,6,2,0,30,6,1,0,47,16,0,5,241,294,2,17,108,0,775
364,0,0,0,7,4,14,74,0,6,6,3,4,0,0,57,136,10,66,59,7,453
365,0,0,0,55,39,14,402,3,21,111,65,13,0,0,28,51,0,150,215,56,1223
366,0,0,0,327,2219,30,412,16,94,41,101,135,0,132,50,390,185,286,235,0,4653
367,0,0,0,5,8,25,75,0,11,0,60,50,0,2,625,38,9,257,45,3,1213
368,1,0,9,96,1,11,68,16,11,30,39,57,0,44,123,56,3,0,163,44,772
369,0,0,0,19,14,8,1026,0,17,68,77,267,0,24,136,208,0,404,73,0,2341
370,0,0,0,166,13,135,702,22,76,438,687,601,0,220,60,153,88,540,437,201,4539
371,0,0,0,54,109,83,363,3,22,115,41,242,0,61,308,176,5,267,51,10,1910
372,0,0,0,101,31,6,1023,3,38,104,120,186,0,20,63,196,125,391,103,0,2510
373,0,0,0,5,0,6,319,6,3,6,6,9,0,4,92,24,5,45,17,0,547
374,0,0,0,817,364,454,1118,159,147,27,162,634,0,278,109,129,44,346,545,0,5333
375,0,0,0,14,1,0,1,5,3,0,38,1,0,0,0,42,0,0,15,0,120
376,8,0,0,194,193,416,266,48,38,79,108,142,146,115,765,47,20,38,141,10,2774
377,0,3,0,197,26,70,122,32,60,79,76,316,1,85,233,213,6,133,71,110,1833
378,0,0,5,121,59,54,535,78,316,183,85,1207,3,182,38,434,43,1145,216,778,5482
379,0,0,0,15,9,3,126,13,327,17,29,59,0,18,100,53,0,49,25,0,843
380,0,0,0,9,3,0,67,9,0,1,49,6,0,2,19,64,89,92,10,1,421
381,0,0,0,112,4,24,332,331,53,183,76,136,0,199,146,192,8,318,141,8377,10632
382,0,0,0,5,2,0,24,0,2,20,3,62,0,14,144,59,11,40,11,0,397
383,0,0,0,7,15,2,188,57,3,26,10,33,0,8,240,2908,0,59,112,0,3668
384,0,0,0,3,5,7,169,3,5,0,10,41,2,15,166,47,31,39,44,0,587
385,0,0,0,18,0,2,8,0,0,2,5,16,0,3,52,17,162,0,68,0,353
386,0,0,0,3,0,3,6,0,0,3,9,16,0,7,49,28,2,0,7,0,133
387,0,0,0,87,1,17,245,3,15,15,29,63,2,25,52,63,4,38,95,0,754
388,0,0,5,69,16,25,60,38,10,41,30,144,0,33,354,700,10,52,38,0,1625
389,0,0,0,5,48,13,380,8,10,32,27,104,0,8,72,830,0,185,71,3,1796
390,0,0,0,16,21,4,264,17,1,20,20,33,0,3,37,74,0,94,86,0,690
391,0,0,0,15,16,6,170,20,3,26,60,38,0,5,15,181,3,115,50,0,723
392,0,0,0,2,0,6,77,17,1,2,50,7,0,2,0,13,0,44,29,0,250
393,0,0,0,6,194,20,278,4,1,16,34,25,0,26,143,102,25,110,119,0,1103
394,0,0,0,79,61,17,118,103,4,79,48,47,3,4,101,86,24,241,263,1289,2567
395,0,0,0,169,681,25,1159,0,125,6,63,181,0,344,0,44,64,244,46,20,3171
396,0,0,0,24,1099,260,390,7,54,27,25,339,0,14,10,725,21,131,84,0,3210
397,2,0,0,75,454,736,433,0,139,2,37,264,0,26,0,44,235,0,24,104,2575
398,0,0,0,57,51,34,197,4,0,0,144,178,0,23,116,52,37,30,193,0,1116
399,0,0,0,34,373,168,750,4,1603,162,76,691,0,507,16,133,4,0,36,0,4557
400,0,0,0,17,13,3,23,5,0,0,18,45,0,8,49,47,3,73,15,0,319
401,0,0,0,167,267,322,722,373,7540,527,119,1450,3,324,271,416,238,252,129,726,13846
402,0,0,0,10,44,5,3,2,4,0,3,51,0,0,17,6,54,0,1,5,205
403,0,0,54,450,4926,558,617,31,648,716,193,1845,0,295,79,347,6,238,173,0,11176
404,3,0,0,85,8967,440,162,15,2181,150,51,763,0,2399,129,91,100,64,29,310,15939
405,0,0,8,7,183,184,2036,0,30,29,15,234,0,6,0,237,0,756,215,0,3940
406,0,0,0,241,5601,817,1371,4,2212,107,96,1279,0,27,27,214,2,856,87,0,12941
407,2,7,0,1783,5603,1708,1476,599,235,237,246,1292,8,729,40,174,860,254,651,264,16168
408,0,0,0,169,2204,1144,1310,84,587,846,65,1136,8,790,2,98,73,356,708,606,10186
409,8,0,0,229,11464,448,580,136,995,71,185,3195,17,182,83,258,20,1,495,106,18473
410,0,0,0,52,4582,115,679,1107,747,25,106,132,26,1,3,120,0,148,21,1313,9177
411,0,0,16,0,0,0,0,313,0,0,0,19,0,0,0,0,0,0,0,0,348
412,0,0,0,387,15834,920,723,5,1194,48,371,1305,8,221,184,42,9,528,113,2,21894
413,0,0,0,29,47,6,149,0,130,32,404,781,0,5,59,54,14,390,31,27,2158
414,0,2,0,2072,3203,950,1016,536,89,40,226,782,0,572,85,387,42,323,477,17,10819
415,4,4,6,131,13765,588,2130,24,2923,169,274,3856,0,333,564,223,2794,1379,551,37,29755
416,0,0,0,69,513,76,577,45,205,53,206,690,4,38,68,85,64,686,39,23,3441
417,0,0,0,334,434,344,737,0,416,627,15,998,731,0,79,26,0,59,13,0,4813
418,0,0,54,437,1327,341,776,1,57,8,42,554,0,17,0,124,20,247,93,0,4098
419,1,0,0,11,0,0,42,16,1,0,11,28,0,9,42,81,16,133,0,0,391
420,0,0,0,16,0,0,38,528,52,0,8,10,0,11,51,44,16,45,27,0,846
421,0,0,0,96,14,15,92,52,33,9,70,91,0,33,0,47,6,61,27,0,646
422,0,0,0,72,321,225,135,34,30,8,160,317,0,26,0,19,33,276,30,3,1689
423,0,0,0,26,5,0,61,6,4,9,13,5,0,7,53,6,0,69,10,0,274
424,0,0,0,107,100,30,52,61,88,14,44,111,0,79,127,101,34,274,99,10,1331
425,0,0,0,1,1,1,85,1,0,0,28,3,0,28,84,75,0,60,17,0,384
426,0,0,0,27,1219,0,243,6,5,2,30,56,0,2,1,50,17,19,102,21,1800
427,2,0,30,231,10296,1031,1211,17,731,138,57,887,0,182,422,343,207,130,138,38,16091
428,0,0,0,144,2114,833,2401,54,636,324,252,2164,4,207,44,270,52,705,88,23,10315
429,0,0,0,411,10428,756,394,0,55,76,0,656,0,255,8,46,177,364,75,0,13701
430,0,0,6,179,4559,886,981,67,238,53,186,3334,78,143,83,100,42,93,274,0,11302
431,0,0,710,254,325,541,277,54,180,26,43,718,0,84,44,134,11,30,44,0,3475
432,0,0,21,1669,3102,1420,1372,592,445,32,194,997,0,586,63,248,63,110,488,187,11589
433,0,0,55,165,6,101,63,15,63,55,22,62,0,55,69,111,32,113,108,1514,2609
434,0,0,0,414,1207,24,472,767,280,15,356,95,0,91,1,14,213,326,47,124,4446
435,0,0,313,472,2617,601,2759,235,604,866,613,2254,213,1056,179,452,465,1559,206,108,15572
436,0,0,0,3,7,25,160,0,21,26,7,18,0,9,158,538,1,142,36,0,1151
437,3,0,0,9,7,0,309,16,3,7,27,6,0,25,11,43,14,210,48,0,738
438,0,0,0,17,0,27,192,5,41,17,15,32,0,6,253,50,25,194,68,42,984
439,0,0,0,21,6,5,75,4,106,47,11,9,0,126,59,131,294,275,120,0,1289
440,0,0,0,18,31,0,136,6,64,4,46,54,0,9,129,122,1,138,45,0,803
441,0,0,0,45,17,19,124,47,38,53,103,497,0,3,243,59,3,207,97,6,1561
442,0,0,0,20,0,0,121,0,4,10,27,13,0,5,16,21,7,49,62,0,355
443,0,0,0,13,0,9,6,1,0,0,16,4,0,4,197,23,3,0,76,0,352
444,0,0,0,21,52,6,89,16,5,14,39,52,0,21,203,111,10,335,167,0,1141
445,0,0,0,54,0,15,367,17,86,42,91,29,0,23,1,3,8,429,21,0,1186
446,0,0,6,33,87,96,90,50,166,0,33,69,0,51,0,18,11,65,71,96,942
447,0,0,0,4,5,3,144,5,0,4,25,10,0,8,55,68,21,85,47,0,484
448,0,0,0,20,22,6,493,18,30,90,468,78,0,13,122,112,92,413,139,21,2137
449,2,0,0,1,18,13,1140,5,8,15,114,24,0,22,40,381,50,233,103,0,2169
450,0,0,0,217,193,27,766,15,272,220,138,526,0,98,120,303,85,452,156,41,3629
451,0,3,0,15,4,5,530,2,30,28,31,11,0,7,63,46,6,419,96,0,1296
452,0,0,0,5,5,2,76,9,14,24,0,93,0,2,348,481,16,49,42,5,1171
453,0,0,4,30,30,3,279,7,21,21,34,28,4,5,228,303,8,118,169,3,1295
454,0,0,0,20,14,6,26,0,10,14,18,63,0,2,220,371,7,10,22,0,803
455,0,0,0,3,11,3,92,6,5,37,9,20,0,0,189,169,6,66,33,5,654
456,0,0,0,159,1,32,268,39,80,18,72,87,0,78,53,64,5,209,64,0,1229
457,0,0,0,13,0,9,29,317,15,16,83,13,0,6,79,39,85,29,30,0,763
458,0,0,0,5,0,4,16,21,2,2,3,22,0,10,154,7,7,31,2,0,286
459,4,0,0,48,10,23,79,320,4,27,31,37,0,7,193,146,16,295,100,0,1340
460,0,0,6,33,844,14,986,0,15,71,122,69,0,14,21,283,0,323,23,0,2824
461,21,0,0,26,1,0,48,3,0,19,34,33,0,11,100,912,19,59,28,0,1314
462,0,0,0,102,18,47,805,18,50,111,36,165,0,55,110,133,0,242,157,0,2049
463,0,0,0,10,2,5,350,4,8,20,26,97,0,20,20,120,2,68,71,0,823
464,0,0,0,45,0,0,136,2,3,20,41,20,0,0,20,28,47,108,33,0,503
465,0,0,0,33,46,29,749,30,30,122,186,126,0,33,235,405,53,197,233,22,2529
466,0,0,0,112,106,56,5439,5,49,134,51,84,0,34,88,101,75,619,167,0,7120
467,1,0,0,134,99,67,1050,23,230,436,510,690,0,72,165,503,66,1360,453,27,5886
468,0,0,0,111,13,50,304,34,18,73,93,56,0,299,164,416,19,284,67,22,2023
469,0,0,0,161,3,20,74,0,19,63,45,87,0,26,68,363,19,87,44,0,1079
470,0,0,0,48,10,4,161,1,55,96,154,179,0,83,144,228,15,55,92,0,1325
471,0,0,0,33,61,19,652,8,108,63,59,38,0,24,442,199,0,280,95,17,2098
472,0,0,0,43,18,18,144,7,45,148,129,160,0,170,147,509,7,110,75,1,1731
473,0,0,0,47,10,9,48,7,9,86,32,23,0,74,90,56,8,104,43,28,674
474,1,0,0,48,2,1,47,2,1,4,15,15,0,11,66,18,6,106,52,0,395
475,0,0,0,26,14,40,1208,2,32,66,57,84,0,214,160,80,6,428,156,0,2573
476,0,0,0,90,13,19,449,5,40,103,74,123,2,266,327,409,19,216,75,64,2294
477,0,0,0,33,14,4,151,8,16,9,18,34,0,13,292,106,8,286,90,0,1082
478,0,0,0,13,40,4,1550,21,5,278,133,76,0,19,13,36,4,110,34,2,2338
479,0,0,0,49,3,21,254,10,6,118,65,113,0,15,350,80,54,67,108,0,1313
480,0,0,0,56,11,10,87,8,38,18,30,39,0,33,207,30,3,0,13,4,587
481,0,0,0,8,3,5,119,10,3,16,4,34,0,240,144,22,14,2,16,0,640
482,0,0,0,13,6,7,8,3,4,5,2,42,0,11,71,27,0,0,11,13,223
483,0,0,0,60,41,22,483,2,33,100,42,160,0,33,269,196,14,273,124,0,1852
484,0,0,0,80,111,33,388,10,60,197,266,1016,4,52,107,364,51,398,79,189,3405
485,10,0,263,92,4636,41,627,15,233,266,240,243,0,114,276,395,71,1156,184,0,8862
486,3,0,0,107,26,23,619,13,75,46,213,95,0,33,107,255,39,367,94,34,2149
487,0,0,0,17,25,18,83,3,40,53,80,13,0,16,74,36,70,323,99,0,950
488,0,84,0,18,7,11,76,27,6,9,18,61,0,26,44,380,27,23,48,0,865
489,2,0,0,4,0,7,16,5,5,16,3,25,3,5,323,21,24,0,4,1,464
490,0,0,8,172,55,340,227,27,51,64,200,418,3,60,1493,158,33,194,137,57,3697
491,0,0,0,0,9,2,46,0,0,26,4,20,0,5,59,40,0,48,127,0,386
492,0,0,0,3,9,18,140,0,20,24,102,69,0,0,46,77,10,52,37,89,696
493,0,0,0,28,9,20,32,0,4,73,227,63,0,8,114,164,4,43,98,0,887
494,3,0,0,93,29,21,131,11,5,50,271,95,0,68,226,70,25,47,56,28,1229
495,5,0,0,28,124,11,33,0,14,14,7,45,0,159,92,8,54,0,5,0,599
496,4,0,0,57,25,27,269,1,8,102,46,106,0,30,88,134,56,240,188,0,1381
497,0,0,0,36,28,17,30,4,34,19,17,101,0,67,324,161,10,37,94,110,1089
498,0,0,0,39,9,17,189,4,22,50,181,94,0,20,54,423,6,149,184,3,1444
499,0,0,0,69,13,10,485,1,87,99,32,56,0,27,190,328,161,325,150,0,2033
500,0,0,0,4,3,0,9,0,0,2,9,11,0,0,106,2,0,3,22,0,171
501,0,0,0,17,2,5,178,0,0,18,4,9,0,13,19,49,1,8,16,0,339
502,0,0,0,48,0,2,266,3,2,32,19,33,0,7,109,108,8,38,126,14,815
503,0,0,4,351,55,98,337,99,22,133,214,118,0,258,240,1318,52,168,251,14,3732
504,6,0,7,1630,1015,543,1542,204,378,332,224,1087,0,341,185,776,76,536,651,558,10091
505,0,0,0,50,13,3,62,7,13,27,33,30,0,27,30,20,0,38,37,0,390
506,0,0,0,53,20,8,9,0,2,32,25,373,0,41,138,1519,1,59,68,5,2353
507,0,0,0,9,5,11,102,1,0,16,18,27,0,15,81,6,218,24,143,7,683
508,0,0,0,43,211,27,171,4,1292,218,67,312,0,165,75,140,21,6,180,68,3000
509,0,0,0,80,126,63,263,24,44,171,490,370,0,43,53,247,131,79,265,5,2454
510,0,0,0,17,0,0,13,1,3,1,11,21,0,9,69,13,3,40,52,22,275
511,0,0,8,266,199,86,1290,149,81,219,518,983,0,158,400,842,162,1515,663,436,7975
512,42,0,6,93,0,15,73,3,25,15,7,61,0,55,57,11,21,21,39,52,596
513,6,8,0,16,8,0,11,0,5,0,83,27,0,4,24,10,0,4,27,0,233
514,3,0,0,48,15,10,249,4,5,98,38,61,0,17,192,270,11,68,119,0,1208
515,0,0,0,68,5,14,76,0,4,25,33,44,0,34,262,48,99,9,38,0,759
516,0,0,0,47,2,4,5,0,4,0,5,23,0,27,181,30,2,1,6,0,337
517,0,0,0,71,0,2,219,0,7,26,4,57,0,25,125,1800,2,15,73,0,2426
518,3,0,0,156,37,72,644,4,22,173,141,208,0,122,49,939,57,493,444,7,3571
519,0,0,0,113,987,30,141,139,2,70,135,397,0,123,201,1267,11,61,549,0,4226
520,0,0,0,114,7,16,160,56,33,62,38,54,0,50,81,93,20,77,126,136,1123
521,0,0,0,305,59,75,604,4,53,73,91,147,0,43,127,136,0,456,133,17,2323
522,0,0,0,59,2,2,98,0,14,80,70,43,0,10,119,125,46,197,116,13,994
523,0,0,0,85,1,1,677,195,13,76,21,56,0,21,127,83,137,139,44,0,1676
524,0,0,0,36,0,7,15,2,8,4,13,22,0,24,9,18,3,73,17,7,258
525,0,0,0,38,1,5,30,3,0,2,21,22,0,7,157,157,3,7,43,0,496
526,0,0,0,251,48,52,64,6,13,29,246,87,5,104,326,229,14,32,110,0,1616
527,0,0,0,93,55,19,266,6,65,115,196,186,0,93,276,112,25,492,229,0,2228
528,2,0,7,47,27,4,156,6,10,164,193,144,0,54,53,133,15,125,123,5,1268
529,0,0,0,91,53,59,329,4,8,18,99,148,0,39,48,107,5,101,70,0,1179
530,0,0,3,593,370,154,1503,59,314,694,479,1246,0,465,81,389,27,899,401,0,7677
531,0,0,0,62,15,42,81,10,36,141,270,10660,0,92,122,345,8,154,59,0,12097
532,0,0,0,27,7,8,130,8,5,48,72,61,0,20,6,313,0,44,30,0,779
533,0,0,3,20,34,64,133,5,81,510,298,174,0,85,1080,698,31,227,251,145,3839
534,2,0,0,261,39,77,97,39,23,218,50,384,0,107,127,6846,10,75,400,657,9412
535,2,0,0,41,55,52,327,22,7,44,21,95,0,41,2,623,50,90,209,4,1685
536,3,0,0,73,21,16,375,13,0,32,87,22,0,8,5,101,21,45,43,10,875
537,0,0,0,413,569,230,434,253,88,208,126,126,0,666,101,1034,40,202,205,0,4695
538,0,0,0,36,36,14,311,248,120,30,210,67,2,56,19,49,19,54,135,0,1406
539,6,0,259,663,330,507,762,236,36,33,27,106,0,102,24,137,4389,540,282,60,8499
540,0,0,9,57,91,41,120,6,33,115,248,938,0,139,558,536,26,297,153,182,3549
541,1,0,0,240,74,33,172,29,26,48,53,166,0,42,288,2333,16,116,153,34,3824
542,0,0,0,242,6,178,154,0,34,81,64,477,0,169,389,342,9,39,174,10,2368
543,0,0,0,371,52,39,310,18,139,80,100,330,0,75,1276,479,64,301,68,191,3893
544,0,0,0,75,16,29,172,19,2,22,46,64,0,45,146,156,5,319,143,10,1269
545,13,0,0,26,14,88,93,18,19,65,119,69,0,37,129,341,14,212,150,31,1438
546,0,0,4,702,66,61,171,76,107,562,129,496,42,202,154,208,57,157,258,7921,11373
547,0,0,0,685,283,266,733,33,27,60,201,109,0,539,9,29,2,158,199,76,3409
548,0,0,0,44,4,45,111,28,11,33,39,108,0,25,156,122,25,216,130,0,1097
549,0,0,0,493,210,104,500,68,213,193,202,1186,0,281,214,542,148,176,705,32,5267
550,0,0,0,19,0,3,53,0,2,4,131,31,0,20,18,213,8,51,46,0,599
551,0,0,0,272,265,16,360,1,66,29,15,37,0,36,252,93,110,170,142,16,1880
552,0,0,0,35,23,2,4,17,0,0,8,4,0,17,0,0,0,2,10,0,122
553,0,0,0,25,18,4,16,0,0,8,6,2,0,19,156,16,13,22,36,0,341
554,0,0,0,3,4,20,56,13,19,18,29,93,0,8,5,185,4,102,133,13,705
555,0,0,0,123,26,40,106,2,20,2,34,30,0,36,51,312,24,121,151,0,1078
556,0,0,0,0,0,2,25,4,0,0,4,11,0,0,3469,150,215,38,23,41,3982
557,0,8,2,411,505,57,434,25,1096,88,106,787,10,1170,111,220,189,1280,437,3531,10467
558,21,0,3,532,426,209,1237,110,3395,2012,1147,4694,317,539,77,366,433,5235,464,1256,22473
559,0,0,0,46,17,11,71,0,2,19,80,47,0,25,125,84,19,86,93,3,728
560,0,0,0,84,13,121,75,0,156,14,15,1867,0,53,135,52,2148,667,59,372,5831
561,0,0,0,131,190,247,247,25,19,61,18,44,0,20,13,61,7,132,123,22,1360
562,0,0,0,65,23,15,99,24,2,11,44,29,0,42,6,43,1,72,62,0,538
563,3,1,0,1956,1591,1880,3327,1379,157,150,472,689,0,634,170,720,337,1049,931,439,15885
564,0,0,0,26,4,42,668,7,6,4,61,5,0,10,514,34,44,281,196,0,1902
565,0,0,0,355,109,78,372,3,8,46,72,104,0,80,14,74,13,180,115,0,1623
566,0,0,0,47,55,90,250,16,8,4,18,218,0,256,1,700,5,83,210,209,2170
567,3,0,0,159,351,116,131,33,6,9,145,46,0,134,69,22,104,47,93,21,1489
568,0,0,0,94,51,16,64,103,1,2,13,27,0,19,68,7,0,139,40,31,675
569,0,0,0,9,3,0,14,11,3,6,0,0,0,8,74,63,0,53,19,0,263
570,3,0,0,47,14,7,31,5,4,5,11,9,0,15,57,16,3,79,23,5,334
571,0,0,0,18,3,3,11,3,0,4,2,5,0,4,54,10,18,3,25,0,163
572,0,0,0,32,4,0,7,0,0,0,3,13,0,5,432,7,0,1,16,0,520
573,0,0,0,11,0,0,44,2,0,3,21,17,0,8,27,8,1,100,17,0,259
574,1,0,0,9,4,3,34,5,0,5,10,8,0,29,7,55,0,94,52,53,369
575,0,0,31,15,4,7,78,2,5,5,148,32,0,10,115,23,61,106,2,0,644
576,0,0,0,34,40,17,41,6,75,8,63,46,0,27,9,80,6,6,46,0,504
577,0,0,0,29,3,1,4,3,1,7,0,4,0,21,195,18,14,8,29,0,337
578,0,0,0,25,15,8,150,6,23,23,71,30,0,18,238,79,19,261,76,0,1042
579,0,0,0,259,163,3,401,235,109,28,14,15,0,46,8,68,273,208,34,3,1867
580,0,16,0,155,160,187,81,16,11,10,34,21,0,24,60,33,0,85,11,0,904
581,0,0,0,20,1,0,63,8,0,4,20,68,0,30,117,47,0,25,17,47,467
582,0,0,0,26,21,15,573,6,62,94,115,89,0,81,95,423,10,529,142,0,2281
583,0,0,0,27,68,19,2306,13,162,316,96,49,0,56,148,156,3,1062,262,0,4743
584,0,0,0,10,19,41,45,62,14,24,57,10,0,21,159,50,0,55,56,0,623
585,0,0,0,9,87,6,131,3,11,33,13,8,0,22,61,69,9,60,48,0,570
586,0,0,0,15,5,0,259,6,28,32,5,8,0,24,365,22,3,102,41,0,915
587,0,0,0,3,7,0,25,0,3,10,38,5,0,4,144,17,2,22,15,0,295
588,0,0,0,9,7,0,60,0,2,7,18,51,0,13,68,38,0,99,14,0,386
589,0,0,0,9,3,3,83,21,14,16,30,11,0,22,60,93,3,118,44,0,530
590,0,0,0,18,0,4,134,2,3,14,16,8,0,11,112,44,0,92,14,0,472
591,6,0,0,146,25,27,81,7,7,71,61,42,0,65,247,2058,10,91,124,17,3085
592,0,0,0,9,6,7,87,94,4,11,16,38,0,7,4,21,23,23,42,10,402
593,0,0,4,642,91,272,168,468,6,23,59,107,0,157,117,31,0,66,91,56,2358
594,0,5,0,14,42,5,51,4,0,34,20,15,0,34,0,77,0,30,23,0,354
595,0,3,0,11,10,0,153,0,2,0,41,5,0,13,3,1073,8,87,48,56,1513
596,0,0,2,33,4,6,116,4,7,8,5,19,0,3,459,7,15,133,8,33,862
597,2,0,0,135,222,39,67,86,0,0,41,7,0,67,162,51,4,43,14,10,950
598,0,0,0,25,5,23,354,52,9,20,34,30,0,15,21,29,6,155,74,0,852
599,0,0,0,5,0,2,18,5,1,0,5,21,0,10,4,20,0,0,5,0,96
600,0,0,0,34,1,0,32,21,2,6,1,10,0,17,69,21,3,13,8,0,238
601,0,0,0,70,16,40,98,22,23,93,76,197,0,602,24,129,11,25,59,0,1485
602,0,8,10,2133,466,801,218,102,25,0,24,143,3,573,6,400,51,60,110,5,5138
603,0,26,0,733,565,348,407,85,844,20,16,17,0,444,66,96,16,261,138,1297,5379
604,0,0,0,502,1689,41,71,10,26,27,6,19,0,87,660,177,13,120,67,0,3515
605,3,0,30,1658,3561,2668,3010,2315,583,182,2339,1563,4,546,170,460,54,535,569,144,20394
606,0,0,5,130,468,251,196,119,56,18,157,165,0,47,69,156,10,133,254,3,2237
607,0,0,0,120,107,34,2338,195,66,88,69,189,0,38,249,281,17,1503,182,242,5718
608,10,0,8,819,9648,1171,1062,246,147,194,153,482,0,336,57,896,123,140,205,0,15697
609,0,0,0,221,92,57,377,23,41,131,75,404,0,53,36,102,47,748,80,950,3437
610,0,0,0,25,37,8,67,144,0,0,7,3,0,0,0,0,0,43,0,0,334
611,0,0,0,8,28,48,163,39,124,26,56,60,0,21,158,377,1,239,85,0,1433
612,0,0,0,110,294,418,513,14,21,57,123,213,0,11,34,125,24,211,104,167,2439
613,0,0,0,16,3,5,42,6,4,2,81,0,0,26,67,55,2,149,47,0,505
614,0,0,0,15,120,33,129,0,5,17,4,11,0,10,286,22,34,68,123,0,877
615,3,0,0,18,30,3,19,2,4,14,14,29,0,6,106,45,89,74,25,0,481
616,0,0,0,8,16,1,40,9,0,2,18,13,0,6,113,85,0,70,20,10,411
617,0,0,0,9,20,0,63,2,3,20,25,4,0,14,89,62,0,106,52,0,469
618,0,0,0,24,0,5,1,0,0,0,1,18,0,0,15,6,35,0,16,0,121
619,0,0,0,6,0,10,21,0,0,1,0,16,0,3,154,17,2,0,19,0,249
620,0,0,0,27,25,13,174,0,4,77,96,26,0,20,55,119,67,273,163,0,1139
621,0,0,0,6,3,4,305,0,1,1,17,8,0,19,52,42,1,125,18,0,602
622,0,0,0,20,4,1,24,0,0,3,4,9,0,8,280,49,25,5,17,0,449
623,0,0,0,23,10,7,13,0,0,3,10,8,0,7,45,20,17,1,4,0,168
624,0,0,0,18,22,6,15,0,1,2,11,8,0,11,1,5,0,2,0,0,102
625,6,0,0,68,6,8,175,2,9,55,76,53,0,44,72,85,2,122,49,5,837
626,0,0,0,69,9,3,88,4,0,0,8,47,0,9,297,174,5,14,13,23,763
627,0,0,0,5,29,18,119,3,3,59,68,25,0,6,99,123,4,151,23,7,742
628,0,0,0,47,4,68,36,39,34,5,8,20,0,5,180,25,2,11,24,0,508
629,0,0,0,49,3,18,296,3,8,24,17,49,0,34,65,42,21,71,113,4,817
630,4,0,0,21,2,0,17,1,4,3,46,17,0,18,156,256,3,15,9,0,572
631,0,0,0,20,0,0,6,5,10,0,62,14,0,2,555,0,0,1,5,0,680
632,0,0,0,28,13,16,624,8,13,74,40,21,0,16,247,89,92,259,68,0,1608
633,0,0,0,91,4,7,64,0,33,45,28,33,2,40,492,129,3,112,96,29,1208
634,0,0,0,17,41,3,325,52,43,42,17,25,0,14,68,78,2,127,162,0,1016
635,0,0,0,73,32,25,46,22,24,21,48,28,0,65,111,42,0,23,33,10,603
636,0,0,0,36,0,4,55,0,6,32,7,14,0,22,47,451,0,88,32,0,794
637,1,0,0,61,1,1,13,5,1,8,22,32,0,19,3,1,11,22,124,0,325
638,0,0,0,9,4,0,14,1,0,9,25,14,0,15,126,108,0,53,44,0,422
639,0,0,0,9,2,0,199,0,0,13,27,8,0,13,71,97,14,90,29,0,572
640,0,0,0,7,0,0,16,0,0,0,0,7,0,6,117,276,0,0,9,0,438
641,0,0,0,18,4,0,7,4,0,2,3,5,0,9,421,0,0,0,11,0,484
642,0,0,0,42,3,0,16,4,0,0,9,60,0,22,14,6,4,13,5,13,211
643,0,0,0,14,0,0,0,5,0,1,10,3,0,3,73,11,0,0,7,0,127
644,0,0,0,4,0,0,156,114,2,2,2,1,0,10,1,7,354,6,3,4,666
645,0,0,0,5,0,14,4,3,3,37,175,48,0,14,77,70,3,0,10,0,463
646,3,0,0,17,0,11,11,11,9,13,51,38,0,13,108,52,6,10,43,0,396
647,0,0,0,32,26,2,10,0,2,7,10,8,0,24,4,6,0,0,22,0,153
648,0,0,0,5,0,8,22,3,0,0,6,15,0,42,105,18,9,6,16,0,255
649,0,0,0,13,0,5,358,6,6,11,26,13,0,1,194,86,24,253,53,0,1049
650,0,3,0,23,27,17,47,9,8,10,24,15,0,9,49,147,0,112,23,0,523
651,0,0,0,24,0,33,136,10,49,133,169,32,0,17,346,145,3,225,26,0,1348
652,0,1,0,31,0,7,54,1,5,9,41,11,0,26,0,187,20,36,22,0,451
653,2,0,0,30,25,50,205,0,10,100,31,72,0,46,440,131,3,301,77,19,1542
654,0,0,0,22,38,3,14,0,5,36,52,53,0,14,27,40,155,0,59,13,531
655,0,0,0,50,6,28,116,27,59,24,115,141,0,17,233,52,246,55,98,13,1280
656,0,0,0,143,2976,1304,156,2,46,48,51,856,0,319,231,248,99,246,48,18,6791
657,0,0,0,28,17,6,32,0,1,2,11,13,0,37,0,0,17,8,6,32,210
658,0,0,0,18,7,2,5,0,4,2,6,18,0,48,133,1,0,0,6,0,250
659,0,0,0,16,0,31,145,3,8,10,10,29,0,36,77,32,2,150,20,0,569
660,5,0,23,181,1562,349,617,55,89,163,248,914,3,158,157,372,113,336,341,74,5760
661,2,0,1,36,112,91,496,20,38,40,38,96,0,19,281,10020,48,218,100,14,11670
662,0,0,0,18,0,2,19,1,14,4,10,23,0,17,109,7,1,52,20,10,307
663,0,0,0,52,0,2,16,0,0,3,0,13,0,4,167,18,0,0,13,0,288
664,0,0,0,31,21,3,9,2,3,0,43,16,0,14,68,29,3,6,7,0,255
665,4,0,0,43,10,2,239,0,7,21,20,53,0,20,122,208,7,218,62,0,1036
666,2,0,0,26,4,0,169,0,1,78,61,14,0,11,3,84,5,9,23,19,509
667,0,0,0,17,10,0,125,15,0,14,14,21,0,15,192,153,2,69,43,0,690
668,0,0,0,26,6,4,13,10,2,0,13,17,0,4,13,17,7,213,10,0,355
669,0,0,0,28,16,0,754,1,17,20,32,28,0,11,140,53,0,221,63,0,1384
670,2,0,0,37,7,14,49,19,0,29,10,17,0,21,416,48,3,66,64,47,849
671,0,0,0,14,0,4,209,0,0,5,41,15,0,118,1,22,1,100,22,0,552
672,0,0,0,20,0,7,103,0,0,4,31,16,0,23,47,21,3,14,6,0,295
673,0,0,0,11,20,0,61,5,0,34,0,15,0,14,0,115,11,161,75,0,522
674,0,0,0,262,3,26,231,18,18,53,36,81,0,41,165,112,33,164,122,18,1383
675,0,0,0,36,9,13,148,7,27,324,24,24,0,21,177,103,4,234,85,19,1255
676,5,0,16,124,18,13,863,0,41,106,124,72,0,113,189,237,34,594,264,0,2813
677,0,0,0,33,36,39,2152,4,63,266,327,147,0,59,9,323,225,1436,140,0,5259
678,0,0,0,13,1,0,3,9,0,0,3,8,0,11,137,10,2,22,2,0,221
679,0,0,0,21,4,9,258,0,0,10,19,11,0,8,70,13,0,79,42,0,544
680,0,0,0,22,0,15,677,1,42,32,13,38,0,20,125,42,0,32,108,31,1198
681,0,0,0,53,34,15,138,1,2,101,116,106,10,16,119,165,0,145,66,0,1087
682,0,0,0,69,5,19,194,6,19,31,13,59,0,21,77,67,2,68,60,0,710
683,0,0,0,74,0,5,274,0,6,4,10,28,0,10,59,26,8,11,17,0,532
684,0,0,0,41,13,14,293,8,89,32,11,89,0,40,90,129,50,125,121,47,1192
685,0,0,0,46,0,9,31,0,21,3,16,45,0,16,193,99,163,39,55,13,749
686,0,0,0,88,6,28,106,10,5,22,57,72,0,167,245,47,24,113,96,0,1086
687,0,0,1658,18,19,8,1571,3,2,41,81,50,1,5,111,40,31,542,231,31,4443
688,0,0,0,49,7,23,330,16,31,13,15,40,0,19,243,166,2,199,65,0,1218
689,0,0,0,28,0,6,116,3,0,10,10,25,0,11,57,13,2,15,20,0,316
690,0,0,0,67,6,8,70,2,4,70,188,76,2,76,157,30,0,77,110,4,947
691,0,0,0,31,0,1,13,0,21,1,1,15,0,2,162,16,0,6,6,0,275
692,0,0,0,76,16,29,219,73,20,282,38,190,0,57,61,147,98,125,56,0,1487
693,0,0,0,17,20,13,41,6,17,6,3,21,0,2,317,32,17,31,55,0,598
694,0,0,0,13,7,1,8,13,4,2,5,23,0,6,71,8,18,0,8,0,187
695,0,0,3,51,3,21,39,0,0,8,19,42,0,34,2,6,0,13,3,5,249
696,13,0,0,107,4,7,43,2,0,19,126,829,0,36,52,5,147,19,26,13,1448
697,384,0,242,69,1494,100,74,7,17,0,3,15,0,228,48,2,194,19,40,7,2943
698,53,0,24,26,45,10,343,13,13,11,29,33,0,51,62,133,13,320,61,0,1240
699,192,0,0,43,14,2,72,12,0,7,0,15,0,26,44,3,18,99,19,5,571
700,174,9,0,587,2279,1697,2143,45,77,459,208,582,0,359,371,282,21,561,889,427,11170
701,47,0,0,79,3,28,319,3,11,47,112,85,0,45,97,39,64,236,70,0,1285
702,0,0,0,206,25,318,306,65,49,208,163,184,0,53,272,464,13,338,567,132,3363
703,0,0,0,44,23,2,25,5,0,14,12,18,0,2,13,21,11,30,21,0,241
704,21,0,0,16,44,38,69,2,6,2,57,16,0,10,2,0,338,22,19,5,667
705,7,0,0,60,20,93,167,7,4,7,35,75,0,20,304,122,91,129,54,9,1204
706,1045,0,17,678,4165,394,3752,141,65,28,60,176,0,392,166,680,27,1068,78,128,13060
707,6,0,0,469,229,223,1062,390,100,167,124,201,0,124,162,341,720,553,474,318,5663
708,3,0,23,40,8,9,60,0,5,16,112,45,0,8,179,186,22,15,54,158,943
709,14,3,6,553,38,32,356,13,25,66,52,109,0,113,80,146,59,267,211,17,2160
710,0,0,0,57,7,0,253,0,4,100,80,40,0,5,116,77,2,159,24,24,948
711,4,0,0,44,11,5,18,0,1,112,16,50,0,13,127,16,12,6,20,41,496
712,112,8,6,151,146,125,128,7,13,53,11,65,0,34,80,167,6,258,58,37,1465
713,44,0,4,218,33,23,179,36,6,3,95,75,0,39,5,17,64,0,20,35,896
714,47,0,0,19,0,3,29,2,1,0,1,1,0,0,14,0,48,13,0,79,257
715,39,0,169,1629,10578,1615,925,241,79,27,121,2124,0,515,100,773,205,615,144,52,19951
716,5,0,0,187,233,89,44,2,38,3,25,62,0,215,217,147,17,78,75,921,2358
717,0,0,0,155,31,31,119,9,4,18,50,66,4,19,247,61,690,63,137,0,1704
718,0,0,0,1232,503,746,574,245,42,69,392,535,0,297,85,96,29,385,151,0,5381
719,0,0,0,61,1,3,80,5,24,2,17,42,0,9,0,51,17,174,28,0,514
720,7,0,5,201,38,10,257,31,12,23,111,14,0,16,650,11,207,91,36,0,1720
721,0,0,8,202,67,69,1191,270,49,113,123,94,0,76,86,267,29,417,227,70,3358
722,0,0,0,92,59,7,38,7,19,21,7,20,0,16,56,62,100,63,50,0,617
723,8,0,5,340,96,83,313,43,97,152,174,140,0,254,61,192,78,422,329,83,2870
724,0,0,18,20,6,12,714,0,26,148,198,160,0,97,150,4615,233,509,328,27,7261
725,0,0,0,17,28,2,89,1,0,5,6,21,0,3,3,16,4,122,33,0,350
726,0,0,0,67,9,16,200,4,7,29,39,84,0,10,107,44,42,32,58,2,750
727,0,0,0,19,0,2,2,0,2,0,1,15,0,3,186,34,1,5,10,0,280
728,6,0,87,810,710,389,1755,116,28,43,157,419,0,445,267,187,135,328,76,13,5971
729,10,0,0,197,509,437,1004,40,25,162,59,263,4,400,434,95,111,344,116,97,4307
730,6,0,38,350,1074,194,2387,68,358,161,119,203,0,276,172,422,35,1203,202,526,7794
731,0,0,0,19,0,0,12,1,0,0,36,6,0,35,3,8,3,8,1,0,132
732,0,0,0,577,714,275,1268,50,54,85,138,213,0,154,394,305,92,286,461,413,5479
733,0,0,0,240,19,65,1706,112,90,159,91,217,0,24,272,282,69,957,355,313,4971
734,1,0,0,546,129,96,113,17,80,105,92,203,0,56,174,208,37,119,169,5,2150
735,16,0,0,65,8,42,129,3,22,6,15,45,0,22,32,17,127,156,27,5,737
736,4,0,0,141,264,99,6248,27,206,470,1214,922,3,236,258,487,5,651,151,16,11402
737,0,0,8,165,773,317,768,186,105,163,117,649,0,316,445,268,18,1207,232,11,5748
738,0,0,0,8,13,15,16,0,10,25,7,193,0,19,49,0,39,5,12,0,411
739,9,0,0,498,347,269,2436,69,556,499,289,1280,0,336,194,486,168,804,547,405,9192
740,0,0,0,186,12,9,292,219,1,22,12,74,0,19,224,251,42,183,138,5,1689
741,0,0,0,34,11,13,67,0,13,43,34,48,0,35,25,65,4,174,77,24,667
742,0,0,0,641,1380,3195,4558,142,2116,764,982,2665,3,583,201,1826,129,1124,320,70,20699
743,0,0,4,490,431,444,506,121,47,30,217,564,4,430,374,436,157,47,241,16,4559
744,0,0,0,136,48,33,152,26,28,8,80,28,0,35,190,362,19,83,228,171,1627
745,0,0,0,84,3,19,30,9,4,11,11,19,0,0,58,22,0,20,37,0,327
746,7,0,0,258,28,215,258,19,55,106,90,81,0,52,50,85,258,235,74,29,1900
747,0,16,0,0,30,5,23,3,10,13,6,19,0,6,21,33,0,0,4,0,189
748,0,0,0,137,3,3,4,2,0,0,0,15,0,14,1,6,35,22,59,0,301
749,0,0,0,17,33,16,50,10,4,53,18,40,0,22,166,220,12,171,26,0,858
750,0,0,31,181,2664,2393,556,89,185,99,57,815,0,291,303,78,37,57,81,0,7917
751,0,0,269,1621,6829,3759,5932,355,1056,84,236,2813,0,438,65,229,94,1298,857,5,25940
752,24,0,212,872,16257,1249,6427,391,468,145,366,1939,4,369,285,424,252,466,625,23,30798
753,0,0,0,78,8,13,18,14,29,2,117,54,0,11,118,49,4,0,19,0,534
754,0,0,0,34,4,30,28,0,6,22,114,59,0,4,230,54,16,104,78,0,783
755,0,0,0,28,19,17,119,3,4,104,164,174,0,28,225,157,31,63,141,4,1281
756,159,0,0,1126,430,149,587,6,8,16,192,89,0,404,307,52,179,43,124,318,4189
757,0,0,0,8,4,13,28,5,3,3,2,16,0,13,45,12,1,4,11,0,168
758,0,0,0,16,0,13,36,11,8,3,16,0,0,0,87,72,1,8,24,1,296
759,0,0,0,30,17,23,41,4,0,0,36,10,0,12,364,114,2,17,152,1,823
760,2,0,0,20,1,3,110,0,5,5,23,23,0,6,48,33,0,42,50,0,371
761,0,0,0,373,118,118,570,191,53,203,207,233,0,272,344,144,150,503,377,30,3886
762,0,0,0,25,3,15,34,14,20,18,25,32,0,14,153,106,113,12,38,0,622
763,0,0,0,0,5,20,66,6,34,153,357,127,0,101,53,605,1,68,49,530,2175
764,0,0,0,28,5,3,472,2,13,18,30,29,0,10,454,391,4,212,100,0,1771
765,0,0,0,22,36,0,406,8,3,21,14,5,0,3,236,71,25,582,116,0,1548
766,0,0,0,6,3,0,50,0,0,31,15,32,0,7,64,49,0,240,102,0,599
767,0,3,0,66,846,635,2188,130,103,189,97,996,0,203,537,181,354,1825,312,39,8704
768,1,0,0,659,1345,906,1153,307,81,8,146,884,0,117,130,101,23,105,152,43,6161
769,1,0,0,12,3415,246,197,5,11,2,33,877,0,217,183,30,19,58,85,5,5396
770,0,0,0,7,119,33,235,25,2,141,67,78,0,10,340,72,105,355,122,0,1711
771,0,0,0,38,0,14,479,0,6,89,63,17,0,36,134,77,4,332,79,0,1368
772,0,0,0,23,7,21,91,6,8,32,29,26,0,5,149,30,0,40,45,0,512
773,0,0,0,156,154,82,210,136,19,52,38,96,0,70,129,152,24,176,210,160,1864
774,4,0,0,138,48,50,220,567,57,77,142,141,0,193,387,161,8,402,716,5,3316
775,0,0,0,40,6,22,50,14,3,29,57,47,0,18,132,93,0,45,125,0,681
776,0,0,0,185,37,24,171,47,39,50,40,141,0,149,430,475,10,5,97,5,1905
777,0,0,0,57,49,19,1651,11,135,650,475,579,46,126,72,2767,1147,1195,207,781,9967
778,0,0,0,354,97,78,129,36,539,172,146,294,0,140,502,2549,38,42,120,866,6102
779,0,0,0,28,7,4,120,5,3,15,417,31,0,2,79,22,18,47,99,0,897
780,0,0,0,6,2,8,35,0,3,72,29,233,0,1,224,51,33,6,94,0,797
781,0,0,0,30,5,28,11,0,0,0,12,17,0,6,35,192,0,24,18,0,378
782,11,3,0,49,17,21,130,6,8,14,11,17,0,13,42,26,5,81,68,5,527
783,0,0,0,19,0,0,13,13,0,2,29,7,0,0,0,0,0,0,0,0,83
784,0,0,0,20,1,18,306,13,22,23,37,24,0,13,228,35,56,221,69,11,1097
785,0,0,0,18,12,14,105,42,0,2,30,12,0,5,91,78,0,22,56,0,487
786,0,0,0,7,0,1,53,5,0,0,83,3,0,0,42,18,3,6,5,0,226
787,0,0,0,7,7,0,119,13,4,35,25,13,0,7,85,24,0,96,64,0,499
788,0,0,0,19,4,46,49,5,0,8,22,33,0,37,99,57,6,29,42,5,461
789,0,0,0,11,0,0,17,0,0,0,3,8,0,6,0,70,0,10,11,0,136
790,0,0,0,14,8,7,14,7,0,0,10,13,0,1,142,20,0,0,1,48,285
791,0,0,0,11,1,0,110,13,10,42,10,35,0,7,13,55,0,94,37,0,438
792,0,0,0,11,0,0,4,6,0,8,0,0,0,5,0,26,0,0,0,0,60
793,0,0,0,16,38,8,94,3,11,33,12,19,0,4,167,68,0,110,58,0,641
794,0,0,0,9,0,0,3,6,0,0,1,4,0,3,0,1,4,0,0,0,31
795,0,0,0,40,126,417,192,157,8,47,42,87,0,103,128,40,6,29,125,143,1690
796,0,0,0,136,451,725,2419,95,267,52,76,166,3,66,83,883,21,1026,122,0,6591
797,16,0,0,202,1749,1767,351,313,15,40,97,183,0,175,228,188,8,271,208,13,5824
798,0,0,0,59,15,28,50,30,20,29,105,43,0,121,326,68,22,154,162,5,1237
799,0,0,0,8,16,4,104,11,11,2,7,15,0,21,22,51,0,39,21,0,332
800,0,0,0,19,16,10,107,5,19,43,50,16,0,8,551,108,35,148,42,531,1708
801,0,0,0,129,358,128,355,93,14,64,32,400,0,19,132,216,8,171,59,99,2277
802,0,0,0,14,4,5,155,8,0,0,4,8,0,4,114,269,0,1,53,22,661
803,3,0,0,10,15,0,18,0,0,0,5,1,0,0,8,32,0,4,366,2,464
804,0,0,0,35,0,0,115,5,0,23,57,15,0,15,73,65,19,97,87,0,606
805,0,0,0,25,2,21,13,0,12,0,10,0,0,2,127,22,29,33,13,0,309
806,0,0,0,528,3725,3066,1585,584,17,59,304,891,0,465,48,377,80,463,444,53,12689
807,2,0,0,8,2,0,62,0,7,11,15,8,0,15,127,287,0,29,11,0,584
808,0,0,0,7,0,0,40,2,0,0,0,0,0,7,207,48,0,6,1,0,318
809,0,4,0,187,736,404,155,432,13,3,16,204,0,72,41,42,0,14,106,0,2429
810,53,21,42,3110,5686,6140,4923,2228,561,507,480,3079,4,771,342,538,81,542,747,38,29893
811,3,0,262,408,246,171,312,410,32,13,65,142,0,120,326,191,11,187,173,48,3120
812,0,0,0,38,30,24,1514,7,69,198,77,149,0,67,102,173,33,660,161,13,3315
813,0,0,0,13,0,5,144,10,7,11,23,2,0,10,127,1038,5,103,76,0,1574
814,0,0,0,3,0,17,45,3,3,2,0,6,0,6,62,3,0,43,10,0,203
815,0,0,0,5,0,0,0,0,0,0,15,3,0,2,56,187,0,0,21,0,289
816,0,0,0,10,0,0,145,4,17,1,4,3,0,5,81,252,10,72,33,0,637
817,0,0,0,45,7,10,61,4,6,17,74,14,0,69,140,63,3,24,50,0,587
818,0,0,0,19,0,0,13,3,2,10,4,6,0,0,196,26,30,19,7,0,335
819,0,0,0,19,3,10,294,2,3,26,39,30,0,11,69,0,14,36,38,5,599
820,2,0,0,59,24,20,120,10,6,2,95,10,0,47,251,62,147,95,96,0,1046
821,0,0,0,12,4,5,29,8,60,18,35,16,0,2,1626,63,4,57,103,10,2052
822,0,0,0,17,4,6,2,4,5,5,17,13,0,16,66,2,4,0,24,0,185
823,0,0,0,69,6,7,30,0,6,0,28,8,0,160,252,162,140,57,85,0,1010
824,4,0,262,34,13,22,548,6,24,35,155,51,0,22,14,20,4,224,173,0,1611
825,0,0,0,2,0,4,19,3,0,2,39,10,0,7,64,3,0,23,33,0,209
826,0,0,0,50,29,79,213,14,36,23,94,30,0,12,90,36,3,99,87,0,895
827,0,0,0,173,13,0,77,172,5,21,30,31,0,28,322,151,73,144,49,2586,3875
828,0,0,0,105,35,75,139,50,10,54,45,43,0,22,117,132,7,71,129,114,1148
829,0,0,0,223,0,5,324,0,4,19,15,47,0,7,4,16,8,55,7,749,1483
830,0,0,0,16,0,15,135,1,1,19,16,11,0,23,148,40,0,125,38,0,588
831,0,0,0,123,43,3,159,0,2,5,10,8,0,8,89,184,0,41,25,0,700
832,0,0,0,10,2,5,45,6,3,44,15,4,0,41,190,44,49,170,78,0,706
833,0,0,0,7,0,1,1,3,0,0,3,4,0,2,113,26,4,0,5,0,169
834,0,0,0,17,114,816,20,144,0,0,5,79,0,40,269,19,0,14,22,0,1559
835,0,0,0,63,5,19,161,45,21,49,45,26,0,50,86,68,10,186,26,3,863
836,0,7,0,8,42,5,225,0,0,0,7,15,0,7,53,17,0,6,15,0,407
837,1,0,0,102,17,19,24,5,7,0,36,21,0,7,171,349,17,7,132,0,915
838,0,0,0,90,0,19,291,8,14,48,58,58,0,23,6,138,6,83,242,15,1099
839,2,0,16,300,110,78,441,52,249,367,384,303,0,420,146,645,136,450,445,869,5413
840,0,0,0,39,0,32,301,16,17,102,87,109,0,57,116,339,18,145,37,15,1430
841,0,0,0,17,13,20,56,0,8,0,32,38,0,4,125,526,7,34,42,0,922
842,0,0,0,36,0,0,112,7,1,39,59,34,0,2,26,40,4,61,73,0,494
843,0,0,0,15,50,0,5,0,4,3,19,15,0,11,0,240,19,0,10,0,391
844,17,0,0,98,6,18,234,3,8,22,71,110,0,66,205,69,97,74,60,0,1158
845,0,0,0,49,2,17,10,3,15,8,4,40,0,17,238,141,12,2,54,0,612
846,0,0,0,34,1,0,44,0,7,50,31,36,0,25,124,53,3,106,58,0,572
847,0,0,0,19,83,4,249,2,35,117,116,157,0,19,30,98,18,308,102,56,1413
848,0,0,0,104,20,33,671,110,12,105,222,72,0,81,78,2384,51,401,1387,3,5734
849,0,0,0,14,3,6,70,2,2,28,10,20,0,1,190,41,23,0,33,0,443
850,0,0,0,40,1,6,5,0,2,7,10,8,0,12,4,19,8,0,217,0,339
851,0,0,0,16,3,4,19,3,2,0,4,7,0,17,17,0,0,3,5,0,100
852,0,0,0,39,1,13,40,3,1,5,10,15,0,14,74,117,21,21,83,0,457
853,0,1,0,26,25,18,30,3,11,2,15,68,0,1,624,977,0,25,16,200,2042
854,4,0,0,8,19,5,66,11,4,8,47,11,0,6,60,24,0,32,56,4,365
855,0,0,0,8,21,44,76,8,0,2,12,15,0,7,106,76,8,51,49,0,483
856,0,0,0,16,0,22,833,2,61,0,33,189,0,2,121,219,2,402,72,0,1974
857,0,0,0,40,4,22,136,47,6,14,85,29,0,23,1302,53,0,41,122,0,1924
858,0,0,0,37,36,26,572,3,2,32,35,30,0,7,60,32,2,324,114,254,1566
859,0,0,0,20,0,0,26,12,4,18,13,6,0,4,69,0,0,96,19,0,287
860,2,11,0,1028,1106,769,800,249,104,67,115,200,0,199,16,313,75,120,84,0,5258
861,0,0,0,295,285,81,39,24,18,78,159,244,0,73,220,136,66,131,80,3,1932
862,0,0,17,641,1315,341,872,331,14,28,88,242,4,92,55,256,35,171,139,116,4757
863,0,0,0,63,48,343,449,5,13,143,56,107,0,17,69,215,84,253,145,3,2013
864,0,0,0,72,141,34,677,163,19,23,134,94,0,109,88,1392,48,132,252,0,3378
865,0,0,0,28,0,0,20,2,0,4,6,2,0,0,242,106,0,62,36,0,508
866,0,0,0,29,0,1,10,5,25,10,14,6,0,21,6,353,8,0,36,321,845
867,0,0,0,31,4,2,53,3,3,2,13,12,0,0,99,57,0,11,53,0,343
868,0,0,0,21,2,8,40,0,26,6,15,20,0,4,60,130,12,60,73,7,484
869,0,0,0,12,7,10,158,0,8,32,48,13,0,4,51,159,129,92,94,231,1048
870,0,0,0,28,67,29,61,0,21,3,23,15,0,6,14516,2,5,31,125,183,15115
871,0,0,0,232,319,120,728,400,148,423,169,721,0,98,83,1114,39,462,385,49,5490
872,3,0,0,237,30,53,1241,15,4,13,57,7,0,39,289,70,45,132,111,0,2346
873,2,63,0,1831,2421,1870,2130,1918,71,65,416,486,0,831,73,291,71,497,414,112,13562
874,0,0,0,43,0,77,36,904,17,3,273,19,0,0,28,0,102,362,107,139,2110
875,0,0,32,1326,815,860,1942,737,408,270,207,712,113,4911,255,593,241,1161,1137,672,16392
876,0,0,0,0,11,7,4,0,0,2,22,0,0,0,0,9,0,0,4,0,59
877,0,0,0,0,0,4,39,11,0,0,0,13,0,1,124,0,0,0,18,0,210
878,0,0,0,85,116,127,65,20,0,4,7,127,0,28,152,68,16,11,83,0,909
879,0,0,0,9,18,10,179,5,70,11,9,15,0,1,27,14,9,7,39,0,423
880,0,0,0,2,0,0,39,2,0,1,0,4,0,2,290,22,0,23,27,29,441
881,0,0,0,11,0,5,4,3,1,0,2,5,0,0,0,17,1,2,11,0,62
882,3,0,0,62,6,9,264,0,7,17,25,19,0,62,0,223,15,49,70,0,831
883,2,0,0,30,4,15,60,2,2,0,37,12,0,3,50,0,167,11,16,0,411
884,0,0,0,52,18,2,17,4,11,61,31,21,0,29,30,62,179,3,54,1,575
885,0,0,0,41,4,4,25,1,2,32,16,159,0,33,670,73,21,34,44,32,1191
886,2,0,0,91,7,38,132,25,4,4,9,27,0,30,63,51,26,18,84,21,632
887,2,0,0,15,2,0,22,1,2,0,7,15,0,9,210,35,0,23,35,0,378
888,0,0,0,4,0,0,31,0,0,0,9,0,0,2,183,11,0,0,25,0,265
889,0,0,0,7,0,0,7,79,0,4,0,0,0,0,16,29,0,18,25,0,185
890,0,0,0,17,0,0,61,0,1,0,0,4,0,2,0,57,10,18,70,0,240
891,0,0,0,7,0,0,48,0,11,15,0,13,0,13,45,19,0,28,105,0,304
892,0,0,7,49,247,132,63,406,3,3,22,106,0,1,0,30,16,62,62,0,1209
893,0,0,0,78,81,312,53,166,36,4,7,11,0,10,105,16,23,17,79,0,998
894,0,0,5,132,457,64,57,80,32,13,162,34,0,128,81,94,7,14,62,4,1426
895,0,0,0,74,15,31,27,19,0,3,22,11,0,66,161,66,0,6,98,0,599
896,5,7,5,438,635,925,353,574,2,113,81,53,0,67,61,4,2,16,178,0,3519
897,0,0,0,10,7,7,90,4,11,10,15,4,0,2,5,26,5,83,83,0,362
898,0,0,0,1,0,195,46,1,12,0,12,4,0,7,23,131,9,16,46,0,503
899,0,0,0,34,11,4,58,0,5,13,18,30,0,0,569,120,0,133,109,0,1104
900,0,0,0,19,2,59,200,3,23,31,33,35,0,48,80,232,0,227,148,487,1627
901,0,0,0,21,2,4,12,5,3,3,33,26,0,17,74,23,0,41,30,0,294
902,0,0,0,1,0,0,73,1,2,0,2,7,0,2,55,17,3,2,13,0,178
903,0,0,0,32,0,3,14,3,3,5,10,25,0,2,89,37,4,3,42,0,272
904,0,0,0,22,0,5,44,0,2,2,5,38,0,3,305,47,28,35,57,0,593
905,2,0,0,12,2,22,52,5,2,1,7,4,0,28,222,21,7,62,61,0,510
906,0,0,0,14,2,5,49,5,2,4,11,22,0,7,53,178,16,59,43,0,470
907,0,0,0,38,0,7,6,3,0,2,5,21,0,14,84,38,1,13,66,0,298
908,0,0,0,21,5,2,66,7,2,45,4,37,0,9,145,20,16,63,44,0,486
909,0,0,0,14,5,1,46,3,7,2,3,28,0,2,97,23,2,64,62,0,359
910,2,0,0,107,4,20,49,11,11,14,37,88,0,65,476,194,18,28,169,21,1314
911,0,0,0,43,5,44,132,3,645,29,6,78,0,5,11583,72,55,100,54,11,12865
912,0,0,0,62,43,2,114,3,7,31,4,81,0,22,163,35,63,84,82,0,796
913,0,0,0,65,17,12,424,7,44,188,418,208,0,66,115,189,53,355,165,38,2364
914,0,0,0,28,7,4,23,1,20,6,9,55,0,3,2,0,6,5,5,0,174
915,0,1,0,29,13,0,27,2,10,12,12,98,0,20,157,49,11,9,14,0,464
916,0,0,0,7,0,2,407,0,0,90,21,42,0,170,657,66,110,123,59,0,1754
917,0,0,0,38,5,27,84,7,21,43,3,41,0,22,194,42,36,0,7,276,846
918,0,0,0,81,23,31,175,18,10,43,77,74,0,38,706,55,51,25,49,96,1552
919,0,0,0,13,1,2,5,0,0,6,1,31,0,2,0,5,0,0,0,0,66
920,0,0,0,10,2,9,13,0,2,2,23,31,0,1,219,10,27,23,14,0,386
921,0,0,0,16,6,11,107,6,34,59,82,39,0,26,32,23,76,99,18,0,634
922,0,0,0,91,28,1,47,0,2,10,18,55,0,27,158,117,6,139,78,0,777
923,0,0,0,14,1,6,100,0,0,31,26,16,0,54,57,11,6,46,55,0,423
924,0,0,0,18,7,0,123,0,9,6,0,29,0,13,209,64,5,36,132,0,651
925,0,0,7,218,54,73,371,67,53,115,52,98,0,172,125,484,21,183,239,57,2389
926,0,0,0,314,1009,108,1038,765,64,86,51,73,3,228,234,564,41,379,365,161,5483
927,0,0,0,3,9,9,60,15,6,11,9,29,0,7,150,978,28,44,64,4,1426
928,0,0,0,20,2,6,61,0,9,3,27,23,0,3,0,156,0,55,76,0,441
929,0,0,0,3,0,0,6,0,3,0,0,11,0,0,128,164,0,18,13,0,346
930,0,0,0,4,2,1,10,2,0,0,2,0,0,3,100,339,0,18,142,0,623
931,3,0,0,21,1,16,12,139,2,0,17,13,0,5,0,5700,7,4,21,0,5961
932,0,0,0,21,0,4,5,0,0,0,0,4,0,3,0,11,1,7,9,0,65
933,2,0,0,19,14,7,66,6,1,0,18,32,0,5,176,43,4,64,97,0,554
934,0,0,0,74,14,17,146,4,9,7,37,44,0,22,94,392,20,79,131,0,1090
935,0,0,0,6,0,10,16,5,0,0,16,9,0,6,1,18,7,6,12,0,112
936,0,0,0,13,0,0,17,1,2,0,4,6,0,16,55,0,2,13,31,0,160
937,0,0,0,13,11,4,318,7,26,25,14,29,0,9,38,25,11,217,61,0,808
938,1,0,0,20,32,5,23,0,27,19,7,74,0,29,32,10,1,0,36,0,316
939,0,0,0,92,54,65,270,452,105,125,207,216,0,66,42,129,36,288,225,0,2372
940,0,0,0,12,10,0,19,0,2,4,22,27,0,3,6,165,1,50,61,3,385
941,0,0,0,4,0,2,4,3,0,0,10,11,0,5,0,125,2,0,6,0,172
942,0,0,0,4,0,18,78,53,11,23,43,113,0,27,129,402,37,98,105,0,1141
943,0,0,0,3,3,0,15,13,59,0,18,111,0,1,228,16,23,3,30,0,523
944,0,0,0,5,2,15,115,1,0,51,28,31,18,3,14,31,0,162,28,0,504
945,0,0,0,55,0,513,19,9,156,252,222,1019,0,165,85,633,100,188,733,5204,9353
946,0,0,0,48,96,340,704,297,298,74,113,275,0,41,410,248,120,113,295,165,3637
947,12,0,0,137,460,758,358,29,13,33,105,193,0,123,640,202,48,433,465,131,4140
948,0,0,0,109,126,39,261,15,14,18,34,149,0,31,29,102,48,240,160,1041,2416
949,0,0,0,79,180,13,186,11,15,19,20,39,2,22,50,184,10,157,101,10,1098
950,0,0,0,27,16,18,152,11,38,113,83,143,0,48,72,104,69,179,124,0,1197
951,0,0,0,18,3,5,42,5,1,19,10,39,0,9,125,23,6,17,52,0,374
952,5,0,7,200,301,803,923,179,10,489,63,319,0,36,80,418,208,109,393,312,4855
953,0,0,0,13,4,6,174,1,4,25,190,59,0,7,91,82,199,238,62,22,1177
954,0,0,0,21,2,4,866,111,52,150,7,21,2,28,41,281,36,438,148,22,2230
955,0,0,0,39,3,18,245,0,142,48,18,123,0,14,297,226,117,547,145,474,2456
956,0,0,0,161,20,19,116,19,25,29,41,58,0,98,157,117,12,79,123,31,1105
957,0,0,0,26,0,0,2,5,1,3,31,6,0,10,128,572,0,0,15,30,829
958,0,0,0,6,1,4,28,9,0,31,29,16,0,5,0,174,13,104,44,19,483
959,0,0,0,14,15,2,104,12,13,34,16,52,0,13,61,42,11,160,117,11,677
960,0,0,0,158,104,90,453,15,54,200,94,454,0,45,75,290,38,334,127,114,2645
961,0,0,0,29,62,3,583,16,0,10,6,107,0,99,117,27,17,20,123,0,1219
962,0,0,0,11,0,0,25,18,0,0,39,2,0,14,241,45,11,53,27,19,505
963,2,0,0,6,5,11,57,3,11,20,33,198,0,2,173,29,19,25,23,0,617
964,0,0,0,47,64,57,12,84,23,0,35,330,0,4,33,65,39,31,12,165,1001
965,0,0,0,9,14,51,57,653,0,11,22,21,0,18,7,10,7,12,25,0,917
966,0,0,7,54,741,266,41,154,224,6,95,129,0,3,115,57,0,20,283,0,2195
967,0,0,11,41,337,474,419,202,92,117,47,1273,4,55,64,358,23,1252,188,141,5098
968,3,0,1069,134,1616,710,830,2204,183,828,195,2654,0,279,615,1344,79,1218,712,592,15265
969,0,0,0,91,90,91,79,48,66,483,228,2099,0,140,80,145,155,450,292,2346,6883
970,0,0,0,522,48,4,107,28,32,370,100,400,0,36,99,461,1046,244,388,1275,5160
971,0,0,6,689,111,222,685,552,796,2095,592,4060,0,867,519,1609,97,588,1262,4894,19644
972,0,0,0,180,85,111,749,6,9,15,77,120,32,6,110,915,27,105,249,0,2796
973,0,0,0,15,10,9,106,19,0,15,75,58,0,17,14,3697,19,111,58,0,4223
974,3,0,0,115,82,25,803,100,52,76,106,139,0,100,141,853,6,498,463,0,3562
975,0,0,0,23,10,19,60,3,1,2,1,43,0,4,291,154,28,64,52,77,832
976,1,0,3,65,65,64,212,65,28,38,84,109,0,66,46,142,11,490,264,186,1939
977,0,0,0,291,53,36,82,110,3,0,27,134,0,29,169,3054,7,89,109,0,4193
978,0,0,0,51,5,35,99,4,13,6,39,9,0,7,149,172,10,49,156,0,804
979,0,0,0,12,21,53,168,5,28,19,104,94,0,164,296,7232,16,244,429,7,8892
980,0,0,0,9,26,19,41,14,0,4,27,6,0,6,76,39,2,5,31,0,305
981,0,0,0,135,3,23,84,3,6,10,79,70,0,101,11,84,28,94,110,17,858
982,2,0,0,17,2,9,7,6,0,0,36,3,0,5,189,94,0,11,61,0,442
983,0,0,31,38,15,0,6,0,6,3,7,9,0,0,0,4,29,5,22,0,175
984,0,0,0,90,129,35,83,19,5,0,3,35,0,74,101,7,20,25,36,0,662
985,0,0,0,0,0,21,30,0,0,1,34,3,0,101,21,15,0,0,46,0,272
986,0,0,0,13,20,217,25,6,0,6,4,0,0,0,9,42,3,9,80,0,434
987,2,0,0,10,29,0,6,5,3,0,7,10,0,4,65,1,14,28,31,0,215
988,0,0,5,399,129,393,1013,961,6,3,28,129,0,271,5,27,20,107,116,9,3621
989,4,0,0,147,108,190,209,52,13,0,17,36,0,6,121,85,0,17,76,0,1081
990,0,0,16,31,104,35,46,34,0,0,14,25,0,13,3,28,11,11,28,0,399
991,0,0,275,514,1699,686,2807,152,1495,525,481,8728,32,703,513,959,462,2626,583,251,23491
992,0,0,0,48,27,44,9,29,7,0,3,12,0,6,3,15,5,37,202,0,447
993,0,0,0,52,96,76,86,80,12,2,4,80,0,11,91,107,17,105,90,0,909
994,0,0,0,18,3,7,23,0,2,3,6,1,0,0,0,1,0,7,10,0,81
995,0,0,0,11,15,13,32,10,14,3,13,26,0,0,72,100,7,6,57,0,379
996,0,0,0,43,170,33,81,18,19,1,18,127,0,9,68,439,4,32,74,0,1136
997,0,0,0,14,1,1,7,13,66,0,14,13,0,6,0,11,18,15,223,0,402
998,0,0,0,51,20,16,511,6,44,49,30,160,2,28,27,260,21,560,184,5,1974
999,0,0,0,20,18,526,432,6,42,110,6,53,0,21,186,447,4,236,165,0,2272
1000,0,0,0,37,5,58,123,11,6,10,30,116,0,2,76,276,13,109,53,0,925
1001,1,0,0,18,0,7,26,5,1,0,12,28,0,29,80,92,0,49,52,0,400
1002,0,0,0,51,13,6,49,4,42,11,92,106,0,1,53,139,58,67,190,61,943
1003,0,0,0,0,7,6,310,2,15,2,2,11,0,0,0,3171,6,35,35,0,3602
1004,3,0,0,20,20,9,140,53,19,39,165,69,0,39,73,61,11,737,277,0,1735
1005,0,0,0,3,2,0,6,0,17,0,3,57,0,10,90,13,44,3,15,13,276
1006,11,0,0,3,21,0,130,3,6,15,22,41,0,3,120,81,39,204,82,19,800
1007,0,0,0,0,0,10,10,0,0,0,22,6,0,4,63,0,0,125,111,0,351
1008,0,0,0,140,57,54,755,55,158,52,85,129,0,58,473,660,111,787,347,53,3974
1009,0,0,0,18,3,1,121,17,2,7,43,34,0,3,32,104,2,129,35,0,551
1010,0,0,0,23,0,6,35,5,21,9,21,140,0,7,201,514,17,36,97,4,1136
1011,0,0,2,33,31,27,635,14,32,29,50,50,0,53,141,482,11,46,271,22,1929
1012,0,0,0,17,1,1,21,2,4,3,17,35,0,35,69,82,12,10,76,14,399
1013,0,0,0,35,17,63,173,35,17,17,9,47,0,3,25,35,25,19,54,4,578
1014,16,1,32,795,5568,961,2623,62,605,115,138,2580,0,441,496,1294,727,1391,576,295,18716
1015,13,0,0,55,6,18,164,48,84,11,31,134,0,14,241,293,3,78,69,45,1307
1016,0,0,0,271,18,6,107,171,39,17,30,47,0,49,183,441,74,157,62,578,2250
1017,0,0,0,5,6,10,58,12,11,6,29,128,0,1,129,155,2,81,44,5,682
1018,0,0,7,143,283,10,606,152,470,217,247,1380,3,261,994,626,342,813,442,1232,8228
1019,0,0,0,29,10,5,59,0,453,3,55,13019,4,13,2871,5381,292,136,159,42,22531
1020,0,0,0,0,0,0,34,0,2,0,10,53,0,12,533,10,13,143,115,0,925
1021,0,0,0,14,86,36,331,30,121,132,110,375,2,61,645,94,118,327,391,7,2880
1022,0,0,0,10,9,3,72,79,25,4,50,4,0,35,15,6,1,65,35,0,413
1023,0,0,0,44,5,5,93,10,44,11,13,38,0,22,196,35,4,161,76,0,757
1024,0,0,0,16,10,4,64,13,0,26,47,59,0,6,70,74,25,141,26,22,603
1025,0,0,0,27,16,27,77,10,14,4,6,28,0,33,110,62,4,104,155,0,677
1026,0,0,1,4,9,0,98,7,0,0,11,15,0,1,149,19,4,16,10,0,344
1027,0,0,0,23,49,11,439,11,26,59,253,107,0,10,128,81,42,468,112,0,1819
1028,0,0,0,6,39,7,14,3,5,2,7,38,0,13,68,9,7,0,17,38,273
1029,0,0,0,28,0,0,29,5,9,0,3,41,0,30,12,19,33,9,9,0,227
1030,0,0,0,13,0,2,13,0,0,2,2,17,0,11,23,32,10,0,7,0,132
1031,0,0,0,85,5,10,38,18,15,10,55,68,0,18,15,25,16,61,37,0,476
1032,0,0,0,4,0,13,35,0,22,2,1,13,0,0,48,19,1,0,14,19,191
1033,0,0,0,28,15,31,305,13,28,88,84,113,0,23,100,172,34,334,170,0,1538
1034,0,0,0,3,0,11,244,17,1,58,25,139,0,17,146,169,9,35,34,0,908
1035,0,0,0,3,9,0,26,0,5,20,36,60,0,6,179,21,38,92,47,9,551
1036,3,0,0,43,26,10,77,55,27,63,14,76,0,33,62,116,3,129,74,4,815
1037,0,0,0,22,0,6,55,6,34,14,31,11,0,5,76,196,15,129,54,0,654
1038,0,0,0,4,22,12,208,0,0,2,0,16,0,3,142,14,15,48,16,525,1027
1039,0,0,0,38,73,6,381,0,3,39,47,62,0,10,4,82,5,203,125,51,1129
1040,0,0,0,9,6,0,69,0,23,3,3,2,0,11,2,74,5,135,39,0,381
1041,0,0,0,3,17,6,664,10,50,73,9,75,0,50,82,150,16,262,284,0,1751
1042,0,0,0,13,0,5,16,0,0,2,52,31,0,2,33,12,6,86,23,0,281
1043,0,0,0,23,27,5,13,0,1,11,20,29,0,17,20,61,11,12,48,0,298
1044,0,0,0,1,3,0,19,0,11,14,18,91,0,5,21,10,27,24,4,13,261
1045,2,0,0,14,6,6,5,0,11,1,1,17,0,3,95,16,6,1,38,24,246
1046,0,0,0,15,8,0,8,0,0,0,3,10,0,3,54,5,1,0,6,0,113
1047,0,0,0,23,9,0,118,3,11,26,52,21,0,15,111,96,103,3,90,453,1134
1048,0,0,0,4,0,8,35,1,12,17,2,27,0,33,82,55,1,39,44,0,360
1049,0,0,0,63,30,13,259,13,8,21,61,40,0,338,30,106,13,268,114,38,1415
1050,1,0,0,374,18,143,493,118,15,25,55,76,0,175,348,94,65,10,90,58,2158
1051,0,0,0,36,8,24,679,79,24,92,35,63,0,31,145,122,6,382,136,117,1979
1052,0,0,0,3,0,11,4,0,2,0,4,33,0,0,2,1,2,0,0,0,62
1053,0,0,0,9,2,0,78,5,0,0,4,20,0,3,146,15,131,1,2,0,416
1054,0,0,0,18,12,0,68,5,0,25,10,19,0,15,24,47,11,72,49,0,375
1055,0,0,4,34,6,14,96,90,17,15,34,29,0,29,56,104,2,67,163,21,781
1056,0,0,0,26,8,6,98,4,204,25,11,16,0,54,129,29,9,86,86,1561,2352
1057,0,0,0,3,16,32,2214,3239,1,2,16,1,0,3,0,30,4,29,58,0,5648
1058,0,0,0,30,11,15,374,18,16,82,20,78,0,280,172,429,337,56,170,600,2688
1059,3,4,266,765,954,1062,1443,93,109,6,81,238,0,317,68,65,36,120,196,396,6222
1060,0,11,0,69,195,163,249,40,0,4,16,17,0,87,246,242,9,94,108,42,1592
1061,4,0,0,76,92,3,157,127,3,36,41,41,0,34,155,115,18,45,119,246,1312
1062,1,65,1,282,750,875,239,278,19,41,293,533,0,181,345,31,97,192,264,100,4587
1063,0,0,0,98,8,2,35,15,10,32,21,26,0,61,58,498,4,20,23,357,1268
1064,0,0,0,4,19,5,46,0,3,0,2,4,0,4,75,54,0,23,56,0,295
1065,0,0,0,12,10,5,64,15,2,10,6,10,0,8,311,106,0,67,70,0,696
1066,0,0,0,13,10,13,556,21,11,96,48,97,0,21,52,2545,49,381,232,271,4416
1067,0,0,0,38,19,39,90,9,5,2,16,9,0,8,236,50,14,73,126,18,752
1068,2,0,0,174,146,178,112,156,0,5,17,26,0,42,57,38,0,1,93,135,1182
1069,0,0,0,286,937,396,1626,219,175,339,532,527,0,439,162,838,141,559,242,145,7563
1070,0,0,0,9,13,3,27,2,0,0,5,0,0,53,113,40,4,29,41,0,339
1071,0,0,0,9,8,8,36,3,0,13,14,5,0,3,53,11,0,53,19,0,235
1072,0,0,0,10,6,3,127,4,12,14,39,10,0,3,228,38,6,178,76,133,887
1073,0,0,0,30,1,0,30,15,4,10,32,21,0,18,119,103,0,64,45,49,541
1074,0,0,0,55,8,19,1569,50,8,72,155,79,0,26,112,423,2,759,215,0,3552
1075,0,0,8,20,9,0,157,10,5,44,127,63,0,16,60,67,2,116,65,0,769
1076,0,0,0,11,0,1,11,0,1,1,1,19,0,2,99,4,1,0,49,0,200
1077,0,0,0,28,18,6,62,3,2,31,6,20,0,16,87,187,44,21,71,0,602
1078,0,0,0,173,10,69,97,98,25,38,113,72,0,192,79,61,8,41,76,0,1152
1079,0,0,0,73,5,19,207,13,4,33,50,49,0,64,313,68,8,87,47,0,1040
1080,0,0,0,11,1,4,179,8,1,23,10,3,0,0,205,90,0,81,28,0,644
1081,0,0,0,12,5,0,0,1,8,0,14,14,0,3,0,8,0,0,6,0,71
1082,2,0,0,81,23,48,167,170,10,29,41,64,0,23,152,181,0,68,101,1,1161
1083,0,0,0,116,1870,87,155,58,31,118,102,307,0,78,120,462,134,174,242,604,4658
1084,0,0,0,30,6,12,59,5,14,24,44,23,0,9,32,127,42,174,44,0,645
1085,0,0,0,16,1,0,244,10,0,8,35,16,0,3,63,32,11,81,10,0,530
1086,0,0,0,172,10,29,207,23,26,43,67,21,0,45,108,112,149,180,54,246,1492
1087,16,0,32,30,15,10,14,44,3,17,4,16,0,52,42,21,48,9,2,0,375
1088,0,43,0,79,21,8,2,39,0,0,3,9,0,0,4,32,4,1,42,0,287
1089,0,536,0,69,15,52,155,86,13,13,46,58,0,38,194,107,8,147,76,19,1632
1090,0,0,6,96,687,17,35,18,5,17,13,21,0,69,209,16,43,104,35,89,1480
1091,0,0,0,20,12,4,196,118,1,24,17,215,0,13,141,3879,11,88,91,78,4908
1092,0,0,0,310,51,41,129,26,160,118,81,184,0,316,98,96,44,192,124,1270,3240
1093,0,0,9,23,0,132,12,0,3,60,28,51,0,0,108,88,15,22,82,1380,2013
1094,0,54,0,226,9,16,44,81,162,11,67,54,0,237,82,105,10,25,10,803,1996
1095,4,753,11,850,882,151,259,172,1,0,221,427,0,175,73,13,1,55,71,186,4305
1096,3,0,0,732,291,661,719,242,55,126,147,655,1,710,70,289,37,289,258,1305,6590
1097,0,0,10,2151,1845,1047,849,963,96,31,102,696,0,726,147,1138,268,213,225,764,11271
1098,0,0,0,66,3,3,5,3,13,15,26,2,0,8,71,44,12,0,8,22,301
1099,0,0,0,118,28,18,70,11,16,11,45,77,0,123,128,178,30,38,86,6,983
1100,0,0,3,175,20,26,537,20,23,46,123,80,2,127,57,54,341,158,118,90,2000
1101,0,0,0,18,5,0,10,27,0,14,34,16,0,5,88,28,5,47,19,0,316
1102,2,24,0,14,1,1,5,0,0,3,1,1,0,5,0,3,38,0,0,0,98
1103,0,16,0,72,3,14,82,5,8,33,18,81,0,5,162,57,20,26,84,0,686
1104,0,0,0,18,4,2,12,0,11,5,2,11,0,11,149,15,18,0,53,0,311
1105,0,0,0,12,4,0,0,0,0,0,3,6,0,1,11,0,0,0,2,0,39
1106,0,0,0,98,4,12,604,3,31,95,39,48,0,30,166,142,44,464,134,0,1914
1107,0,0,0,66,4,9,31,3,0,9,11,14,0,24,11,305,3,88,44,0,622
1108,0,0,0,17,4,10,432,4,10,34,41,23,0,23,130,125,57,227,80,11,1228
1109,0,0,0,52,0,2,51,1,5,1,14,25,0,17,785,213,28,62,44,22,1322
1110,0,0,0,95,40,85,377,18,11,77,44,128,0,104,98,369,15,199,410,137,2207
1111,0,0,0,42,25,2,41,29,14,4,9,285,0,10,124,149,46,89,67,391,1327
1112,0,0,0,33,6,23,60,11,0,2,14,58,0,9,273,2272,27,205,51,8,3052
1113,5,4,271,658,221,141,1548,482,199,814,293,825,0,500,148,657,60,1001,544,91,8462
1114,0,0,0,15,9,9,80,20,0,5,73,4,0,15,92,3,3,2,17,0,347
1115,0,0,0,19,12,3,90,3,11,3,35,8,3,5,0,33,0,14,111,2,352
1116,0,0,0,34,6,8,48,14,0,60,44,20,0,16,353,48,34,2,61,32,780
1117,0,0,0,46,0,0,254,2,4,0,11,111,0,22,0,34,0,0,23,0,507
1118,5,0,267,470,310,141,864,182,87,45,69,101,0,378,220,373,47,54,240,86,3939
1119,0,0,0,162,3,11,147,6,11,14,56,152,0,47,305,127,47,145,98,3,1334
1120,1,0,0,48,29,52,417,5,106,27,114,27,0,22,62,26,72,123,305,5,1441
1121,0,1,3,327,187,217,1767,98,141,947,504,1211,2,6477,492,877,26,1234,435,454,15400
1122,19,0,342,1151,828,679,4710,729,169,1032,244,1303,0,513,383,1008,694,2567,699,694,17764
1123,0,0,0,187,58,369,1127,43,25,23,94,174,0,125,27,249,167,354,87,8,3117
1124,0,0,0,57,17,11,169,11,9,17,20,47,3,14,88,3760,51,207,51,2063,6595
1125,0,0,0,63,2,5,139,0,2,3,4,16,0,26,49,30,33,32,17,0,421
1126,0,0,0,48,10,14,28,18,0,23,28,58,0,34,105,61,100,30,51,0,608
1127,0,0,0,67,114,16,173,0,1,153,46,198,0,43,436,608,116,100,160,98,2329
1128,0,0,0,46,12,17,85,32,12,8,100,120,0,81,112,246,141,97,252,5,1366
1129,0,0,4,47,28,5,145,3,237,8,23,125,0,18,360,422,10,233,97,1071,2836
1130,0,0,0,35,3,4,28,0,2,2,9,22,1,8,27,105,11,0,45,0,302
1131,10,0,0,41,11,13,23,5,22,32,23,76,0,18,22,0,17,9,165,0,487
1132,2,0,0,12,4,0,30,3,3,7,15,33,3,17,383,57,13,0,52,0,634
1133,0,2,0,200,13,81,146,7,130,103,29,248,2,41,109,112,31,43,128,5,1430
1134,0,0,0,225,152,70,508,64,34,104,58,186,0,101,141,126,103,445,293,9,2619
1135,0,0,0,20,11,3,45,3,3,10,23,58,0,98,167,99,192,98,98,0,928
1136,0,0,0,50,2,202,4,6,140,275,97,319,0,23,48,293,7,609,38,12,2125
1137,59,0,4,53,52,78,1422,22,602,893,160,946,0,97,363,1974,20,492,187,17,7441
1138,0,0,0,121,18,19,127,9,10,153,98,119,0,17,302,115,25,135,77,0,1345
1139,0,0,0,6,0,11,20,3,2,5,10,22,0,0,5,13,123,5,7,5,237
1140,5,0,0,114,12,25,105,9,22,12,34,81,0,77,170,308,3,61,185,4,1227
1141,0,0,0,34,30,4,54,0,0,18,11,45,0,21,188,4206,43,41,80,3,4778
1142,4,0,0,88,11,7,17,0,4,2,7,33,0,45,72,30,13,0,15,5,353
1143,0,0,0,43,6,12,35,6,5,133,12,60,0,3,125,1092,12,0,70,3,1617
1144,0,3,0,514,59,66,200,63,36,171,173,808,3,270,65,478,43,78,190,18,3238
1145,0,0,0,434,304,625,2480,444,245,3623,1234,3575,64,798,140,1088,188,2298,1332,1339,20211
1146,10,0,0,154,58,168,3855,83,101,436,482,720,0,219,338,2170,142,1226,293,0,10455
1147,0,0,0,79,12,2,76,0,30,117,35,122,0,16,120,800,6,31,96,1,1543
1148,0,0,0,69,17,7,212,20,9,23,90,72,2,319,14,234,54,12,126,3,1283
1149,0,0,0,188,11,15,93,63,100,27,108,132,0,96,54,231,16,20,147,0,1301
1150,0,0,0,205,114,80,994,43,30,220,161,427,2,127,458,393,27,943,434,34,4692
1151,1,0,0,48,4,7,6,1,9,7,4,36,0,19,172,46,62,0,19,0,441
1152,0,0,0,167,104,121,775,33,48,537,251,424,0,80,156,379,262,487,353,114,4291
1153,3,0,0,132,12,38,74,9,31,64,263,101,0,84,64,180,34,79,120,3,1291
1154,0,0,0,30,22,38,334,41,47,389,89,266,3,97,200,268,210,96,115,221,2466
1155,0,0,0,12,3,11,0,4,7,0,4,35,0,3,1,5,70,0,4,0,159
1156,0,0,1,19,7,0,99,7,7,99,117,110,0,34,25,47,16,194,57,0,839
1157,0,0,0,98,1,34,187,2,26,136,13,119,0,32,242,190,32,79,141,0,1332
1158,2,0,11,120,7,22,214,59,31,42,32,393,2,42,207,52,31,177,162,73,1679
1159,3,0,0,9,6,11,63,6,83,6,13,17,0,27,1291,5,7,38,19,0,1604
1160,9,0,0,42,16,17,95,0,13,37,10,137,5,23,80,81,27,13,37,0,642
1161,8,7,404,375,664,141,1108,18,79,847,1133,902,3,283,504,718,304,1103,642,354,9597
1162,2,0,0,22,0,14,258,30,0,55,23,55,0,2,19,14,15,162,133,43,847
1163,0,0,0,6,6,2,3,13,4,3,7,32,2,13,54,4,0,0,6,0,155
1164,5,5,0,81,2,22,83,0,11,16,16,69,2,15,246,60,136,23,19,38,849
1165,1,0,0,70,12,20,18,2,11,26,28,170,0,22,190,94,85,4,30,0,783
1166,3,0,0,371,123,91,221,158,48,61,119,278,0,164,425,156,6,24,151,44,2443
1167,0,0,166,53,55,97,36,2,123,15,23,92,0,70,7,116,187,96,50,74,1262
1168,56,0,261,724,792,544,1760,356,229,2073,446,2397,0,1469,319,1937,560,1091,722,391,16127
1169,0,0,0,42,19,51,807,0,15,360,276,720,0,37,247,100,4,348,167,0,3193
1170,0,0,0,283,118,285,899,123,214,422,247,762,0,322,289,1033,162,521,694,59,6433
1171,0,0,0,62,1,28,252,16,30,46,63,66,0,43,104,110,1,258,129,4,1213
1172,0,0,0,36,0,13,116,2,5,0,20,12,0,11,91,14,2,61,39,0,422
1173,0,0,0,40,3,0,18,8,2,9,2,16,0,17,224,16,75,14,7,0,451
1174,0,0,0,41,13,30,12,0,0,7,7,24,0,2,172,202,53,16,24,0,603
1175,0,0,7,360,11606,3211,406,51,63,97,406,5321,0,45,206,230,50,382,135,5,22581
1176,28,3,0,229,59,101,796,44,105,213,319,242,2,178,986,596,200,358,274,52,4785
1177,884,0,27,533,74,119,346,76,11,155,197,162,2,201,401,548,163,421,227,61,4608
1178,12,2,16,422,77,125,2361,44,151,247,476,362,0,237,901,2009,138,1491,568,50,9689
1179,42,3,18,1110,103,363,848,160,105,302,382,385,0,237,1161,484,234,495,467,696,7595
1180,0,0,1,237,29,48,106,51,20,22,165,67,0,32,265,47,7,32,106,102,1337
1181,0,0,4,89,3,1,38,35,0,6,19,27,0,13,14,0,126,53,15,5,448
1182,53,0,26,145,144,55,239,6,11,56,103,72,0,69,201,37,34,196,104,87,1638
1183,0,0,29,160,195,185,167,51,0,0,30,18,0,82,94,10,39,102,87,21,1270
1184,0,0,0,24,2,0,18,2,2,0,29,33,0,5,64,43,0,189,17,0,428
1185,0,0,0,217,15,17,841,18,35,55,408,62,2,32,944,127,10,527,140,0,3450
1186,0,0,2,194,6,19,514,10,10,30,189,105,0,42,357,1253,360,109,52,5,3257
1187,0,0,0,74,10,11,386,138,24,69,130,148,0,57,39,372,19,285,231,36,2029
1188,0,11,0,172,70,43,196,220,69,101,51,28,0,16,143,269,11,223,148,0,1771
1189,0,0,13,378,142,341,1651,34,106,119,134,318,0,297,355,341,313,751,509,646,6448
1190,0,0,0,19,0,0,45,2,3,1,35,9,0,3,0,29,0,143,16,0,305
1191,0,0,0,194,36,23,115,32,33,27,45,105,0,163,9,162,3,86,55,49,1137
1192,2,0,0,17,0,6,13,5,0,11,24,1,0,6,0,68,0,0,11,0,164
1193,0,0,0,15,1,2,185,5,5,69,35,40,0,59,44,144,3,132,89,0,828
1194,0,0,0,13,5,13,243,2,12,27,62,19,0,12,68,97,11,32,46,24,686
1195,14,0,0,74,60,37,193,19,89,18,32,34,0,51,167,535,65,154,53,0,1595
1196,0,0,0,22,6,4,18,3,3,18,29,9,0,20,66,23,2,37,52,5,317
1197,0,0,0,12,5,9,699,6,12,18,43,19,0,14,133,415,21,121,74,810,2411
1198,0,0,0,32,7,5,432,44,0,9,29,16,0,51,628,289,0,149,53,508,2252
1199,0,16,0,277,297,238,516,4,20,84,107,113,0,123,427,253,80,317,194,6,3072
1200,1,0,1,60,10,7,299,32,3,51,21,62,0,37,63,146,10,109,74,0,986
1201,0,0,21,148,9,32,34,12,18,9,14,18,0,68,137,31,30,32,51,16,680
1202,0,0,0,4,0,0,215,0,12,62,16,27,0,20,0,29,4,96,48,0,533
1203,0,0,128,53,27,7,12,0,10,5,9,1,0,15,311,0,7,40,20,1624,2269
1204,0,0,0,55,395,98,349,0,0,3,42,4,0,4,1,116,0,83,226,11,1387
1205,0,0,12,136,1121,40,544,49,9,18,35,88,0,56,55,26,24,86,117,27,2443
1206,0,4,5,226,97,170,52,115,14,0,32,19,0,33,102,0,2,22,287,175,1355
1207,0,3,0,5,37,14,13,13,9,0,12,11,0,0,64,4,0,3,7,0,195
1208,2,0,6,13,0,178,89,2,2,5,17,7,0,22,71,80,13,72,65,14,658
1209,2,0,0,4,134,30,34,6,0,3,14,4,0,13,16,0,1,5,26,0,292
1210,0,0,5,28,3,0,37,7,2,33,14,0,0,4,205,0,3,7,39,53,440
1211,0,0,10,1733,2115,1032,1110,323,151,71,200,886,0,157,100,86,68,196,502,189,8929
1212,0,0,0,51,57,30,136,50,33,75,270,113,0,52,126,157,123,279,230,152,1934
1213,0,0,0,22,1,2,112,0,44,43,22,40,0,6,208,72,1,130,67,94,864
1214,0,0,0,175,538,33,92,38,22,18,34,100,0,75,6,65,18,27,53,9,1303
1215,0,0,0,24,6,6,285,2,7,41,18,30,0,3,212,13,9,172,40,0,868
1216,0,0,0,14,0,12,36,0,0,7,7,16,0,14,10,7,4,118,32,0,277
1217,0,0,488,241,64,46,164,2,4,11,19,218,0,10,2,56,14,19,31,44,1433
1218,0,0,0,11,6,0,7,5,18,0,19,11,0,4,0,32,0,6,1,0,120
1219,0,0,0,24,0,0,6,0,2,1,1,18,0,6,58,12,0,22,39,661,850
1220,0,3,0,34,14,11,112,6,5,14,32,24,0,150,54,58,0,100,11,0,628
1221,0,0,0,51,1,2,10,6,0,11,9,9,0,14,135,9,73,56,16,0,402
1222,0,0,0,2,0,0,10,2,10,1,24,9,0,19,63,0,9,19,16,0,184
1223,0,0,3,409,116,101,267,183,0,19,47,56,0,49,9,63,2,60,50,116,1550
1224,0,0,0,46,13,9,104,264,34,61,104,91,0,29,81,153,23,165,170,418,1765
1225,1,0,0,283,32,34,91,21,190,50,66,107,0,186,146,91,58,15,101,490,1962
1226,0,0,0,7,10,5,206,43,0,6,6,17,0,30,107,4,7,31,27,1,507
1227,0,0,0,11,24,13,64,0,0,0,9,2,0,3,0,13,0,82,21,0,242
1228,0,0,0,33,0,0,3,0,2,0,0,2,0,14,58,53,0,0,45,0,210
1229,0,0,0,83,26,11,255,13,24,100,37,79,2,75,99,207,26,185,107,0,1329
1230,0,0,0,16,2,0,56,4,1,9,10,71,0,7,161,111,0,94,148,0,690
1231,0,0,0,21,3,0,67,0,32,20,105,5,0,13,125,182,2,154,54,0,783
1232,0,0,0,33,17,6,90,4,0,39,45,75,0,13,5,120,4,138,163,390,1142
1233,0,0,0,17,1,0,35,1,0,57,51,49,0,6,93,34,0,32,66,0,442
1234,0,0,0,52,34,74,256,17,7,52,86,46,0,57,28,289,7,179,413,27,1624
1235,0,0,0,19,1,6,65,68,2,11,1,19,0,51,21,150,13,89,107,79,702
1236,0,0,0,5,0,7,57,0,11,2,32,7,0,7,11,13,10,69,100,0,331
1237,0,0,0,6,0,0,0,6,0,0,0,0,0,7,54,0,2,2,9,0,86
1238,478,0,0,182,91,402,7,26,7,0,10,173,0,21,839,70,75,106,101,66,2654
1239,0,0,0,0,3,0,2,0,2,0,125,2,0,3,0,7,0,0,2,0,146
1240,2,0,0,12,10,16,160,10,5,0,20,7,0,187,48,44,0,100,15,11,647
1241,0,0,0,50,20,81,1082,70,11,116,87,92,0,24,152,506,77,479,176,17,3040
1242,0,0,0,15,24,0,64,0,9,41,71,28,0,1,274,3170,0,136,54,11,3898
1243,0,0,19,26,0,1,22,11,10,0,16,73,0,272,19,1420,1424,214,40,0,3567
1244,0,0,0,13,7,0,9,5,0,3,5,1,0,13,360,75,9,0,7,0,507
1245,0,0,0,4,1,0,16,10,87,2,5,2,0,10,26,11,0,27,16,52,269
1246,2,0,0,12,1,85,2043,4,36,82,45,99,0,64,112,188,101,1009,79,14,3976
1247,3,0,15,258,502,179,542,107,9,7,112,161,0,108,303,28,72,101,40,50,2597
1248,91,0,6,212,230,57,471,0,40,355,173,108,484,71,548,400,124,211,118,0,3699
1249,5,0,29,173,673,652,750,50,24,153,125,126,0,226,24,559,124,523,304,92,4612
1250,0,0,0,203,837,923,1576,118,57,206,72,113,0,908,97,317,125,134,206,1318,7210
1251,3,0,4,34,211,52,84,47,19,67,34,66,2,159,115,68,63,316,132,123,1599
1252,0,0,0,132,23,23,78,60,14,35,45,34,0,196,371,296,10,265,115,3706,5403
1253,0,0,0,4,0,1,9,3,12,0,8,4,0,2,3,1,2,0,23,16,88
1254,0,0,0,6,0,3,10,2,0,0,11,3,0,16,105,11,25,4,4,0,200
1255,2,0,0,27,5,15,55,78,5,9,33,13,0,66,72,32,27,113,156,67,775
1256,0,0,0,238,56,28,55,146,5,3,40,28,0,19,56,13,3,7,201,0,898
1257,0,0,0,15,0,4,3,10,8,0,16,5,0,50,80,122,3,0,14,0,330
1258,0,0,0,11,0,0,23,1,0,0,9,4,0,0,7,28,0,20,263,0,366
1259,7,0,0,313,24,74,228,31,32,95,122,177,0,399,281,182,25,246,289,36,2561
1260,0,0,0,6,7,9,43,3,0,24,52,9,0,6,37,5,0,37,75,10,323
1261,0,0,0,12,9,12,208,3,7,65,19,40,3,5,16,51,122,176,93,0,841
1262,0,0,5,65,20,15,115,34,145,163,32,241,0,192,344,270,38,207,227,1659,3772
1263,0,0,15,222,5,0,65,151,13,23,25,125,0,4,1,518,216,10,133,766,2292
1264,0,0,0,10,19,3,269,22,3,27,86,33,0,145,151,90,15,263,105,6,1247
1265,0,0,0,8,14,0,1771,3,78,38,290,66,0,7,93,2048,171,1296,137,35,6055
1266,0,0,0,26,0,11,74,23,7,75,55,148,0,41,80,224,2,52,78,26,922
1267,0,0,0,37,2,8,309,4,1,43,31,22,0,22,66,113,37,279,64,91,1129
1268,27,0,0,49,3,4,185,6,0,99,106,242,0,26,342,195,92,101,47,24,1548
1269,0,0,0,38,24,30,731,2,21,68,118,34,0,21,232,634,143,341,110,55,2602
1270,0,0,0,250,155,410,119,92,5,1,94,57,0,383,310,78,13,57,89,57,2170
1271,1,0,0,31,2,4,133,3,0,37,20,28,0,38,120,121,41,87,28,0,694
1272,0,0,0,3,0,0,0,0,0,0,0,0,0,0,0,11,6,0,2,1427,1449
1273,0,0,0,27,5,19,203,20,19,24,84,21,0,8,64,96,107,216,75,0,988
1274,4,0,255,151,44,14,557,35,6,81,49,44,0,40,410,116,23,195,110,29,2163
1275,0,4,0,97,12,14,179,20,8,4,41,40,0,91,76,68,16,50,46,0,766
1276,0,0,0,24,0,0,90,0,0,0,14,2,0,6,106,1,0,18,12,0,273
1277,0,0,0,30,6,4,59,0,0,0,6,12,0,17,66,9,0,0,12,0,221
1278,0,0,0,18,1,2,18,1,1,10,3,5,0,10,102,7,6,40,18,0,242
1279,16,0,255,1618,909,1998,1034,97,88,16,203,271,6,241,57,10391,26,511,120,70,17927
1280,0,0,0,173,49,9,2839,110,11,36,187,150,0,57,345,1132,136,943,255,88,6520
1281,1,0,0,107,16,25,622,109,85,244,59,61,0,14,44,24,2,775,148,49,2385
1282,3,0,25,272,79,66,508,11,27,82,69,65,0,107,181,114,112,340,155,55,2271
1283,0,0,0,63,22,5,78,50,32,151,96,35,0,200,429,282,40,148,129,87,1847
1284,0,4,15,182,30,67,472,50,89,313,488,350,0,123,118,395,95,699,692,1152,5334
1285,0,0,0,34,105,11,31,5,4,13,15,88,0,60,135,40,4,4,26,0,575
1286,90,0,6,171,4,59,49,12,11,0,6,118,0,31,12,5,6,0,36,0,616
1287,306,0,4,68,313,229,125,289,0,8,4,104,0,60,30,15,3,9,87,19,1673
1288,2,0,0,183,21,85,284,7,11,138,94,32,0,14,179,147,12,556,76,10,1851
1289,14,0,9,336,376,685,600,115,78,90,74,132,20,106,395,116,61,151,221,134,3713
1290,120,277,49,312,90,182,345,48,19,19,70,111,0,62,238,48,108,381,194,238,2911
1291,75,0,0,215,111,45,537,3,20,30,61,37,0,26,706,59,103,399,74,110,2611
1292,34,0,5,967,2171,610,797,367,144,357,344,634,11,608,287,411,133,862,252,504,9498
1293,44,0,0,21,45,49,77,19,72,3,31,15,0,16,74,227,11,97,46,63,910
1294,15,0,0,185,573,71,57,25,6,0,16,395,0,6,932,19,54,57,38,43,2492
1295,1,0,0,139,154,35,1111,256,60,58,72,56,3,107,164,62,69,540,212,44,3143
1296,107,0,0,60,58,5,88,5,48,8,19,47,0,15,75,31,5,73,142,0,786
1297,2,0,0,172,83,13,331,11,32,111,95,162,0,106,127,898,50,375,241,3,2812
1298,2,0,19,242,293,70,1044,131,69,289,301,314,14,171,129,225,85,1022,460,295,5175
1299,24,0,8,186,139,30,536,151,440,413,129,478,3,188,71,194,100,580,374,1360,5404
1300,0,3,0,56,196,6,35,31,0,8,13,88,0,54,86,41,9,69,69,0,764
1301,0,0,0,250,74,58,247,60,0,54,31,183,0,158,53,722,21,168,145,1598,3822
1302,1,0,0,125,639,9,662,11,6,0,16,24,0,11,189,71,11,46,121,0,1942
1303,0,0,0,53,8,6,41,0,0,8,12,47,0,17,2,2,18,6,5,0,225
1304,0,0,5,57,9,10,80,10,5,19,66,64,0,12,128,174,2,93,143,0,877
1305,0,0,0,165,163,39,477,187,62,134,329,66,0,83,515,277,27,300,131,43,2998
1306,81,0,6,846,278,244,1205,148,144,218,270,306,0,451,350,2198,231,315,226,5,7522
1307,19,0,0,35,24,6,41,387,5,27,45,20,0,242,274,157,32,411,138,0,1863
1308,121,0,0,72,571,15,18,23,37,11,11,37,0,40,143,26,23,17,28,23,1216
1309,105,0,0,73,798,26,80,4,0,40,50,52,4,18,57,38,43,317,124,11,1840
1310,28,0,0,67,242,33,174,59,22,33,31,29,0,72,45,873,63,1081,1464,138,4454
1311,648,0,2,151,1033,17,94,7,6,20,20,167,4,34,68,24,177,773,57,32,3334
1312,57,0,3,247,48,0,24,10,0,0,12,48,0,9,10,1,35,19,10,32,565
1313,160,2,0,104,947,32,174,26,2,16,26,24,3,26,2543,561,4,292,122,155,5219
1314,263,0,5,303,1773,555,732,71,86,262,189,474,0,88,315,293,58,1282,343,71,7163
1315,352,0,0,121,3883,73,226,9,12,13,16,44,3,64,1,84,2,231,36,174,5344
1316,31,0,0,110,794,21,5,0,0,11,2,33,0,38,0,0,29,227,35,6,1342
1317,31,0,7,160,142,24,373,45,19,49,40,93,0,49,243,84,151,847,195,105,2657
1318,158,0,0,327,540,122,181,43,75,49,88,222,0,228,137,125,64,456,262,83,3160
1319,10,0,0,91,44,40,168,10,42,28,18,82,0,9,105,74,26,1176,69,0,1992
1320,13,3,0,93,354,31,774,38,65,225,140,294,0,124,101,379,114,834,344,31,3957
1321,0,0,13,101,12,11,69,8,0,4,8,39,0,60,221,18,7,35,23,5,634
1322,67,0,0,44,69,24,33,16,46,4,28,44,0,89,0,2336,61,7,94,0,2962
1323,28,0,10,471,224,125,940,128,191,262,389,361,0,400,387,859,79,837,518,351,6560
1324,207,5,0,379,869,495,443,148,12,20,39,81,0,332,0,4,16,74,85,210,3419
1325,470,0,275,268,2055,656,677,166,151,1248,139,756,0,108,166,87,320,374,285,40,8241
1326,2,0,0,63,20,14,39,0,1,2,0,31,0,17,75,78,50,7,20,4,423
1327,15,0,0,28,5,2,16,2,10,4,10,18,0,15,471,566,1,23,65,768,2019
1328,83,0,3,170,70,75,62,8,5,5,8,44,0,15,103,42,9,86,132,1465,2385
1329,38,0,9,463,105,1506,745,178,165,61,138,145,0,139,69,101,83,205,112,39,4301
1330,0,0,0,27,17,29,46,28,3,3,18,25,2,14,118,18,2,78,60,112,600
1331,2,0,0,121,156,384,1018,12,53,90,135,59,0,56,164,68,20,254,275,0,2867
1332,0,7,0,505,183,311,1297,100,121,313,606,685,0,295,187,442,122,1076,703,366,7319
1333,2,0,0,16,0,9,21,0,0,4,9,5,0,9,82,3,10,0,0,0,170
1334,0,0,0,34,0,0,12,0,3,5,0,17,0,27,253,24,9,0,13,0,397
1335,0,0,44,146,24,13,834,29,31,86,39,90,0,53,111,335,87,392,106,15,2435
1336,18,3,277,541,1092,366,959,164,683,373,139,364,0,306,585,1576,92,368,176,74,8156
1337,34,0,0,1212,704,531,1479,1063,227,230,120,626,0,157,143,246,143,1359,254,187,8715
1338,15,3,0,141,20,16,144,5,8,8,27,60,0,78,16,53,8,194,113,115,1024
1339,3,0,0,49,23,0,206,17,5,3,11,81,0,17,0,41,65,64,48,0,633
1340,3,0,0,95,30,148,200,7,8,31,10,17,0,9,122,9,14,153,42,0,898
1341,10,0,0,21,0,17,17,11,3,2,16,20,0,2,0,166,2,15,3,0,305
1342,0,0,0,23,1,0,40,4,53,4,14,9,0,17,236,27,13,109,34,0,584
1343,2,0,0,24,1,0,37,3,8,3,22,15,0,26,95,30,16,29,60,0,371
1344,0,0,0,68,41,69,476,11,24,163,194,55,0,95,64,118,69,456,100,596,2599
1345,2,0,4,147,4,31,36,8,23,3,31,42,0,86,10,109,34,1,39,29,639
1346,4,3,2,208,128,109,206,44,65,100,172,206,0,296,183,326,147,39,125,0,2363
1347,0,0,0,61,7,14,121,7,4,48,79,51,0,29,55,43,101,396,62,0,1078
1348,0,0,0,570,294,495,3712,188,71,37,152,98,0,222,57,64,25,844,403,9,7241
1349,1,0,0,132,5,225,203,0,9,65,83,73,0,82,119,258,66,189,258,32,1800
1350,3,0,2,75,40,13,214,6,243,170,49,195,0,68,99,84,38,219,258,45,1821
1351,0,0,0,12,0,1,30,2,1,6,2,57,0,6,113,226,3,0,14,0,473
1352,0,0,0,17,31,4,19,0,0,4,11,29,0,6,47,23,5,40,2,15,253
1353,3,0,0,16,217,33,53,13,8,36,59,53,0,21,8,100,113,16,55,330,1134
1354,11,38,0,159,91,24,201,0,29,19,11,56,0,41,124,80,22,205,109,23,1243
1355,0,0,0,15,4,0,10,0,10,2,19,11,0,13,252,15,0,0,45,0,396
1356,1,0,0,58,24,12,382,14,18,39,145,83,0,9,58,324,22,184,155,12,1540
1357,3,0,5,98,13,10,104,9,9,55,53,71,0,41,48,86,8,136,106,6,861
1358,0,0,0,73,28,24,268,11,26,48,63,110,0,97,402,671,78,188,188,0,2275
1359,0,0,0,38,35,1,553,9,38,75,40,50,0,4,99,4118,5,263,170,15,5513
1360,0,0,0,86,17,15,110,1,14,19,13,81,0,31,68,414,11,57,59,29,1025
1361,8,0,8,396,149,138,1652,228,618,925,626,1287,65,244,161,1126,46,685,565,1653,10580
1362,0,0,0,87,29,24,205,56,21,127,380,328,0,68,36,396,2,75,184,0,2018
1363,65,0,5,13,13,28,221,4,52,177,215,274,0,62,329,455,415,190,160,3304,5982
1364,0,0,0,89,10,8,113,3,9,13,30,41,0,26,46,51,1,215,134,0,789
1365,3,0,0,13,16,15,224,0,13,46,15,75,3,41,57,609,69,423,110,28,1760
1366,0,0,0,126,595,26,273,0,154,580,119,1721,0,54,286,2962,170,468,121,126,7781
1367,0,0,0,173,10,4,164,57,10,39,48,96,0,25,105,104,226,11,43,0,1115
1368,78,0,3,1131,2855,681,1295,248,57,263,197,1266,16,556,540,2058,274,317,155,1018,13008
1369,16,3,0,713,619,391,870,104,37,69,102,325,0,246,565,411,126,665,462,3289,9013
1370,22,0,1,215,238,127,203,39,12,27,42,56,0,44,222,72,49,180,65,0,1614
1371,2,0,0,26,10,31,79,8,2,5,14,17,0,3,1,12,3,149,53,0,415
1372,0,0,0,11,26,6,17,3,5,9,22,3,0,6,132,53,0,0,30,0,323
1373,3,0,0,296,330,131,1491,87,37,283,182,193,0,93,266,418,127,479,282,94,4792
1374,21,0,272,512,306,276,797,80,71,485,296,497,0,583,218,621,44,370,305,50,5804
1375,22,0,268,104,38,26,362,100,26,108,68,204,0,57,89,416,8,63,122,736,2817
1376,0,0,4,167,248,92,528,29,32,253,245,201,0,39,86,460,31,596,455,81,3547
1377,3,0,0,71,40,10,142,8,12,23,44,38,0,58,51,44,1,127,82,0,754
1378,0,0,0,73,70,67,391,236,16,39,81,55,0,64,343,75,21,201,114,8,1854
1379,0,0,0,9,1,1,36,0,0,0,3,2,0,3,0,97,0,11,37,5,205
1380,8,0,0,1739,635,1058,3156,253,239,35,127,106,0,369,220,62,5,479,500,12,9003
1381,25,0,11,943,1505,313,762,60,35,214,58,346,3,357,216,605,18,214,208,232,6125
1382,94,0,269,117,81,65,80,12,17,35,18,188,0,84,207,99,113,58,241,5,1783
1383,161,0,4,105,460,48,131,14,138,6,43,39,0,15,111,32,11,68,81,45,1512
1384,55,0,3,203,230,202,936,27,308,190,245,406,2,144,489,311,80,544,235,82,4692
1385,8,0,0,194,28,50,54,19,17,14,18,81,0,99,31,41,26,31,57,3,771
1386,8,0,0,187,60,41,349,49,9,16,45,141,0,70,123,762,86,333,133,6,2418
1387,15,0,0,93,35,54,48,3,12,13,10,62,0,9,86,10,14,26,80,9,579
1388,33,0,0,82,50,14,28,2,0,3,4,52,0,19,143,32,6,59,4,27,558
1389,43,0,12,75,51,8,170,18,29,11,55,62,2,28,146,64,83,976,466,108,2407
1390,36,5,3,37,14,0,64,17,12,3,5,39,0,8,27,27,17,162,83,0,559
1391,2,0,288,95,603,22,239,13,80,16,79,28,0,17,74,107,30,323,73,40,2129
1392,117,24,0,138,174,558,99,3,5,14,18,78,0,22,180,40,21,55,39,3,1588
1393,46,0,30,96,133,7,126,18,44,13,7,41,0,12,101,48,5,89,34,8,858
1394,260,0,4,73,308,33,24,4,11,20,15,25,0,66,248,150,93,125,95,95,1649
1395,46,1,17,613,349,304,886,187,76,59,232,255,0,443,170,145,99,518,203,116,4719
1396,34,0,1,77,109,37,272,36,14,111,22,70,0,114,210,159,18,354,89,44,1771
1397,131,29,0,132,343,100,177,29,2,9,50,49,0,72,101,51,42,111,82,25,1535
1398,4,0,0,125,93,27,111,0,14,27,18,80,0,41,225,129,18,54,55,4,1025
1399,14,0,15,311,625,280,1306,98,310,179,340,303,0,68,198,699,42,1112,341,171,6412
1400,53,0,1,31,592,16,104,14,0,2,1,46,0,8,28,7,24,98,66,56,1147
1401,489,0,50,33,1275,44,55,7,17,2,11,34,0,30,199,13,35,106,61,14,2475
1402,128,0,60,132,503,63,411,35,23,43,64,145,0,34,179,194,22,340,206,111,2693
1403,39,0,7,111,70,29,111,13,47,2,57,197,0,96,106,8,129,345,57,98,1522
1404,2,0,0,22,10,51,20,17,9,11,14,50,0,25,4,1,97,0,45,13,391
1405,0,0,24,150,2,36,1241,0,52,73,18,249,0,35,68,1081,32,441,113,246,3861
1406,2,0,0,558,66,115,167,109,32,53,93,265,0,280,2,10,16,35,213,165,2181
1407,2,0,0,604,248,274,303,38,111,152,111,1118,0,648,163,216,34,247,138,99,4506
1408,2,0,0,80,4,21,57,2,343,18,45,82,0,53,60,130,104,178,53,0,1232
1409,0,0,0,55,80,23,265,8,30,93,57,308,112,171,287,141,34,319,92,5,2080
1410,0,0,0,167,18,13,295,12,30,115,39,128,0,108,101,143,20,101,137,90,1517
1411,0,0,0,122,20,17,159,157,18,114,152,102,0,414,110,769,17,137,87,5,2400
1412,11,0,60,579,84,199,849,33,248,339,237,370,3,246,306,416,65,487,392,235,5159
1413,0,0,0,17,4,80,213,3,5,1900,95,640,0,17,125,224,113,87,21,20,3564
1414,5,0,0,73,17,71,82,12,12,7,10,49,0,41,158,67,108,17,33,11,773
1415,40,0,4,38,132,54,389,12,1145,23,176,59,0,42,183,176,98,323,100,67,3061
1416,52,0,8,37,39,12,73,5,16,3,3,25,0,27,11,6,25,176,48,153,719
1417,0,0,0,1,0,2,4,2,9,0,0,6,0,1,2,0,0,65,120,0,212
1418,3,0,0,64,3,18,39,10,4,2,23,61,0,40,160,33,63,64,78,13,678
1419,0,0,0,40,0,5,49,3,4,3,11,52,0,5,186,50,2,29,63,0,502
1420,3,0,0,61,18,17,61,9,25,27,66,118,0,133,367,375,9,41,57,0,1387
1421,5,0,0,80,8,36,1168,9,106,164,392,188,0,72,398,1204,6,614,206,53,4709
1422,0,0,0,255,17,91,164,29,29,75,19,280,6,123,269,654,41,80,111,22,2265
1423,0,0,0,43,8,49,42,14,30,21,11,183,0,22,223,97,33,5,35,125,941
1424,12,0,19,426,176,247,568,156,393,367,236,799,4,283,147,1231,73,148,645,43,5973
1425,0,0,0,379,2,4,300,43,54,27,18,515,0,76,185,623,109,418,97,2213,5063
1426,2,0,0,44,3,91,54,11,11,23,24,99,0,44,145,45,72,64,26,5,763
1427,2,0,9,547,73,205,902,52,84,178,479,638,0,335,611,399,62,220,697,138,5631
1428,18,10,13,1362,813,652,2383,431,249,109,238,855,11,443,92,698,69,452,708,301,9907
1429,0,0,268,442,164,210,1630,109,109,201,295,214,2,117,244,78,23,115,361,17,4599
1430,6,0,0,264,130,279,800,107,228,497,190,1246,2,173,167,1003,80,1245,861,920,8198
1431,0,0,0,111,25,6,134,3,91,103,41,219,0,53,167,206,32,126,118,0,1435
1432,4,0,0,233,90,52,497,94,22,88,42,296,2,77,289,214,48,360,179,65,2652
1433,0,0,0,51,0,2,13,13,0,2,3,104,0,11,129,23,6,1,21,0,379
1434,0,0,0,94,62,16,329,11,35,17,33,186,0,66,51,107,14,191,85,56,1353
1435,2,0,0,44,11,4,43,5,37,16,45,40,0,21,182,12,4,15,98,70,649
1436,3,0,0,60,7,20,74,45,1,66,51,79,0,16,1731,584,32,67,45,26,2907
1437,1,0,0,22,25,29,386,3,24,199,499,209,0,46,9,2845,27,179,82,114,4699
1438,2,4,0,122,212,102,2461,214,47,549,149,674,0,192,266,366,77,547,296,82,6362
1439,0,0,0,0,0,0,0,0,0,0,0,0,0,0,0,0,0,0,0,0,0
1440,0,0,0,84,36,53,427,8,51,61,103,147,2,55,370,358,111,288,161,112,2427
1441,1,0,8,100,141,195,1397,76,148,241,88,271,0,66,156,378,447,875,260,333,5181
1442,3,0,0,227,108,188,560,28,111,103,49,268,0,139,53,258,77,171,176,3,2522
1443,0,3,1,58,21,20,400,140,17,153,123,225,3,88,352,381,139,364,421,83,2992
1444,0,0,0,38,16,26,372,1,14,269,235,67,0,23,265,62,104,297,148,25,1962
1445,1,0,0,122,47,11,55,16,10,49,91,429,0,14,124,60,10,51,59,4,1153
1446,8,0,16,128,11,8,139,69,62,112,450,350,17,52,259,138,60,434,241,57,2611
1447,0,0,0,45,26,5,133,0,14,24,43,48,2,16,2,14,65,8,55,73,573
1448,14,0,0,371,718,226,927,188,400,293,294,1512,8,253,250,199,276,994,362,297,7582
1449,0,0,0,7,0,1,212,1,12,0,21,17,0,14,60,45,5,75,82,33,585
1450,0,0,0,58,9,18,146,9,11,16,26,137,2,71,129,73,41,206,43,0,995
1451,2,0,0,37,4,29,50,10,22,10,8,126,0,14,61,18,8,146,911,0,1456
1452,0,0,0,127,37,20,408,4,181,141,104,259,0,36,112,162,27,297,185,75,2175
1453,33,0,0,12,0,3,28,5,35,2,0,5,0,0,14,103,45,141,130,77,633
1454,7,0,20,49,18,30,102,7,23,4,38,52,0,30,35,34,25,222,36,26,758
