run,period,comp,cube,aeq,pct,corr,n
wlk_loc_wlk,EA,TOTIVT,37.9604,36.8368,-2.9601,0.9838,154481
wlk_loc_wlk,EA,IWAIT,29.5810,30.5630,3.3197,0.8834,154481
wlk_loc_wlk,EA,XWAIT,26.1531,27.6446,5.7027,0.7902,89794
wlk_loc_wlk,EA,WAUX,2.8938,3.1755,9.7357,0.2988,30194
wlk_loc_wlk,EA,BOARDS,1.5914,1.5911,-0.0156,0.9688,154481
wlk_loc_wlk,EA,FARE,171.2485,170.5266,-0.4216,0.8776,154481
wlk_loc_wlk,AM,TOTIVT,54.3215,52.9166,-2.5861,0.9920,377578
wlk_loc_wlk,AM,IWAIT,10.0072,10.2406,2.3326,0.9239,377578
wlk_loc_wlk,AM,XWAIT,15.5574,15.8021,1.5728,0.9730,305120
wlk_loc_wlk,AM,WAUX,5.1659,5.1621,-0.0738,0.8694,81311
wlk_loc_wlk,AM,BOARDS,2.1820,2.1761,-0.2707,0.9895,377578
wlk_loc_wlk,AM,FARE,189.1049,189.6367,0.2812,0.9607,377578
wlk_loc_wlk,MD,TOTIVT,53.9826,52.4117,-2.9101,0.9921,359334
wlk_loc_wlk,MD,IWAIT,9.9289,10.0278,0.9957,0.9436,359334
wlk_loc_wlk,MD,XWAIT,15.3283,15.5377,1.3656,0.9784,287433
wlk_loc_wlk,MD,WAUX,4.4577,4.5466,1.9950,0.8520,65291
wlk_loc_wlk,MD,BOARDS,2.1469,2.1437,-0.1506,0.9907,359334
wlk_loc_wlk,MD,FARE,185.0493,184.9308,-0.0640,0.9672,359334
wlk_loc_wlk,PM,TOTIVT,55.0598,53.8319,-2.2301,0.9915,397414
wlk_loc_wlk,PM,IWAIT,8.8797,9.1798,3.3797,0.9169,397414
wlk_loc_wlk,PM,XWAIT,15.2614,15.4732,1.3882,0.9695,325419
wlk_loc_wlk,PM,WAUX,5.6441,5.4791,-2.9234,0.8618,99180
wlk_loc_wlk,PM,BOARDS,2.2568,2.2499,-0.3061,0.9911,397414
wlk_loc_wlk,PM,FARE,194.3202,194.8213,0.2579,0.9671,397414
wlk_loc_wlk,EV,TOTIVT,52.5815,50.9765,-3.0524,0.9914,352174
wlk_loc_wlk,EV,IWAIT,12.3009,12.4308,1.0559,0.9382,352174
wlk_loc_wlk,EV,XWAIT,18.8248,19.2238,2.1194,0.9739,278355
wlk_loc_wlk,EV,WAUX,4.7541,5.0841,6.9399,0.8091,77231
wlk_loc_wlk,EV,BOARDS,2.0998,2.0975,-0.1071,0.9835,352174
wlk_loc_wlk,EV,FARE,187.9399,187.5793,-0.1919,0.9655,352174
wlk_lrf_wlk,EA,TOTIVT,29.4689,29.8650,1.3443,0.9633,12843
wlk_lrf_wlk,EA,IWAIT,33.6507,34.3335,2.0292,0.8321,12843
wlk_lrf_wlk,EA,XWAIT,29.9442,32.9122,9.9117,0.7488,8485
wlk_lrf_wlk,EA,WAUX,2.0522,2.1284,3.7150,0.8107,7339
wlk_lrf_wlk,EA,BOARDS,1.6665,1.6651,-0.0871,0.9885,12843
wlk_lrf_wlk,EA,FARE,164.8300,164.4371,-0.2384,0.9506,12843
wlk_lrf_wlk,EA,KEYIVT,18.3905,18.1331,-1.3999,0.9179,12843
wlk_lrf_wlk,AM,TOTIVT,50.7392,52.9419,4.3413,0.9700,83261
wlk_lrf_wlk,AM,IWAIT,9.6009,9.9412,3.5442,0.9335,83261
wlk_lrf_wlk,AM,XWAIT,21.4507,20.5982,-3.9744,0.9649,74661
wlk_lrf_wlk,AM,WAUX,7.3742,7.1092,-3.5930,0.9542,69863
wlk_lrf_wlk,AM,BOARDS,2.3689,2.3681,-0.0355,0.9950,83261
wlk_lrf_wlk,AM,FARE,274.4360,277.8611,1.2481,0.9731,83261
wlk_lrf_wlk,AM,KEYIVT,28.4993,30.2974,6.3091,0.9291,83261
wlk_lrf_wlk,MD,TOTIVT,53.3130,54.8534,2.8892,0.9795,88984
wlk_lrf_wlk,MD,IWAIT,9.0113,8.1087,-10.0167,0.8789,88984
wlk_lrf_wlk,MD,XWAIT,21.3897,21.8391,2.1011,0.9357,80456
wlk_lrf_wlk,MD,WAUX,7.5308,7.3835,-1.9557,0.9624,75860
wlk_lrf_wlk,MD,BOARDS,2.4059,2.4043,-0.0690,0.9914,88984
wlk_lrf_wlk,MD,FARE,282.4466,270.1200,-4.3642,0.8994,88963
wlk_lrf_wlk,MD,KEYIVT,30.3156,31.7787,4.8263,0.9512,88984
wlk_lrf_wlk,PM,TOTIVT,51.0220,52.0782,2.0701,0.9795,83150
wlk_lrf_wlk,PM,IWAIT,9.3537,8.9269,-4.5624,0.9075,83150
wlk_lrf_wlk,PM,XWAIT,21.1774,20.7011,-2.2494,0.9670,74594
wlk_lrf_wlk,PM,WAUX,6.8742,6.6814,-2.8046,0.9507,69687
wlk_lrf_wlk,PM,BOARDS,2.3801,2.3765,-0.1510,0.9914,83150
wlk_lrf_wlk,PM,FARE,281.1171,279.9284,-0.4229,0.9858,83128
wlk_lrf_wlk,PM,KEYIVT,28.8304,29.6481,2.8363,0.9476,83150
wlk_lrf_wlk,EV,TOTIVT,43.5452,43.8265,0.6461,0.9808,50498
wlk_lrf_wlk,EV,IWAIT,12.7446,12.1069,-5.0038,0.9534,50498
wlk_lrf_wlk,EV,XWAIT,18.1270,17.3087,-4.5143,0.9632,42111
wlk_lrf_wlk,EV,WAUX,3.4919,3.4945,0.0738,0.9369,37727
wlk_lrf_wlk,EV,BOARDS,2.0676,2.0694,0.0903,0.9867,50498
wlk_lrf_wlk,EV,FARE,212.6874,212.0266,-0.3107,0.9819,50476
wlk_lrf_wlk,EV,KEYIVT,23.0029,22.6876,-1.3706,0.9435,50498
wlk_exp_wlk,EA,TOTIVT,52.4826,51.8448,-1.2152,0.9910,95401
wlk_exp_wlk,EA,IWAIT,20.8119,20.4261,-1.8534,0.9139,95401
wlk_exp_wlk,EA,XWAIT,22.0246,22.6823,2.9862,0.8296,75940
wlk_exp_wlk,EA,WAUX,5.7066,6.0283,5.6374,0.6764,28501
wlk_exp_wlk,EA,BOARDS,1.9278,1.9253,-0.1276,0.9739,95401
wlk_exp_wlk,EA,FARE,484.4421,464.0895,-4.2012,0.8954,95401
wlk_exp_wlk,EA,KEYIVT,37.1281,37.2088,0.2174,0.9744,95401
wlk_exp_wlk,AM,TOTIVT,59.4043,58.9103,-0.8316,0.9858,190375
wlk_exp_wlk,AM,IWAIT,12.4745,13.0815,4.8654,0.9062,190375
wlk_exp_wlk,AM,XWAIT,15.9265,15.9695,0.2701,0.9284,177243
wlk_exp_wlk,AM,WAUX,3.4129,3.5284,3.3844,0.7271,110623
wlk_exp_wlk,AM,BOARDS,2.4115,2.3813,-1.2554,0.9667,190375
wlk_exp_wlk,AM,FARE,501.7538,491.1247,-2.1184,0.9293,190375
wlk_exp_wlk,AM,KEYIVT,36.0878,35.6046,-1.3388,0.9660,190375
wlk_exp_wlk,MD,TOTIVT,57.6525,57.0393,-1.0637,0.9864,169413
wlk_exp_wlk,MD,IWAIT,10.9698,11.4542,4.4158,0.8925,169413
wlk_exp_wlk,MD,XWAIT,17.5368,17.6831,0.8344,0.9260,158717
wlk_exp_wlk,MD,WAUX,3.3902,3.6386,7.3258,0.7248,98107
wlk_exp_wlk,MD,BOARDS,2.4530,2.4420,-0.4479,0.9782,169413
wlk_exp_wlk,MD,FARE,498.4379,486.3031,-2.4346,0.9295,169413
wlk_exp_wlk,MD,KEYIVT,33.9395,32.7665,-3.4561,0.9766,169413
wlk_exp_wlk,PM,TOTIVT,59.8865,59.5405,-0.5778,0.9844,201205
wlk_exp_wlk,PM,IWAIT,10.4902,10.7613,2.5847,0.8823,201205
wlk_exp_wlk,PM,XWAIT,17.6579,17.5721,-0.4862,0.9243,188430
wlk_exp_wlk,PM,WAUX,3.4123,3.4978,2.5059,0.7633,111251
wlk_exp_wlk,PM,BOARDS,2.4140,2.4046,-0.3859,0.9711,201205
wlk_exp_wlk,PM,FARE,493.0823,488.1239,-1.0056,0.9207,201205
wlk_exp_wlk,PM,KEYIVT,36.7187,36.2055,-1.3976,0.9725,201205
wlk_exp_wlk,EV,TOTIVT,58.9554,57.8050,-1.9514,0.9861,160134
wlk_exp_wlk,EV,IWAIT,12.8217,13.0586,1.8474,0.9286,160134
wlk_exp_wlk,EV,XWAIT,15.5146,15.6132,0.6355,0.9293,144699
wlk_exp_wlk,EV,WAUX,3.4590,3.5706,3.2259,0.7598,80770
wlk_exp_wlk,EV,BOARDS,2.2612,2.2551,-0.2695,0.9715,160134
wlk_exp_wlk,EV,FARE,517.4966,506.7164,-2.0831,0.9313,160134
wlk_exp_wlk,EV,KEYIVT,39.0698,37.9680,-2.8201,0.9596,160134
wlk_hvy_wlk,EA,TOTIVT,46.9752,47.4113,0.9285,0.9785,170924
wlk_hvy_wlk,EA,IWAIT,21.4897,22.6119,5.2218,0.8459,170924
wlk_hvy_wlk,EA,XWAIT,23.6698,25.3242,6.9897,0.8437,142192
wlk_hvy_wlk,EA,WAUX,2.0532,2.0978,2.1750,0.5919,138025
wlk_hvy_wlk,EA,BOARDS,1.9642,1.9500,-0.7244,0.9753,170924
wlk_hvy_wlk,EA,FARE,420.0714,421.3124,0.2954,0.8700,170924
wlk_hvy_wlk,EA,KEYIVT,33.4375,32.7560,-2.0380,0.9760,170924
wlk_hvy_wlk,AM,TOTIVT,66.4112,66.3442,-0.1010,0.9926,595548
wlk_hvy_wlk,AM,IWAIT,8.9861,9.1424,1.7393,0.8922,595548
wlk_hvy_wlk,AM,XWAIT,13.5733,14.1905,4.5471,0.9345,564271
wlk_hvy_wlk,AM,WAUX,2.2392,2.1465,-4.1373,0.8692,558922
wlk_hvy_wlk,AM,BOARDS,2.5348,2.5280,-0.2700,0.9921,595548
wlk_hvy_wlk,AM,FARE,537.0185,541.8509,0.8999,0.9249,595548
wlk_hvy_wlk,AM,KEYIVT,41.9841,41.9122,-0.1713,0.9923,595548
wlk_hvy_wlk,MD,TOTIVT,66.0748,65.9598,-0.1741,0.9925,576763
wlk_hvy_wlk,MD,IWAIT,9.3077,9.3068,-0.0093,0.9002,576763
wlk_hvy_wlk,MD,XWAIT,13.9098,14.5203,4.3888,0.9280,545914
wlk_hvy_wlk,MD,WAUX,2.1651,2.0855,-3.6755,0.8571,540563
wlk_hvy_wlk,MD,BOARDS,2.5251,2.5207,-0.1753,0.9917,576763
wlk_hvy_wlk,MD,FARE,530.4138,536.4644,1.1407,0.9243,576763
wlk_hvy_wlk,MD,KEYIVT,42.1184,42.0468,-0.1699,0.9923,576763
wlk_hvy_wlk,PM,TOTIVT,66.9628,66.8445,-0.1766,0.9930,606136
wlk_hvy_wlk,PM,IWAIT,8.6981,8.7656,0.7765,0.8930,606136
wlk_hvy_wlk,PM,XWAIT,13.4026,13.9299,3.9348,0.9317,575158
wlk_hvy_wlk,PM,WAUX,2.1864,2.0809,-4.8230,0.8766,569811
wlk_hvy_wlk,PM,BOARDS,2.5457,2.5405,-0.2047,0.9938,606136
wlk_hvy_wlk,PM,FARE,538.2010,544.3206,1.1370,0.9274,606136
wlk_hvy_wlk,PM,KEYIVT,42.0073,41.9591,-0.1147,0.9929,606136
wlk_hvy_wlk,EV,TOTIVT,62.9316,62.1966,-1.1679,0.9879,462487
wlk_hvy_wlk,EV,IWAIT,9.2125,9.5057,3.1833,0.9209,462487
wlk_hvy_wlk,EV,XWAIT,13.1233,13.5814,3.4912,0.9437,433989
wlk_hvy_wlk,EV,WAUX,2.0177,1.9834,-1.6962,0.8402,426078
wlk_hvy_wlk,EV,BOARDS,2.5487,2.5292,-0.7652,0.9886,462487
wlk_hvy_wlk,EV,FARE,505.0072,512.3659,1.4572,0.9042,462487
wlk_hvy_wlk,EV,KEYIVT,40.1543,39.9819,-0.4294,0.9911,462487
wlk_com_wlk,EA,TOTIVT,52.6139,48.8465,-7.1606,0.9379,21096
wlk_com_wlk,EA,IWAIT,26.1800,22.6151,-13.6167,0.8760,21096
wlk_com_wlk,EA,XWAIT,30.0652,35.0261,16.5004,0.7851,15025
wlk_com_wlk,EA,WAUX,3.2319,2.9243,-9.5187,0.7099,15025
wlk_com_wlk,EA,BOARDS,1.7606,1.7412,-1.1005,0.9673,21096
wlk_com_wlk,EA,FARE,513.2810,465.0969,-9.3875,0.6157,21096
wlk_com_wlk,EA,KEYIVT,40.1480,35.6999,-11.0793,0.9188,21096
wlk_com_wlk,AM,TOTIVT,68.0137,67.6542,-0.5285,0.9675,133763
wlk_com_wlk,AM,IWAIT,13.5274,10.5980,-21.6550,0.8410,133763
wlk_com_wlk,AM,XWAIT,20.0071,20.9219,4.5723,0.8326,128191
wlk_com_wlk,AM,WAUX,2.6246,2.2736,-13.3745,0.7166,128188
wlk_com_wlk,AM,BOARDS,2.4608,2.4522,-0.3490,0.9751,133763
wlk_com_wlk,AM,FARE,648.5391,590.3651,-8.9700,0.7015,133763
wlk_com_wlk,AM,KEYIVT,43.6459,42.6991,-2.1693,0.9300,133763
wlk_com_wlk,MD,TOTIVT,66.4873,64.7200,-2.6582,0.9101,103755
wlk_com_wlk,MD,IWAIT,14.5275,13.2609,-8.7184,0.9206,103755
wlk_com_wlk,MD,XWAIT,23.6357,22.3918,-5.2626,0.8841,99447
wlk_com_wlk,MD,WAUX,2.3914,2.2617,-5.4251,0.7065,99447
wlk_com_wlk,MD,BOARDS,2.4207,2.4290,0.3427,0.9786,103755
wlk_com_wlk,MD,FARE,624.8485,571.9855,-8.4601,0.6771,103755
wlk_com_wlk,MD,KEYIVT,43.0659,41.3186,-4.0572,0.8859,103755
wlk_com_wlk,PM,TOTIVT,68.6687,65.6384,-4.4130,0.9476,136599
wlk_com_wlk,PM,IWAIT,12.4927,10.0156,-19.8281,0.8099,136599
wlk_com_wlk,PM,XWAIT,20.0044,21.5026,7.4893,0.8449,131409
wlk_com_wlk,PM,WAUX,2.7008,2.3870,-11.6171,0.7522,131383
wlk_com_wlk,PM,BOARDS,2.4902,2.4813,-0.3567,0.9761,136599
wlk_com_wlk,PM,FARE,650.7312,597.5735,-8.1689,0.7019,136599
wlk_com_wlk,PM,KEYIVT,43.9787,40.3297,-8.2971,0.9147,136599
wlk_com_wlk,EV,TOTIVT,76.2579,73.6692,-3.3947,0.9744,119053
wlk_com_wlk,EV,IWAIT,11.5466,9.9531,-13.8003,0.7818,119053
wlk_com_wlk,EV,XWAIT,17.8433,20.1773,13.0811,0.8382,113878
wlk_com_wlk,EV,WAUX,2.6977,2.3054,-14.5398,0.7367,113860
wlk_com_wlk,EV,BOARDS,2.4589,2.4399,-0.7747,0.9696,119053
wlk_com_wlk,EV,FARE,655.6384,574.8103,-12.3282,0.5782,119053
wlk_com_wlk,EV,KEYIVT,52.2964,47.7292,-8.7332,0.9322,119053
drv_loc_wlk,EA,TOTIVT,39.7192,38.4694,-3.1464,0.9832,206774
drv_loc_wlk,EA,IWAIT,31.7854,32.7457,3.0213,0.8923,206774
drv_loc_wlk,EA,XWAIT,26.1514,27.6289,5.6497,0.7812,97532
drv_loc_wlk,EA,WAUX,3.0160,3.5194,16.6917,0.3279,30243
drv_loc_wlk,EA,BOARDS,1.4765,1.4740,-0.1700,0.9749,206774
drv_loc_wlk,EA,FARE,162.5844,161.5722,-0.6225,0.7684,206774
drv_loc_wlk,EA,DTIM,5.0567,5.1743,2.3251,0.9623,206774
drv_loc_wlk,EA,DDIST,3.2152,3.2036,-0.3596,0.9659,206774
drv_loc_wlk,AM,TOTIVT,52.6484,51.3227,-2.5181,0.9891,462528
drv_loc_wlk,AM,IWAIT,10.4032,10.5182,1.1048,0.9229,462528
drv_loc_wlk,AM,XWAIT,15.5940,15.7858,1.2297,0.9709,340261
drv_loc_wlk,AM,WAUX,5.0129,5.0753,1.2445,0.8996,90590
drv_loc_wlk,AM,BOARDS,2.0347,2.0311,-0.1767,0.9901,462528
drv_loc_wlk,AM,FARE,181.9372,182.6961,0.4171,0.9576,462528
drv_loc_wlk,AM,DTIM,5.6727,5.6664,-0.1111,0.9664,462528
drv_loc_wlk,AM,DDIST,3.5907,3.5921,0.0378,0.9681,462528
drv_loc_wlk,MD,TOTIVT,51.8726,50.4136,-2.8127,0.9884,437335
drv_loc_wlk,MD,IWAIT,10.2981,10.2973,-0.0072,0.9462,437335
drv_loc_wlk,MD,XWAIT,15.3295,15.4078,0.5110,0.9778,315868
drv_loc_wlk,MD,WAUX,4.0630,4.4445,9.3902,0.8659,77985
drv_loc_wlk,MD,BOARDS,1.9857,1.9834,-0.1164,0.9918,437335
drv_loc_wlk,MD,FARE,179.5172,178.0156,-0.8365,0.9594,437335
drv_loc_wlk,MD,DTIM,5.7785,5.7866,0.1399,0.9670,437335
drv_loc_wlk,MD,DDIST,3.7032,3.7115,0.2256,0.9675,437335
drv_loc_wlk,PM,TOTIVT,53.2946,52.1849,-2.0822,0.9850,483437
drv_loc_wlk,PM,IWAIT,8.9703,9.1866,2.4108,0.9126,483437
drv_loc_wlk,PM,XWAIT,15.2816,15.3844,0.6730,0.9661,361914
drv_loc_wlk,PM,WAUX,5.3355,5.3749,0.7386,0.8865,114511
drv_loc_wlk,PM,BOARDS,2.1063,2.0962,-0.4799,0.9882,483437
drv_loc_wlk,PM,FARE,187.8247,187.5797,-0.1304,0.9657,483437
drv_loc_wlk,PM,DTIM,5.6530,5.6507,-0.0409,0.9493,483437
drv_loc_wlk,PM,DDIST,3.5273,3.5752,1.3580,0.9529,483437
drv_loc_wlk,EV,TOTIVT,51.9296,50.4461,-2.8569,0.9869,439985
drv_loc_wlk,EV,IWAIT,12.1234,12.3361,1.7542,0.9416,439985
drv_loc_wlk,EV,XWAIT,19.3271,19.5233,1.0155,0.9732,315615
drv_loc_wlk,EV,WAUX,4.7666,5.0733,6.4326,0.8334,86817
drv_loc_wlk,EV,BOARDS,1.9670,1.9691,0.1050,0.9868,439985
drv_loc_wlk,EV,FARE,183.3208,182.0763,-0.6789,0.9665,439985
drv_loc_wlk,EV,DTIM,5.4143,5.5038,1.6518,0.9597,439985
drv_loc_wlk,EV,DDIST,3.4869,3.4854,-0.0438,0.9606,439985
drv_lrf_wlk,EA,TOTIVT,39.3973,35.7189,-9.3367,0.9789,62004
drv_lrf_wlk,EA,IWAIT,42.5729,40.0072,-6.0267,0.9446,62004
drv_lrf_wlk,EA,XWAIT,24.0967,31.4786,30.6346,0.7463,31904
drv_lrf_wlk,EA,WAUX,4.9660,4.9411,-0.5000,0.9555,61730
drv_lrf_wlk,EA,BOARDS,1.5144,1.5142,-0.0110,0.9971,62004
drv_lrf_wlk,EA,FARE,296.0589,305.0436,3.0348,0.9522,62004
drv_lrf_wlk,EA,KEYIVT,32.0918,28.0037,-12.7388,0.9675,62004
drv_lrf_wlk,EA,DTIM,16.7036,17.1004,2.3760,0.9976,62004
drv_lrf_wlk,EA,DDIST,14.1733,14.3137,0.9908,0.9981,62004
drv_lrf_wlk,AM,TOTIVT,48.3271,48.3153,-0.0245,0.9801,381758
drv_lrf_wlk,AM,IWAIT,15.3455,14.1711,-7.6535,0.9666,381758
drv_lrf_wlk,AM,XWAIT,9.8758,10.4485,5.7989,0.9637,338882
drv_lrf_wlk,AM,WAUX,4.9402,4.9344,-0.1176,0.9861,376657
drv_lrf_wlk,AM,BOARDS,2.0161,2.0164,0.0158,0.9936,381758
drv_lrf_wlk,AM,FARE,286.0402,287.4068,0.4778,0.9812,381758
drv_lrf_wlk,AM,KEYIVT,32.3462,32.2363,-0.3395,0.9667,381758
drv_lrf_wlk,AM,DTIM,19.4268,19.4649,0.1961,0.9994,381758
drv_lrf_wlk,AM,DDIST,16.2514,16.3198,0.4214,0.9992,381758
drv_lrf_wlk,MD,TOTIVT,47.8983,48.7069,1.6880,0.9709,354278
drv_lrf_wlk,MD,IWAIT,14.4270,11.6112,-19.5174,0.9173,354278
drv_lrf_wlk,MD,XWAIT,8.8202,8.7590,-0.6933,0.9540,312853
drv_lrf_wlk,MD,WAUX,4.9962,4.8870,-2.1850,0.9613,348968
drv_lrf_wlk,MD,BOARDS,1.9831,1.9846,0.0745,0.9922,354278
drv_lrf_wlk,MD,FARE,277.2661,278.5330,0.4569,0.9811,354203
drv_lrf_wlk,MD,KEYIVT,32.5132,33.1176,1.8591,0.9547,354278
drv_lrf_wlk,MD,DTIM,19.4203,20.0808,3.4011,0.9931,354278
drv_lrf_wlk,MD,DDIST,16.5102,17.0689,3.3839,0.9931,354278
drv_lrf_wlk,PM,TOTIVT,49.3797,48.6751,-1.4268,0.9517,433663
drv_lrf_wlk,PM,IWAIT,16.4968,14.0067,-15.0943,0.9302,433663
drv_lrf_wlk,PM,XWAIT,8.4288,8.6543,2.6750,0.9428,386512
drv_lrf_wlk,PM,WAUX,5.2923,5.2707,-0.4068,0.9533,428209
drv_lrf_wlk,PM,BOARDS,1.9801,1.9805,0.0186,0.9915,433663
drv_lrf_wlk,PM,FARE,302.4108,302.6846,0.0906,0.9919,433588
drv_lrf_wlk,PM,KEYIVT,33.0385,32.3061,-2.2170,0.9333,433663
drv_lrf_wlk,PM,DTIM,19.7628,19.7321,-0.1554,0.9942,433663
drv_lrf_wlk,PM,DDIST,16.4186,16.5145,0.5846,0.9964,433663
drv_lrf_wlk,EV,TOTIVT,46.1199,46.1642,0.0961,0.9877,330439
drv_lrf_wlk,EV,IWAIT,15.8102,15.3760,-2.7468,0.9903,330439
drv_lrf_wlk,EV,XWAIT,10.8754,11.3794,4.6343,0.9757,289081
drv_lrf_wlk,EV,WAUX,4.7364,4.7181,-0.3860,0.9661,324601
drv_lrf_wlk,EV,BOARDS,1.9520,1.9507,-0.0668,0.9956,330439
drv_lrf_wlk,EV,FARE,281.9628,280.3916,-0.5573,0.9961,330364
drv_lrf_wlk,EV,KEYIVT,30.3620,30.5137,0.4993,0.9818,330439
drv_lrf_wlk,EV,DTIM,19.2807,19.8712,3.0624,0.9970,330439
drv_lrf_wlk,EV,DDIST,16.5145,16.6897,1.0606,0.9982,330439
drv_exp_wlk,EA,TOTIVT,62.6003,62.6198,0.0312,0.9860,54010
drv_exp_wlk,EA,IWAIT,37.8871,36.9251,-2.5391,0.8509,54010
drv_exp_wlk,EA,XWAIT,18.9567,18.9908,0.1795,0.8392,42997
drv_exp_wlk,EA,WAUX,2.5176,2.5359,0.7268,0.3419,26133
drv_exp_wlk,EA,BOARDS,1.8029,1.8099,0.3876,0.9789,54010
drv_exp_wlk,EA,FARE,562.0861,536.5049,-4.5511,0.8741,54010
drv_exp_wlk,EA,KEYIVT,49.7116,49.2256,-0.9776,0.9791,54010
drv_exp_wlk,EA,DTIM,8.8611,9.2335,4.2024,0.9978,54010
drv_exp_wlk,EA,DDIST,5.6294,5.6509,0.3815,0.9955,54010
drv_exp_wlk,AM,TOTIVT,59.6057,59.3793,-0.3798,0.9878,279571
drv_exp_wlk,AM,IWAIT,21.6227,19.3649,-10.4420,0.9109,279571
drv_exp_wlk,AM,XWAIT,13.9484,13.8894,-0.4228,0.9236,260653
drv_exp_wlk,AM,WAUX,2.2741,2.7805,22.2714,0.7689,155434
drv_exp_wlk,AM,BOARDS,2.3448,2.3455,0.0276,0.9838,279571
drv_exp_wlk,AM,FARE,486.7975,473.9989,-2.6291,0.9308,279571
drv_exp_wlk,AM,KEYIVT,35.4030,34.5156,-2.5064,0.9757,279571
drv_exp_wlk,AM,DTIM,10.0601,10.0426,-0.1743,0.9934,279571
drv_exp_wlk,AM,DDIST,6.7404,6.7281,-0.1831,0.9886,279571
drv_exp_wlk,MD,TOTIVT,58.4239,57.7135,-1.2160,0.9921,221671
drv_exp_wlk,MD,IWAIT,22.3140,20.9233,-6.2321,0.8403,221671
drv_exp_wlk,MD,XWAIT,14.6887,14.3212,-2.5020,0.9104,209169
drv_exp_wlk,MD,WAUX,2.2873,2.8299,23.7188,0.7937,122278
drv_exp_wlk,MD,BOARDS,2.3629,2.3664,0.1472,0.9888,221671
drv_exp_wlk,MD,FARE,475.6263,471.9314,-0.7769,0.9493,221671
drv_exp_wlk,MD,KEYIVT,33.6410,32.2703,-4.0744,0.9864,221671
drv_exp_wlk,MD,DTIM,10.0618,10.1155,0.5340,0.9979,221671
drv_exp_wlk,MD,DDIST,6.7143,6.7220,0.1147,0.9961,221671
drv_exp_wlk,PM,TOTIVT,60.5871,60.4694,-0.1943,0.9834,293904
drv_exp_wlk,PM,IWAIT,16.7647,15.2924,-8.7818,0.8654,293904
drv_exp_wlk,PM,XWAIT,15.4713,14.8763,-3.8461,0.9055,274467
drv_exp_wlk,PM,WAUX,2.2197,2.5708,15.8172,0.8059,156053
drv_exp_wlk,PM,BOARDS,2.3334,2.3406,0.3061,0.9821,293904
drv_exp_wlk,PM,FARE,469.6654,470.8261,0.2471,0.9284,293904
drv_exp_wlk,PM,KEYIVT,36.1242,35.5840,-1.4952,0.9739,293904
drv_exp_wlk,PM,DTIM,10.2326,10.0904,-1.3890,0.9962,293904
drv_exp_wlk,PM,DDIST,6.7718,6.7506,-0.3125,0.9947,293904
drv_exp_wlk,EV,TOTIVT,61.5013,60.4982,-1.6309,0.9840,204385
drv_exp_wlk,EV,IWAIT,22.1233,22.4475,1.4655,0.9095,204385
drv_exp_wlk,EV,XWAIT,14.6900,13.8149,-5.9571,0.8988,192924
drv_exp_wlk,EV,WAUX,2.4349,2.7304,12.1355,0.8889,128070
drv_exp_wlk,EV,BOARDS,2.3533,2.3583,0.2130,0.9803,204385
drv_exp_wlk,EV,FARE,528.8483,514.1336,-2.7824,0.9127,204385
drv_exp_wlk,EV,KEYIVT,39.9523,38.9178,-2.5894,0.9659,204385
drv_exp_wlk,EV,DTIM,9.4823,9.7918,3.2641,0.9966,204385
drv_exp_wlk,EV,DDIST,6.2434,6.2629,0.3110,0.9943,204385
drv_hvy_wlk,EA,TOTIVT,46.9676,46.8955,-0.1535,0.9848,674996
drv_hvy_wlk,EA,IWAIT,18.9700,20.8217,9.7614,0.7821,674996
drv_hvy_wlk,EA,XWAIT,24.0461,24.8961,3.5345,0.8544,452100
drv_hvy_wlk,EA,WAUX,3.5206,3.7229,5.7474,0.7426,674996
drv_hvy_wlk,EA,BOARDS,1.6733,1.6738,0.0294,0.9884,674996
drv_hvy_wlk,EA,FARE,384.8497,392.6186,2.0187,0.8952,674996
drv_hvy_wlk,EA,KEYIVT,38.3116,37.8300,-1.2570,0.9862,674996
drv_hvy_wlk,EA,DTIM,10.9887,11.3588,3.3687,0.9967,674996
drv_hvy_wlk,EA,DDIST,7.9257,7.9580,0.4073,0.9982,674996
drv_hvy_wlk,AM,TOTIVT,57.2456,57.0306,-0.3755,0.9942,1199797
drv_hvy_wlk,AM,IWAIT,6.4401,7.3525,14.1674,0.6960,1199797
drv_hvy_wlk,AM,XWAIT,12.3724,12.2924,-0.6465,0.9539,972384
drv_hvy_wlk,AM,WAUX,3.5995,3.5447,-1.5239,0.9361,1199797
drv_hvy_wlk,AM,BOARDS,2.0134,2.0112,-0.1108,0.9961,1199797
drv_hvy_wlk,AM,FARE,428.5059,443.9683,3.6084,0.9144,1199797
drv_hvy_wlk,AM,KEYIVT,41.3733,41.4544,0.1960,0.9953,1199797
drv_hvy_wlk,AM,DTIM,11.2804,11.2694,-0.0976,0.9988,1199797
drv_hvy_wlk,AM,DDIST,7.9155,7.9020,-0.1707,0.9993,1199797
drv_hvy_wlk,MD,TOTIVT,57.0971,56.7772,-0.5602,0.9941,1181107
drv_hvy_wlk,MD,IWAIT,6.5985,7.5546,14.4904,0.7277,1181107
drv_hvy_wlk,MD,XWAIT,12.6260,12.5516,-0.5894,0.9411,954075
drv_hvy_wlk,MD,WAUX,3.5512,3.5126,-1.0893,0.9282,1181107
drv_hvy_wlk,MD,BOARDS,2.0050,2.0026,-0.1181,0.9944,1181107
drv_hvy_wlk,MD,FARE,425.8718,441.2019,3.5997,0.9183,1181107
drv_hvy_wlk,MD,KEYIVT,41.3471,41.3717,0.0597,0.9961,1181107
drv_hvy_wlk,MD,DTIM,11.2121,11.2472,0.3133,0.9973,1181107
drv_hvy_wlk,MD,DDIST,7.9354,7.8826,-0.6642,0.9974,1181107
drv_hvy_wlk,PM,TOTIVT,58.0110,57.7717,-0.4125,0.9918,1221767
drv_hvy_wlk,PM,IWAIT,6.3832,7.3151,14.5989,0.6973,1221767
drv_hvy_wlk,PM,XWAIT,12.0515,11.8159,-1.9552,0.9454,994718
drv_hvy_wlk,PM,WAUX,3.6202,3.5347,-2.3612,0.9306,1221767
drv_hvy_wlk,PM,BOARDS,2.0129,2.0113,-0.0788,0.9944,1221767
drv_hvy_wlk,PM,FARE,433.8048,448.5468,3.3983,0.9160,1221767
drv_hvy_wlk,PM,KEYIVT,41.4143,41.4574,0.1043,0.9910,1221767
drv_hvy_wlk,PM,DTIM,11.5940,11.2644,-2.8426,0.9901,1221767
drv_hvy_wlk,PM,DDIST,8.0786,7.9015,-2.1921,0.9952,1221767
drv_hvy_wlk,EV,TOTIVT,56.1865,55.6900,-0.8837,0.9937,1075473
drv_hvy_wlk,EV,IWAIT,5.3488,5.7344,7.2092,0.5250,1075473
drv_hvy_wlk,EV,XWAIT,12.7303,13.0600,2.5906,0.9632,891907
drv_hvy_wlk,EV,WAUX,3.4288,3.4049,-0.6989,0.9180,1075473
drv_hvy_wlk,EV,BOARDS,2.0855,2.0681,-0.8351,0.9950,1075473
drv_hvy_wlk,EV,FARE,417.2783,432.8201,3.7245,0.9054,1075473
drv_hvy_wlk,EV,KEYIVT,41.3415,41.2519,-0.2167,0.9963,1075473
drv_hvy_wlk,EV,DTIM,10.9437,11.2699,2.9802,0.9956,1075473
drv_hvy_wlk,EV,DDIST,7.9113,7.9266,0.1929,0.9966,1075473
drv_com_wlk,EA,TOTIVT,46.1385,43.8608,-4.9368,0.9269,228355
drv_com_wlk,EA,IWAIT,28.7190,24.5777,-14.4200,0.9429,228355
drv_com_wlk,EA,XWAIT,27.6805,32.4680,17.2954,0.7331,170456
drv_com_wlk,EA,WAUX,4.4173,3.9857,-9.7704,0.6768,228355
drv_com_wlk,EA,BOARDS,1.8447,1.7953,-2.6817,0.9240,228355
drv_com_wlk,EA,FARE,507.5984,452.8302,-10.7897,0.6737,228355
drv_com_wlk,EA,KEYIVT,32.7159,28.4690,-12.9810,0.9229,228355
drv_com_wlk,EA,DTIM,8.8815,9.2693,4.3661,0.9877,228355
drv_com_wlk,EA,DDIST,5.9550,5.8435,-1.8724,0.9824,228355
drv_com_wlk,AM,TOTIVT,57.9916,58.5495,0.9620,0.9798,803771
drv_com_wlk,AM,IWAIT,23.3480,21.9935,-5.8017,0.7880,803771
drv_com_wlk,AM,XWAIT,10.9066,9.7589,-10.5225,0.8396,734628
drv_com_wlk,AM,WAUX,4.5141,4.1066,-9.0275,0.8064,803771
drv_com_wlk,AM,BOARDS,2.1438,2.1470,0.1489,0.9853,803771
drv_com_wlk,AM,FARE,651.1146,569.5348,-12.5292,0.7574,803771
drv_com_wlk,AM,KEYIVT,35.1785,35.2218,0.1230,0.9743,803771
drv_com_wlk,AM,DTIM,9.8544,9.8359,-0.1871,0.9943,803771
drv_com_wlk,AM,DDIST,6.3550,6.3228,-0.5069,0.9935,803771
drv_com_wlk,MD,TOTIVT,55.2677,53.2307,-3.6857,0.9525,536751
drv_com_wlk,MD,IWAIT,27.7261,26.7235,-3.6159,0.9293,536751
drv_com_wlk,MD,XWAIT,10.4511,10.3392,-1.0705,0.8830,479442
drv_com_wlk,MD,WAUX,3.9891,3.7165,-6.8326,0.7592,536751
drv_com_wlk,MD,BOARDS,2.0762,2.0906,0.6927,0.9825,536751
drv_com_wlk,MD,FARE,584.4001,499.8020,-14.4761,0.6026,536751
drv_com_wlk,MD,KEYIVT,33.1530,30.4989,-8.0058,0.9488,536751
drv_com_wlk,MD,DTIM,9.3035,9.4287,1.3450,0.9870,536751
drv_com_wlk,MD,DDIST,5.9961,5.9157,-1.3399,0.9818,536751
drv_com_wlk,PM,TOTIVT,55.8259,53.4197,-4.3102,0.9353,696276
drv_com_wlk,PM,IWAIT,22.4986,22.1298,-1.6395,0.7967,696276
drv_com_wlk,PM,XWAIT,10.6675,9.5193,-10.7634,0.8114,630458
drv_com_wlk,PM,WAUX,4.4685,4.0732,-8.8459,0.7558,696276
drv_com_wlk,PM,BOARDS,2.1343,2.1552,0.9812,0.9563,696276
drv_com_wlk,PM,FARE,640.2340,536.7330,-16.1661,0.6404,696276
drv_com_wlk,PM,KEYIVT,31.3674,28.3233,-9.7047,0.9279,696276
drv_com_wlk,PM,DTIM,9.9481,9.8445,-1.0419,0.9824,696276
drv_com_wlk,PM,DDIST,6.4261,6.2838,-2.2148,0.9787,696276
drv_com_wlk,EV,TOTIVT,58.0960,55.6050,-4.2878,0.9614,482617
drv_com_wlk,EV,IWAIT,17.8931,19.3112,7.9254,0.8997,482617
drv_com_wlk,EV,XWAIT,12.3849,9.6801,-21.8400,0.8818,430632
drv_com_wlk,EV,WAUX,4.0545,3.6754,-9.3491,0.5654,482617
drv_com_wlk,EV,BOARDS,2.1157,2.1100,-0.2710,0.9779,482617
drv_com_wlk,EV,FARE,584.1550,499.4625,-14.4983,0.6187,482617
drv_com_wlk,EV,KEYIVT,34.3545,30.8719,-10.1371,0.9526,482617
drv_com_wlk,EV,DTIM,9.0898,9.5517,5.0823,0.9840,482617
drv_com_wlk,EV,DDIST,6.0952,6.0234,-1.1792,0.9766,482617
wlk_loc_drv,EA,TOTIVT,39.8898,39.0747,-2.0433,0.9783,208198
wlk_loc_drv,EA,IWAIT,30.8933,31.9037,3.2705,0.8719,208198
wlk_loc_drv,EA,XWAIT,26.2764,27.5173,4.7227,0.7519,105643
wlk_loc_drv,EA,WAUX,3.0121,3.4836,15.6511,0.2327,33363
wlk_loc_drv,EA,BOARDS,1.5062,1.5060,-0.0176,0.9702,208198
wlk_loc_drv,EA,FARE,180.5133,172.2898,-4.5556,0.8264,208198
wlk_loc_drv,EA,DTIM,4.9953,5.0141,0.3763,0.9519,208198
wlk_loc_drv,EA,DDIST,3.1736,3.1183,-1.7425,0.9582,208198
wlk_loc_drv,AM,TOTIVT,52.7026,51.4811,-2.3178,0.9895,464312
wlk_loc_drv,AM,IWAIT,10.4582,10.5507,0.8846,0.9188,464312
wlk_loc_drv,AM,XWAIT,15.7809,15.9046,0.7844,0.9718,342278
wlk_loc_drv,AM,WAUX,4.7604,4.9022,2.9780,0.8649,97948
wlk_loc_drv,AM,BOARDS,2.0368,2.0344,-0.1211,0.9912,464312
wlk_loc_drv,AM,FARE,191.5210,190.4559,-0.5562,0.9596,464312
wlk_loc_drv,AM,DTIM,5.6798,5.6509,-0.5088,0.9670,464312
wlk_loc_drv,AM,DDIST,3.5915,3.5816,-0.2746,0.9693,464312
wlk_loc_drv,MD,TOTIVT,51.9920,50.5995,-2.6782,0.9880,438615
wlk_loc_drv,MD,IWAIT,10.3435,10.3773,0.3268,0.9448,438615
wlk_loc_drv,MD,XWAIT,15.1771,15.2655,0.5822,0.9733,317757
wlk_loc_drv,MD,WAUX,4.1940,4.4996,7.2860,0.8525,79032
wlk_loc_drv,MD,BOARDS,1.9905,1.9895,-0.0514,0.9921,438615
wlk_loc_drv,MD,FARE,186.6426,184.6761,-1.0536,0.9594,438615
wlk_loc_drv,MD,DTIM,5.7944,5.7676,-0.4625,0.9628,438615
wlk_loc_drv,MD,DDIST,3.7091,3.7028,-0.1707,0.9641,438615
wlk_loc_drv,PM,TOTIVT,53.3271,52.1005,-2.3001,0.9876,484659
wlk_loc_drv,PM,IWAIT,9.2772,9.4627,1.9999,0.9229,484659
wlk_loc_drv,PM,XWAIT,14.7112,14.9147,1.3838,0.9639,363570
wlk_loc_drv,PM,WAUX,5.2949,5.1894,-1.9914,0.8612,113049
wlk_loc_drv,PM,BOARDS,2.1125,2.1080,-0.2142,0.9910,484659
wlk_loc_drv,PM,FARE,194.3308,193.5801,-0.3863,0.9634,484659
wlk_loc_drv,PM,DTIM,5.7082,5.6385,-1.2208,0.9589,484659
wlk_loc_drv,PM,DDIST,3.5662,3.5863,0.5636,0.9616,484659
wlk_loc_drv,EV,TOTIVT,51.8727,50.5401,-2.5691,0.9850,438269
wlk_loc_drv,EV,IWAIT,13.1835,13.0766,-0.8110,0.9336,438269
wlk_loc_drv,EV,XWAIT,17.5875,17.7827,1.1099,0.9613,313617
wlk_loc_drv,EV,WAUX,4.4669,4.9106,9.9326,0.8228,92414
wlk_loc_drv,EV,BOARDS,1.9553,1.9635,0.4164,0.9835,438269
wlk_loc_drv,EV,FARE,190.3471,187.4067,-1.5448,0.9582,438269
wlk_loc_drv,EV,DTIM,5.4565,5.5371,1.4773,0.9563,438269
wlk_loc_drv,EV,DDIST,3.5177,3.5139,-0.1072,0.9576,438269
wlk_lrf_drv,EA,TOTIVT,26.9172,27.3267,1.5214,0.9702,43362
wlk_lrf_drv,EA,IWAIT,46.3186,48.1032,3.8529,0.8934,43362
wlk_lrf_drv,EA,XWAIT,42.1915,36.9077,-12.5234,0.7708,16898
wlk_lrf_drv,EA,WAUX,2.3407,2.4994,6.7828,0.6710,43085
wlk_lrf_drv,EA,BOARDS,1.3894,1.3861,-0.2354,0.9960,43362
wlk_lrf_drv,EA,FARE,159.6402,159.0680,-0.3585,0.9658,43362
wlk_lrf_drv,EA,KEYIVT,20.6860,20.2538,-2.0896,0.9591,43362
wlk_lrf_drv,EA,DTIM,14.5951,14.9658,2.5400,0.9970,43362
wlk_lrf_drv,EA,DDIST,12.2840,12.4750,1.5550,0.9972,43362
wlk_lrf_drv,AM,TOTIVT,48.4859,50.2409,3.6197,0.9664,417743
wlk_lrf_drv,AM,IWAIT,8.6006,8.6748,0.8631,0.9126,417743
wlk_lrf_drv,AM,XWAIT,21.3973,18.2744,-14.5950,0.9726,369686
wlk_lrf_drv,AM,WAUX,5.3661,5.3351,-0.5762,0.9808,413209
wlk_lrf_drv,AM,BOARDS,1.9686,1.9648,-0.1930,0.9900,417743
wlk_lrf_drv,AM,FARE,294.6762,294.6347,-0.0141,0.9924,417743
wlk_lrf_drv,AM,KEYIVT,32.4953,34.0781,4.8708,0.9562,417743
wlk_lrf_drv,AM,DTIM,19.7135,19.8997,0.9445,0.9982,417743
wlk_lrf_drv,AM,DDIST,16.4818,16.7239,1.4687,0.9979,417743
wlk_lrf_drv,MD,TOTIVT,47.5397,47.9939,0.9554,0.9783,337322
wlk_lrf_drv,MD,IWAIT,8.7341,8.1452,-6.7429,0.9009,337322
wlk_lrf_drv,MD,XWAIT,19.1867,16.0476,-16.3610,0.9573,294809
wlk_lrf_drv,MD,WAUX,4.7745,4.7700,-0.0932,0.9421,332483
wlk_lrf_drv,MD,BOARDS,1.9686,1.9628,-0.2945,0.9817,337322
wlk_lrf_drv,MD,FARE,271.0594,270.4636,-0.2198,0.9872,337312
wlk_lrf_drv,MD,KEYIVT,32.2341,32.4412,0.6426,0.9639,337322
wlk_lrf_drv,MD,DTIM,19.7289,19.9318,1.0284,0.9963,337322
wlk_lrf_drv,MD,DDIST,16.8874,16.8814,-0.0356,0.9970,337322
wlk_lrf_drv,PM,TOTIVT,48.3951,49.7257,2.7495,0.9762,354889
wlk_lrf_drv,PM,IWAIT,8.7718,8.5813,-2.1715,0.9070,354889
wlk_lrf_drv,PM,XWAIT,16.7174,14.7085,-12.0169,0.9332,307891
wlk_lrf_drv,PM,WAUX,4.8078,4.8380,0.6279,0.9365,349959
wlk_lrf_drv,PM,BOARDS,1.9720,1.9649,-0.3619,0.9789,354889
wlk_lrf_drv,PM,FARE,286.1265,284.9984,-0.3943,0.9911,354875
wlk_lrf_drv,PM,KEYIVT,33.2903,34.4653,3.5295,0.9662,354889
wlk_lrf_drv,PM,DTIM,19.3993,19.6950,1.5241,0.9964,354889
wlk_lrf_drv,PM,DDIST,16.2949,16.6596,2.2379,0.9971,354889
wlk_lrf_drv,EV,TOTIVT,42.4328,42.6290,0.4623,0.9812,243962
wlk_lrf_drv,EV,IWAIT,13.1184,12.6430,-3.6245,0.9442,243962
wlk_lrf_drv,EV,XWAIT,20.2075,18.5952,-7.9789,0.9790,203387
wlk_lrf_drv,EV,WAUX,3.6889,3.6645,-0.6614,0.9536,239504
wlk_lrf_drv,EV,BOARDS,1.8818,1.8824,0.0365,0.9885,243962
wlk_lrf_drv,EV,FARE,208.5778,207.1279,-0.6952,0.9753,243942
wlk_lrf_drv,EV,KEYIVT,26.7679,26.7104,-0.2148,0.9606,243962
wlk_lrf_drv,EV,DTIM,19.3449,19.6119,1.3801,0.9930,243962
wlk_lrf_drv,EV,DDIST,16.6117,16.8477,1.4210,0.9971,243962
wlk_exp_drv,EA,TOTIVT,53.7394,53.0513,-1.2803,0.9939,64480
wlk_exp_drv,EA,IWAIT,23.2845,21.2681,-8.6602,0.9356,64480
wlk_exp_drv,EA,XWAIT,27.7639,36.1738,30.2907,0.8877,58482
wlk_exp_drv,EA,WAUX,5.4828,5.3740,-1.9842,0.8403,28703
wlk_exp_drv,EA,BOARDS,1.9666,1.9761,0.4856,0.9830,64480
wlk_exp_drv,EA,FARE,569.3654,540.1691,-5.1279,0.9464,64480
wlk_exp_drv,EA,KEYIVT,37.3196,36.7597,-1.5004,0.9906,64480
wlk_exp_drv,EA,DTIM,8.9528,9.2894,3.7601,0.9968,64480
wlk_exp_drv,EA,DDIST,6.0242,6.0536,0.4882,0.9938,64480
wlk_exp_drv,AM,TOTIVT,58.8848,58.5629,-0.5465,0.9877,266097
wlk_exp_drv,AM,IWAIT,12.5983,13.1342,4.2531,0.9261,266097
wlk_exp_drv,AM,XWAIT,23.7313,21.7735,-8.2502,0.8917,247544
wlk_exp_drv,AM,WAUX,2.0877,2.7086,29.7435,0.7134,133197
wlk_exp_drv,AM,BOARDS,2.3218,2.3100,-0.5119,0.9799,266097
wlk_exp_drv,AM,FARE,515.7967,495.5386,-3.9275,0.9001,266097
wlk_exp_drv,AM,KEYIVT,34.4452,34.0210,-1.2316,0.9690,266097
wlk_exp_drv,AM,DTIM,10.0545,10.0629,0.0837,0.9966,266097
wlk_exp_drv,AM,DDIST,6.7075,6.7185,0.1651,0.9949,266097
wlk_exp_drv,MD,TOTIVT,58.3242,57.3088,-1.7410,0.9923,222289
wlk_exp_drv,MD,IWAIT,10.7563,11.1891,4.0243,0.9004,222289
wlk_exp_drv,MD,XWAIT,26.3683,24.9582,-5.3475,0.8424,209252
wlk_exp_drv,MD,WAUX,2.0682,2.8870,39.5917,0.7237,116418
wlk_exp_drv,MD,BOARDS,2.3663,2.3663,-0.0026,0.9909,222289
wlk_exp_drv,MD,FARE,523.5340,496.5061,-5.1626,0.9129,222289
wlk_exp_drv,MD,KEYIVT,33.8932,32.8429,-3.0989,0.9848,222289
wlk_exp_drv,MD,DTIM,9.9563,10.0122,0.5614,0.9971,222289
wlk_exp_drv,MD,DDIST,6.6169,6.6226,0.0864,0.9954,222289
wlk_exp_drv,PM,TOTIVT,57.7245,57.5870,-0.2383,0.9828,302841
wlk_exp_drv,PM,IWAIT,11.1204,11.5200,3.5930,0.8817,302841
wlk_exp_drv,PM,XWAIT,22.1643,21.5584,-2.7336,0.9143,280031
wlk_exp_drv,PM,WAUX,2.3804,2.7107,13.8729,0.7947,157416
wlk_exp_drv,PM,BOARDS,2.2456,2.2468,0.0525,0.9680,302841
wlk_exp_drv,PM,FARE,493.4286,488.9381,-0.9101,0.9247,302841
wlk_exp_drv,PM,KEYIVT,33.3648,33.0286,-1.0077,0.9725,302841
wlk_exp_drv,PM,DTIM,10.1902,10.0436,-1.4389,0.9917,302841
wlk_exp_drv,PM,DDIST,6.7466,6.7165,-0.4453,0.9887,302841
wlk_exp_drv,EV,TOTIVT,61.8974,60.7624,-1.8336,0.9887,201984
wlk_exp_drv,EV,IWAIT,11.5820,11.7042,1.0557,0.9183,201984
wlk_exp_drv,EV,XWAIT,22.3232,21.2109,-4.9827,0.8866,190879
wlk_exp_drv,EV,WAUX,3.0095,3.7098,23.2710,0.7285,129012
wlk_exp_drv,EV,BOARDS,2.3397,2.3289,-0.4609,0.9890,201984
wlk_exp_drv,EV,FARE,566.0111,533.1250,-5.8101,0.9107,201984
wlk_exp_drv,EV,KEYIVT,40.1139,39.3973,-1.7864,0.9827,201984
wlk_exp_drv,EV,DTIM,9.6120,9.9521,3.5378,0.9970,201984
wlk_exp_drv,EV,DDIST,6.3367,6.3905,0.8495,0.9949,201984
wlk_hvy_drv,EA,TOTIVT,46.6666,46.9195,0.5420,0.9816,699493
wlk_hvy_drv,EA,IWAIT,23.0523,23.4446,1.7020,0.8619,699493
wlk_hvy_drv,EA,XWAIT,17.6644,19.7332,11.7117,0.6668,473060
wlk_hvy_drv,EA,WAUX,3.8627,3.7955,-1.7382,0.8441,699493
wlk_hvy_drv,EA,BOARDS,1.6868,1.6860,-0.0434,0.9879,699493
wlk_hvy_drv,EA,FARE,406.7929,412.3349,1.3624,0.8921,699493
wlk_hvy_drv,EA,KEYIVT,37.5091,37.4846,-0.0653,0.9860,699493
wlk_hvy_drv,EA,DTIM,11.0646,11.3664,2.7278,0.9952,699493
wlk_hvy_drv,EA,DDIST,8.0096,7.9675,-0.5248,0.9961,699493
wlk_hvy_drv,AM,TOTIVT,57.5629,57.6168,0.0938,0.9934,1213770
wlk_hvy_drv,AM,IWAIT,9.6705,9.4886,-1.8813,0.9111,1213770
wlk_hvy_drv,AM,XWAIT,8.3127,9.1732,10.3517,0.8582,985955
wlk_hvy_drv,AM,WAUX,3.7602,3.7078,-1.3937,0.9371,1213770
wlk_hvy_drv,AM,BOARDS,2.0083,2.0069,-0.0676,0.9969,1213770
wlk_hvy_drv,AM,FARE,458.9552,471.2438,2.6775,0.9189,1213770
wlk_hvy_drv,AM,KEYIVT,41.1381,41.2828,0.3519,0.9943,1213770
wlk_hvy_drv,AM,DTIM,11.2757,11.2327,-0.3820,0.9984,1213770
wlk_hvy_drv,AM,DDIST,7.9132,7.8604,-0.6671,0.9986,1213770
wlk_hvy_drv,MD,TOTIVT,56.7336,56.7275,-0.0108,0.9923,1177979
wlk_hvy_drv,MD,IWAIT,9.9316,9.6423,-2.9124,0.9119,1177979
wlk_hvy_drv,MD,XWAIT,8.5529,9.5343,11.4740,0.8574,950542
wlk_hvy_drv,MD,WAUX,3.6673,3.6502,-0.4666,0.9327,1177979
wlk_hvy_drv,MD,BOARDS,2.0026,2.0005,-0.1041,0.9945,1177979
wlk_hvy_drv,MD,FARE,450.2273,464.3527,3.1374,0.9158,1177979
wlk_hvy_drv,MD,KEYIVT,41.0570,41.1796,0.2986,0.9949,1177979
wlk_hvy_drv,MD,DTIM,11.2091,11.2117,0.0237,0.9974,1177979
wlk_hvy_drv,MD,DDIST,7.9352,7.8434,-1.1574,0.9972,1177979
wlk_hvy_drv,PM,TOTIVT,57.4115,57.4029,-0.0151,0.9909,1213674
wlk_hvy_drv,PM,IWAIT,9.2178,8.9955,-2.4118,0.9055,1213674
wlk_hvy_drv,PM,XWAIT,8.3959,9.2944,10.7018,0.8613,986216
wlk_hvy_drv,PM,WAUX,3.7002,3.6579,-1.1436,0.9420,1213674
wlk_hvy_drv,PM,BOARDS,2.0213,2.0196,-0.0838,0.9943,1213674
wlk_hvy_drv,PM,FARE,456.7354,470.7906,3.0773,0.9169,1213674
wlk_hvy_drv,PM,KEYIVT,41.1175,41.2431,0.3056,0.9918,1213674
wlk_hvy_drv,PM,DTIM,11.6027,11.2199,-3.2993,0.9897,1213674
wlk_hvy_drv,PM,DDIST,8.0890,7.8502,-2.9515,0.9940,1213674
wlk_hvy_drv,EV,TOTIVT,55.3554,54.8402,-0.9309,0.9899,1075072
wlk_hvy_drv,EV,IWAIT,10.3860,10.5568,1.6445,0.9372,1075072
wlk_hvy_drv,EV,XWAIT,7.3964,7.5943,2.6755,0.8544,891055
wlk_hvy_drv,EV,WAUX,3.5387,3.5338,-0.1373,0.9324,1075072
wlk_hvy_drv,EV,BOARDS,2.0777,2.0677,-0.4815,0.9905,1075072
wlk_hvy_drv,EV,FARE,437.9513,454.7975,3.8466,0.9134,1075072
wlk_hvy_drv,EV,KEYIVT,40.9892,40.8008,-0.4597,0.9944,1075072
wlk_hvy_drv,EV,DTIM,10.8897,11.2010,2.8585,0.9973,1075072
wlk_hvy_drv,EV,DDIST,7.8671,7.8614,-0.0726,0.9979,1075072
wlk_com_drv,EA,TOTIVT,36.0371,36.3814,0.9554,0.9908,81768
wlk_com_drv,EA,IWAIT,34.7420,32.2412,-7.1981,0.9597,81768
wlk_com_drv,EA,XWAIT,52.5937,51.0489,-2.9374,0.7540,21562
wlk_com_drv,EA,WAUX,2.8711,2.7880,-2.8950,0.8915,81768
wlk_com_drv,EA,BOARDS,1.2641,1.2641,0.0076,0.9969,81768
wlk_com_drv,EA,FARE,462.2740,446.2150,-3.4739,0.9317,81768
wlk_com_drv,EA,KEYIVT,32.1012,32.1278,0.0830,0.9926,81768
wlk_com_drv,EA,DTIM,8.4438,8.7614,3.7605,0.9873,81768
wlk_com_drv,EA,DDIST,5.4944,5.4042,-1.6425,0.9820,81768
wlk_com_drv,AM,TOTIVT,57.2285,55.6354,-2.7838,0.9724,659586
wlk_com_drv,AM,IWAIT,10.7372,8.1446,-24.1464,0.8318,659586
wlk_com_drv,AM,XWAIT,24.4605,26.5474,8.5315,0.7943,588739
wlk_com_drv,AM,WAUX,4.5734,4.2452,-7.1749,0.8331,659586
wlk_com_drv,AM,BOARDS,2.1182,2.1014,-0.7942,0.9646,659586
wlk_com_drv,AM,FARE,670.3937,572.2355,-14.6419,0.7354,659586
wlk_com_drv,AM,KEYIVT,34.1091,32.7319,-4.0377,0.9718,659586
wlk_com_drv,AM,DTIM,9.6058,9.7016,0.9968,0.9807,659586
wlk_com_drv,AM,DDIST,6.0654,6.1620,1.5934,0.9715,659586
wlk_com_drv,MD,TOTIVT,54.5024,55.9031,2.5699,0.9856,519910
wlk_com_drv,MD,IWAIT,11.5731,11.1678,-3.5024,0.9426,519910
wlk_com_drv,MD,XWAIT,32.4916,31.5065,-3.0317,0.8923,456433
wlk_com_drv,MD,WAUX,3.9728,3.7800,-4.8532,0.7619,519910
wlk_com_drv,MD,BOARDS,2.0329,2.0320,-0.0449,0.9915,519910
wlk_com_drv,MD,FARE,609.2663,537.2743,-11.8162,0.7201,519910
wlk_com_drv,MD,KEYIVT,33.6980,34.8545,3.4318,0.9792,519910
wlk_com_drv,MD,DTIM,9.4694,9.5445,0.7925,0.9849,519910
wlk_com_drv,MD,DDIST,6.1715,6.0744,-1.5735,0.9809,519910
wlk_com_drv,PM,TOTIVT,58.1604,56.3007,-3.1975,0.9708,728346
wlk_com_drv,PM,IWAIT,10.0482,7.7131,-23.2390,0.8886,728346
wlk_com_drv,PM,XWAIT,25.8152,27.6750,7.2044,0.8473,657879
wlk_com_drv,PM,WAUX,4.4454,3.9853,-10.3482,0.8131,728346
wlk_com_drv,PM,BOARDS,2.1275,2.1211,-0.2965,0.9811,728346
wlk_com_drv,PM,FARE,667.2944,590.0771,-11.5717,0.7344,728346
wlk_com_drv,PM,KEYIVT,35.1178,32.9240,-6.2467,0.9556,728346
wlk_com_drv,PM,DTIM,9.9062,9.9214,0.1537,0.9850,728346
wlk_com_drv,PM,DDIST,6.4206,6.4251,0.0702,0.9829,728346
wlk_com_drv,EV,TOTIVT,60.0439,59.5887,-0.7581,0.9851,470662
wlk_com_drv,EV,IWAIT,11.3610,8.6318,-24.0223,0.8436,470662
wlk_com_drv,EV,XWAIT,18.3947,23.3072,26.7065,0.8446,414309
wlk_com_drv,EV,WAUX,4.2251,3.5321,-16.4020,0.6434,470662
wlk_com_drv,EV,BOARDS,2.1148,2.0954,-0.9198,0.9598,470662
wlk_com_drv,EV,FARE,605.9018,514.7366,-15.0462,0.6336,470662
wlk_com_drv,EV,KEYIVT,36.6657,35.0548,-4.3935,0.9734,470662
wlk_com_drv,EV,DTIM,9.3745,9.7633,4.1467,0.9851,470662
wlk_com_drv,EV,DDIST,6.3779,6.2527,-1.9624,0.9768,470662
