TAZ1454,TOTEMP,RETEMPN,FPSEMPN,HEREMPN,AGREMPN,MWTEMPN,OTHEMPN
1,19842,414,15532,1684,4,665,1543
2,29888,266,20168,3179,13,1444,4818
3,2166,10,1321,425,0,5,405
4,24263,404,15988,3079,0,570,4222
5,14992,2529,6594,3605,0,702,1562
6,3005,58,494,2322,0,41,90
7,5053,942,1333,2679,0,14,85
8,4721,111,935,2820,0,33,822
9,7312,122,942,4022,0,3,2223
10,31281,181,5099,13362,0,909,11730
11,12353,2150,3828,3849,2,214,2310
12,17732,1379,10123,4035,0,726,1469
13,19107,105,14845,1131,1,485,2540
14,33397,76,22491,453,0,7303,3074
15,17375,435,9357,829,0,3639,3115
16,30066,373,17849,1655,7,1342,8840
17,16180,284,6485,886,0,2249,6276
18,9296,376,3442,2211,0,464,2803
19,13903,1045,5450,4069,0,447,2892
20,6477,450,2513,1457,0,597,1460
21,15370,317,8517,2418,11,2282,1825
22,17099,304,11114,2372,11,205,3093
23,9263,139,5766,918,0,547,1893
24,17422,481,8696,2410,2,347,5486
25,1931,178,245,1452,0,28,28
26,5019,53,2665,1089,0,127,1085
27,1659,97,73,1483,0,6,0
28,717,15,172,471,0,31,28
29,1527,12,653,829,0,24,9
30,1242,115,220,832,0,6,69
31,2270,15,480,1748,0,13,14
32,2637,333,219,2017,0,9,59
33,1489,98,371,908,0,55,57
34,1317,255,225,780,0,26,31
35,564,23,236,292,3,6,4
36,2353,262,236,1764,6,32,53
37,2688,97,759,1519,0,121,192
38,1433,169,506,460,0,141,157
39,534,21,108,367,1,8,29
40,2310,204,846,771,4,443,42
41,5848,890,2783,1911,0,210,54
42,565,18,54,354,1,30,108
43,1772,288,315,1015,0,118,36
44,1378,69,375,796,0,16,122
45,2896,226,650,1554,2,168,296
46,2031,24,625,1314,0,24,44
47,2973,133,755,1972,0,20,93
48,984,70,162,639,0,93,20
49,1138,1,171,941,0,4,21
50,2256,406,289,1331,1,16,213
51,500,96,65,278,0,35,26
52,6161,313,1785,2242,20,341,1460
53,1206,8,24,1010,0,0,164
54,830,183,55,504,0,41,47
55,318,35,33,216,0,11,23
56,3762,21,190,3549,0,0,2
57,291,1,35,230,0,9,16
58,866,50,74,683,0,29,30
59,1103,25,103,826,0,58,91
60,670,9,21,619,0,0,21
61,1152,24,717,392,0,0,19
62,1426,150,174,992,0,44,66
63,756,81,152,401,0,5,117
64,712,138,77,448,0,3,46
65,1611,223,296,925,2,25,140
66,1582,279,177,1001,0,36,89
67,852,54,73,661,0,9,55
68,941,31,286,574,0,0,50
69,10116,294,215,9526,0,28,53
70,2193,451,532,1038,0,23,149
71,2473,121,449,1827,7,31,38
72,1334,67,204,1041,0,11,11
73,1424,235,123,986,0,24,56
74,3184,198,523,2413,0,19,31
75,5199,482,821,3841,0,8,47
76,3269,55,379,907,0,13,1915
77,1554,162,109,1221,0,28,34
78,1349,2,102,1228,0,14,3
79,10153,158,485,5171,0,249,4090
80,607,13,187,367,0,21,19
81,17434,60,491,16758,0,27,98
82,1425,333,417,590,0,16,69
83,593,12,446,120,0,2,13
84,1708,27,249,1341,0,26,65
85,1248,166,188,643,0,53,198
86,1042,41,69,890,0,9,33
87,1829,22,119,1664,0,6,18
88,1647,543,189,701,19,28,167
89,1265,89,183,837,0,49,107
90,19757,53,159,19509,0,1,35
91,489,9,82,334,1,4,59
92,172,6,23,122,0,1,20
93,380,5,105,179,0,41,50
94,891,150,180,514,0,16,31
95,663,6,251,339,0,9,58
96,299,6,123,140,0,5,25
97,1343,84,107,1007,0,115,30
98,880,211,224,399,0,15,31
99,780,17,137,404,0,199,23
100,2125,211,620,1104,0,58,132
101,3272,425,589,1925,4,106,223
102,1689,189,112,1079,0,151,158
103,1020,104,261,602,0,37,16
104,1764,365,425,863,0,7,104
105,1680,133,152,1309,1,24,61
106,4373,389,924,2403,0,77,580
107,32589,1263,2684,4257,0,12997,11388
108,4863,218,1203,2584,0,442,416
109,6633,124,2871,944,0,429,2265
110,7437,149,3769,2040,0,1379,100
111,7329,373,2031,2113,0,1479,1333
112,922,37,289,267,0,251,78
113,1224,18,309,542,0,119,236
114,1321,379,307,462,0,61,112
115,595,10,225,339,0,15,6
116,5650,736,2303,1244,0,435,932
117,948,30,404,447,0,34,33
118,491,44,55,364,0,4,24
119,408,77,24,276,0,6,25
120,725,56,124,364,0,14,167
121,548,97,166,172,0,63,50
122,1131,65,416,430,0,115,105
123,1933,236,249,1265,0,93,90
124,330,104,22,172,0,3,29
125,224,5,23,179,0,1,16
126,286,0,45,201,0,7,33
127,697,93,74,477,0,2,51
128,735,42,269,365,0,9,50
129,284,0,87,143,0,7,47
130,938,201,253,436,6,17,25
131,415,4,82,184,0,86,59
132,660,210,88,303,0,40,19
133,2613,78,159,2203,0,25,148
134,911,30,122,590,0,69,100
135,622,79,56,432,0,11,44
136,1001,0,57,895,0,2,47
137,443,47,33,302,0,1,60
138,2668,226,156,1087,0,30,1169
139,1002,67,130,574,15,74,142
140,323,37,0,222,0,46,18
141,316,15,46,204,0,9,42
142,10054,861,1794,1159,0,2877,3363
143,931,36,75,574,0,74,172
144,739,0,187,529,0,7,16
145,843,0,77,531,0,29,206
146,196,0,128,35,0,33,0
147,1916,34,219,424,2,571,666
148,2348,337,141,393,6,483,988
149,1080,6,533,304,0,43,194
150,2300,206,433,734,2,158,767
151,148,19,3,113,0,9,4
152,932,5,565,326,0,4,32
153,249,1,12,184,0,27,25
154,640,118,87,396,0,28,11
155,387,4,25,314,0,1,43
156,191,2,5,173,0,0,11
157,198,4,0,182,0,9,3
158,350,0,17,331,0,0,2
159,366,29,12,278,0,2,45
160,286,1,52,217,0,4,12
161,409,15,42,320,0,4,28
162,549,60,61,360,0,15,53
163,474,14,20,393,0,8,39
164,3717,111,3057,448,0,35,66
165,1233,189,52,919,0,4,69
166,1036,12,30,882,0,9,103
167,505,14,26,377,0,4,84
168,634,25,35,479,0,12,83
169,1145,25,164,793,0,31,132
170,2079,118,384,1389,0,38,150
171,572,116,57,287,39,43,30
172,587,128,53,289,3,25,89
173,271,33,89,114,0,5,30
174,461,1,62,302,0,10,86
175,1347,81,240,957,0,36,33
176,506,72,79,309,0,12,34
177,1593,188,278,1022,0,39,66
178,542,7,112,372,0,5,46
179,665,6,50,502,0,14,93
180,507,61,22,381,0,13,30
181,855,76,86,545,6,39,103
182,533,37,27,339,0,21,109
183,1513,113,43,1284,0,25,48
184,920,144,145,539,0,23,69
185,2156,116,284,1638,0,29,89
186,1651,70,210,1219,2,29,121
187,1116,223,557,225,35,10,66
188,6351,726,121,5487,0,2,15
189,797,6,258,526,0,5,2
190,899,6,26,813,0,38,16
191,484,24,113,300,0,2,45
192,1554,705,200,634,0,1,14
193,2427,103,308,1438,0,124,454
194,2386,74,67,2150,0,21,74
195,274,0,32,203,0,7,32
196,280,0,46,221,0,1,12
197,476,164,58,246,0,1,7
198,1098,13,26,1034,0,25,0
199,1896,1124,148,600,0,2,22
200,4597,2543,255,1592,44,92,71
201,1244,260,109,603,2,143,127
202,516,8,25,419,0,17,47
203,2592,226,513,1002,0,78,773
204,698,139,96,393,0,9,61
205,296,2,52,219,0,6,17
206,149,4,39,82,0,3,21
207,878,47,43,341,0,424,23
208,8012,334,3173,753,37,2959,756
209,472,1,58,323,0,24,66
210,656,73,122,208,0,135,118
211,1672,166,465,713,96,94,138
212,44274,1173,13665,4642,234,21759,2801
213,1360,128,118,956,0,24,134
214,942,81,92,453,0,8,308
215,575,97,119,346,0,8,5
216,4311,106,24,4125,0,15,41
217,529,60,144,272,0,4,49
218,1995,259,303,1310,0,37,86
219,352,86,3,236,0,1,26
220,334,11,16,279,0,2,26
221,324,87,42,171,0,6,18
222,782,138,52,497,0,64,31
223,1160,110,174,529,0,41,306
224,336,11,18,207,0,2,98
225,960,144,121,571,0,28,96
226,871,223,123,428,6,4,87
227,392,2,57,203,6,43,81
228,15,0,0,15,0,0,0
229,808,15,32,745,0,4,12
230,1531,420,67,877,0,152,15
231,255,4,38,168,0,35,10
232,366,5,73,270,0,2,16
233,516,99,67,267,0,12,71
234,6866,1355,1473,1074,0,329,2635
235,853,10,18,480,0,42,303
236,1136,100,419,514,0,33,70
237,1630,166,162,1226,0,33,43
238,1181,31,86,362,0,619,83
239,10052,150,724,836,0,8281,61
240,2779,292,398,1794,0,187,108
241,466,0,58,316,0,9,83
242,255,2,25,205,0,6,17
243,159,0,63,74,0,6,16
244,992,214,131,451,0,38,158
245,354,1,21,300,0,1,31
246,4888,178,869,3715,0,47,79
247,289,3,21,142,0,5,118
248,16770,315,9367,3009,0,3016,1063
249,4735,242,1710,892,2,1186,703
250,692,88,83,382,0,21,118
251,4407,894,1242,1441,0,123,707
252,1595,2,444,877,9,83,180
253,223,43,56,65,0,32,27
254,630,1,160,414,5,6,44
255,561,6,135,383,0,16,21
256,2187,21,1284,814,0,9,59
257,7490,620,2191,3474,0,189,1016
258,1030,10,163,749,0,17,91
259,1602,117,108,1153,0,127,97
260,1470,164,413,539,0,175,179
261,502,20,59,340,0,17,66
262,754,63,155,456,0,17,63
263,317,2,8,197,0,63,47
264,993,85,487,327,0,37,57
265,8602,774,4491,704,0,344,2289
266,18323,671,11288,1876,0,2407,2081
267,510,4,55,419,0,8,24
268,443,0,23,375,0,37,8
269,571,67,147,322,0,24,11
270,80,0,26,40,0,4,10
271,589,62,126,175,0,214,12
272,160,7,33,113,0,2,5
273,132,6,49,42,0,7,28
274,2020,72,1386,243,0,18,301
275,1902,207,756,449,0,149,341
276,358,24,54,204,0,60,16
277,685,24,69,499,0,40,53
278,6736,608,2697,1145,0,131,2155
279,7155,557,3952,1247,6,308,1085
280,2992,389,1353,1016,0,49,185
281,2443,186,605,1132,0,117,403
282,4808,27,3895,606,10,93,177
283,351,22,3,298,0,16,12
284,3896,1149,558,2099,0,22,68
285,426,7,12,389,0,6,12
286,1516,240,175,926,0,61,114
287,1219,37,393,587,0,18,184
288,1353,101,114,1071,0,29,38
289,413,56,82,245,0,17,13
290,112,0,28,38,0,11,35
291,2258,120,301,1160,0,398,279
292,293,19,58,190,0,0,26
293,649,35,125,217,29,168,75
294,1268,96,106,822,5,70,169
295,1114,247,98,355,79,215,120
296,3526,306,666,1965,196,144,249
297,1117,48,87,402,435,52,93
298,1832,86,428,1067,117,81,53
299,1243,165,249,609,14,7,199
300,1075,18,127,805,0,79,46
301,637,69,135,350,0,4,79
302,321,4,152,92,2,20,51
303,702,3,112,522,0,8,57
304,1213,0,71,1067,7,19,49
305,130,0,18,108,0,0,4
306,195,2,60,101,0,4,28
307,619,4,214,331,0,49,21
308,405,0,57,190,4,54,100
309,4208,445,1349,2089,2,137,186
310,12211,1267,4699,2117,0,1938,2190
311,15824,169,6238,2795,0,2158,4464
312,639,4,183,147,0,146,159
313,9560,507,3196,2319,9,901,2628
314,6891,225,1006,3962,0,911,787
315,23037,1114,3826,5693,0,393,12011
316,288,36,97,84,0,20,51
317,1996,155,289,1328,0,157,67
318,546,9,141,310,0,0,86
319,335,6,87,182,0,1,59
320,558,1,51,403,0,21,82
321,901,158,247,432,0,11,53
322,706,45,257,313,0,67,24
323,1443,428,178,532,0,231,74
324,745,184,99,387,0,0,75
325,551,275,87,118,0,3,68
326,1520,624,183,391,0,114,208
327,841,155,153,440,0,69,24
328,500,29,207,181,0,38,45
329,2963,157,1144,615,0,415,632
330,536,34,101,240,0,26,135
331,38531,95,3857,772,17,2626,31164
332,6281,43,3030,1929,18,602,659
333,1527,547,99,810,0,11,60
334,868,78,240,397,0,30,123
335,2044,340,1447,214,5,22,16
336,633,174,263,165,0,19,12
337,1517,2,45,1310,0,3,157
338,127,0,57,50,0,0,20
339,862,0,59,743,0,0,60
340,4730,37,2052,893,5,195,1548
341,5134,713,1474,2429,0,43,475
342,1729,1,145,1521,7,15,40
343,662,3,112,530,0,0,17
344,244,2,32,153,0,34,23
345,884,27,465,365,0,3,24
346,7008,119,4718,805,3,808,555
347,2629,16,395,1837,127,178,76
348,11057,0,4377,202,0,256,6222
349,15171,31,6321,4638,0,3369,812
350,931,101,674,145,0,4,7
351,5349,223,2078,2485,3,109,451
352,162,0,0,83,1,0,78
353,274,55,39,157,0,5,18
354,19110,21,387,18701,0,1,0
355,27945,1513,434,25889,1,68,40
356,23021,830,7836,4134,0,435,9786
357,710,10,225,363,0,38,74
358,1003,16,411,464,0,33,79
359,702,2,258,319,0,51,72
360,595,26,258,289,2,4,16
361,837,148,169,374,0,43,103
362,3603,60,674,734,0,2046,89
363,732,83,45,586,0,2,16
364,432,76,46,310,0,0,0
365,831,62,253,337,0,26,153
366,4487,185,1097,1036,0,1676,493
367,4718,100,3361,1084,0,86,87
368,583,0,182,357,3,27,14
369,1106,8,309,687,0,40,62
370,3523,306,1491,1220,0,76,430
371,2238,276,483,1294,2,17,166
372,2775,873,438,1188,0,22,254
373,3693,204,2161,504,0,32,792
374,4663,694,1437,832,0,881,819
375,465,5,113,338,0,0,9
376,2803,111,1120,670,15,744,143
377,3137,38,699,219,0,289,1892
378,8320,117,4865,1919,0,56,1363
379,876,8,82,475,8,12,291
380,293,41,28,201,0,16,7
381,1545,233,215,603,0,126,368
382,383,18,100,259,0,5,1
383,4646,94,157,4172,0,92,131
384,796,39,156,573,0,10,18
385,198,0,107,62,0,15,14
386,227,23,47,121,0,27,9
387,741,182,82,337,0,54,86
388,2051,17,191,1701,0,56,86
389,1758,358,184,1104,0,69,43
390,560,36,152,240,0,93,39
391,2898,475,428,1958,0,5,32
392,390,34,58,294,0,0,4
393,985,58,41,434,0,382,70
394,1022,23,161,582,0,35,221
395,7654,17,4965,839,0,960,873
396,3030,2,1416,397,0,905,310
397,3106,71,1600,224,0,485,726
398,1517,271,491,226,0,190,339
399,10172,229,6145,186,0,1060,2552
400,412,2,72,295,0,26,17
401,43363,288,6629,3161,2,3975,29308
402,7480,0,1168,189,0,4872,1251
403,32934,60,8925,448,1,5861,17639
404,6820,17,992,421,0,2321,3069
405,4402,660,1815,590,0,1114,223
406,13228,121,4100,880,0,6977,1150
407,11945,619,2461,1157,0,5086,2622
408,17676,216,12917,453,0,3043,1047
409,17795,44,7972,1761,0,7248,770
410,8500,10,4437,306,0,3318,429
411,701,0,3,0,0,698,0
412,21449,252,4069,1143,0,15824,161
413,2566,191,160,511,0,1678,26
414,10067,204,2272,1071,1,4413,2106
415,16471,233,8970,2548,1,3187,1532
416,4189,21,2956,329,0,407,476
417,5991,10,1744,65,0,3812,360
418,3687,95,790,367,0,2096,339
419,293,3,45,226,0,10,9
420,219,31,7,177,0,2,2
421,626,185,135,186,0,92,28
422,1675,13,265,274,0,223,900
423,338,58,21,221,1,33,4
424,660,58,128,434,0,24,16
425,646,75,34,184,0,4,349
426,1714,247,99,183,0,1183,2
427,13789,271,8398,1200,0,3070,850
428,10814,562,6446,1352,0,1776,678
429,10960,13,3078,449,0,7272,148
430,22019,288,10885,777,0,8685,1384
431,4604,105,1369,280,0,1659,1191
432,11814,463,4507,807,0,3610,2427
433,3011,72,755,800,0,400,984
434,4817,729,319,810,0,2323,636
435,17696,225,9450,2317,0,2809,2895
436,2065,345,494,1077,0,112,37
437,443,131,38,247,0,13,14
438,605,33,49,491,0,7,25
439,959,266,97,542,32,11,11
440,853,33,70,710,0,23,17
441,882,116,145,568,0,5,48
442,492,52,29,386,0,10,15
443,253,25,22,158,0,1,47
444,1014,48,167,623,0,110,66
445,699,102,110,467,0,7,13
446,366,76,83,168,0,32,7
447,564,73,149,317,0,11,14
448,1638,432,393,798,0,4,11
449,1656,371,160,1087,0,25,13
450,4762,408,2134,1601,0,391,228
451,1295,292,96,832,4,13,58
452,1270,2,26,1207,0,27,8
453,1711,300,191,985,0,210,25
454,1190,10,90,983,0,65,42
455,797,132,40,598,0,12,15
456,676,18,253,353,0,36,16
457,266,0,85,158,0,3,20
458,323,19,67,230,0,1,6
459,1045,138,131,727,0,7,42
460,46486,168,230,6331,3,39598,156
461,420,5,146,208,0,10,51
462,1559,368,221,921,0,8,41
463,311,20,112,87,0,21,71
464,352,7,115,210,0,15,5
465,2308,718,257,1230,0,70,33
466,4708,3223,180,1101,0,175,29
467,6529,676,2415,1975,1,105,1357
468,1221,134,192,773,0,32,90
469,1110,88,343,627,2,10,40
470,992,86,156,537,0,144,69
471,1769,478,160,1018,2,52,59
472,1608,28,515,841,0,107,117
473,675,39,102,482,0,40,12
474,292,12,21,229,0,3,27
475,1873,763,206,757,0,103,44
476,2323,344,289,1594,0,29,67
477,983,100,53,775,1,8,46
478,2533,1095,766,559,0,69,44
479,1901,11,772,1023,0,56,39
480,341,12,40,279,0,8,2
481,462,77,72,291,0,4,18
482,230,12,61,128,0,8,21
483,1350,175,564,499,0,17,95
484,3473,216,1473,1185,0,279,320
485,2765,438,851,1279,0,139,58
486,1533,568,448,442,0,66,9
487,845,79,123,598,0,18,27
488,1031,8,197,641,0,147,38
489,456,9,75,360,0,2,10
490,3032,342,275,1815,0,460,140
491,573,287,64,214,0,3,5
492,874,198,316,269,0,22,69
493,691,3,261,390,0,5,32
494,1043,80,318,579,0,34,32
495,542,5,110,298,18,68,43
496,1155,20,261,763,0,29,82
497,2174,13,184,1784,39,50,104
498,1261,167,249,762,0,19,64
499,1765,390,319,976,0,25,55
500,235,0,16,178,0,4,37
501,209,35,6,135,0,3,30
502,894,308,66,501,0,6,13
503,2123,182,150,1666,3,92,30
504,9183,681,1713,2599,0,1739,2451
505,312,26,16,218,0,5,47
506,2167,42,244,1400,0,443,38
507,692,85,131,373,2,23,78
508,5874,4,3475,512,0,1077,806
509,2192,212,876,641,0,152,311
510,308,0,48,200,5,37,18
511,5111,378,869,2889,8,247,720
512,327,1,77,157,1,35,56
513,344,10,53,264,4,3,10
514,1436,237,203,874,2,24,96
515,553,33,66,384,0,8,62
516,227,1,37,174,0,4,11
517,1209,166,48,805,0,35,155
518,3559,611,475,2276,0,78,119
519,8224,55,476,5598,0,1982,113
520,1083,81,240,663,0,39,60
521,3008,311,429,1670,0,118,480
522,1004,86,182,498,0,4,234
523,1479,730,157,533,0,6,53
524,264,8,153,51,0,17,35
525,730,25,106,533,0,40,26
526,836,42,107,621,8,15,43
527,1439,141,432,744,0,25,97
528,1678,100,417,944,20,37,160
529,1094,288,133,525,1,42,105
530,8902,1024,3628,2493,0,457,1300
531,5309,3222,934,1089,0,29,35
532,958,121,93,718,0,4,22
533,8390,57,519,7750,0,29,35
534,1364,66,340,496,0,399,63
535,1389,207,233,895,0,41,13
536,719,149,62,434,0,23,51
537,3932,318,793,1458,11,969,383
538,726,44,333,266,49,5,29
539,4918,647,1031,1681,0,563,996
540,4123,248,1240,2234,49,227,125
541,1963,174,196,1522,0,27,44
542,2666,3,675,1370,0,73,545
543,4621,122,541,3100,0,85,773
544,694,80,138,403,0,40,33
545,1517,28,387,1047,0,19,36
546,30775,41,2329,13363,0,475,14567
547,6915,203,2928,778,0,583,2423
548,902,74,123,637,0,49,19
549,3213,99,1788,976,1,44,305
550,688,24,196,425,0,2,41
551,1376,98,135,655,0,307,181
552,304,1,32,139,0,0,132
553,303,29,17,200,0,27,30
554,593,66,113,377,0,1,36
555,957,29,168,670,0,59,31
556,198,0,1,197,0,0,0
557,9910,121,660,5804,0,95,3230
558,23774,156,13325,2381,16,273,7623
559,630,31,128,423,0,15,33
560,2684,12,1810,690,0,120,52
561,1030,79,65,510,11,292,73
562,419,56,14,254,0,12,83
563,16805,1761,2241,3279,7,5488,4029
564,1759,658,179,848,0,19,55
565,1485,4,678,437,0,197,169
566,1123,92,73,478,0,102,378
567,1927,269,181,744,0,478,255
568,750,72,42,465,0,81,90
569,214,2,12,183,0,10,7
570,502,132,90,270,0,0,10
571,205,2,5,149,1,2,46
572,691,0,19,649,0,13,10
573,304,53,2,216,0,16,17
574,490,24,43,391,0,4,28
575,900,97,36,654,0,51,62
576,542,33,65,297,0,49,98
577,424,7,14,395,0,2,6
578,680,106,84,462,0,15,13
579,2431,647,40,976,0,256,512
580,591,33,31,271,0,121,135
581,427,90,15,297,0,1,24
582,2218,415,147,1569,0,45,42
583,3286,1278,291,1638,0,30,49
584,609,61,46,463,0,21,18
585,572,96,67,366,0,7,36
586,808,250,39,456,0,15,48
587,436,0,14,422,0,0,0
588,407,33,28,317,0,5,24
589,556,53,26,385,0,45,47
590,606,258,33,257,0,49,9
591,897,68,75,651,0,24,79
592,516,53,26,294,11,86,46
593,3146,166,147,278,0,1183,1372
594,555,14,75,347,0,18,101
595,3734,85,110,3529,0,0,10
596,770,129,27,592,0,16,6
597,1018,5,112,557,0,298,46
598,825,65,251,424,2,45,38
599,188,0,17,154,0,7,10
600,277,9,22,239,0,1,6
601,1653,55,857,634,0,38,69
602,4402,287,1105,386,0,923,1701
603,4860,505,1024,968,5,1325,1033
604,6652,153,587,2086,0,3068,758
605,13045,776,1781,1788,0,7549,1151
606,2414,19,588,897,9,794,107
607,5161,2250,331,1658,0,124,798
608,9524,418,1997,1305,0,4347,1457
609,1918,173,331,641,0,133,640
610,501,33,48,269,0,99,52
611,1433,101,145,1058,0,61,68
612,1934,68,450,680,0,712,24
613,606,132,21,390,0,62,1
614,571,21,43,496,0,3,8
615,402,9,72,291,0,11,19
616,735,6,7,714,0,7,1
617,480,75,23,365,0,11,6
618,115,3,15,79,0,11,7
619,359,0,36,318,0,2,3
620,1132,109,100,749,0,55,119
621,748,232,25,465,4,14,8
622,370,10,2,343,0,5,10
623,285,3,19,215,0,14,34
624,109,0,14,95,0,0,0
625,821,107,50,651,0,1,12
626,415,6,37,363,0,7,2
627,893,198,116,510,0,6,63
628,775,27,118,522,61,26,21
629,445,3,44,327,0,8,63
630,910,129,83,664,0,12,22
631,1029,10,9,993,0,4,13
632,1580,686,73,779,0,24,18
633,1534,52,108,1239,0,65,70
634,1651,365,55,527,0,51,653
635,526,13,65,350,0,34,64
636,760,212,66,434,0,5,43
637,451,3,148,125,8,32,135
638,341,32,18,263,0,3,25
639,498,174,9,251,0,2,62
640,337,8,13,280,0,2,34
641,309,10,3,277,0,0,19
642,246,0,38,162,0,0,46
643,363,4,10,319,0,2,28
644,863,196,55,554,0,45,13
645,1096,6,151,907,0,8,24
646,277,1,9,265,0,0,2
647,174,1,57,95,5,0,16
648,349,14,57,266,0,6,6
649,707,188,20,427,0,23,49
650,788,79,70,611,0,17,11
651,1082,52,21,945,0,32,32
652,688,64,80,434,0,24,86
653,1880,132,118,1549,3,39,39
654,507,3,82,357,0,0,65
655,1056,2,344,603,0,47,60
656,7029,113,1878,1178,0,2921,939
657,669,108,152,368,0,18,23
658,179,0,48,99,0,6,26
659,715,36,295,335,0,41,8
660,6005,387,1604,1617,0,1843,554
661,9932,644,705,6381,0,2135,67
662,231,2,31,161,0,0,37
663,281,6,13,231,0,3,28
664,424,12,38,319,0,16,39
665,876,74,229,545,0,3,25
666,382,13,100,203,0,17,49
667,556,70,68,397,0,7,14
668,399,7,30,200,0,146,16
669,637,48,28,482,0,23,56
670,833,26,36,697,0,14,60
671,909,170,321,384,0,6,28
672,392,20,106,223,0,29,14
673,572,48,40,455,0,10,19
674,1036,181,143,645,0,15,52
675,987,123,270,491,0,76,27
676,3575,417,328,1230,0,1391,209
677,3071,1146,283,1544,0,35,63
678,363,6,87,241,0,12,17
679,1241,465,42,649,0,70,15
680,1566,857,169,425,0,6,109
681,1091,172,184,656,0,25,54
682,1014,68,191,718,0,4,33
683,402,178,28,181,0,2,13
684,921,208,63,606,0,21,23
685,454,24,85,289,0,21,35
686,966,138,412,401,0,3,12
687,3132,2058,158,842,0,53,21
688,2616,146,49,2378,0,21,22
689,387,83,96,175,0,5,28
690,950,163,136,546,0,20,85
691,343,41,24,242,0,6,30
692,934,235,204,367,0,23,105
693,437,24,19,385,0,5,4
694,240,3,71,161,0,3,2
695,398,0,130,198,0,2,68
696,1402,21,133,346,41,776,85
697,2910,46,2174,168,248,180,94
698,1532,442,119,737,75,62,97
699,626,63,153,102,224,53,31
700,12338,1064,1623,2337,101,6070,1143
701,1421,218,188,575,1,201,238
702,3177,235,643,1706,2,121,470
703,462,16,120,214,10,16,86
704,366,5,58,64,38,115,86
705,2024,68,120,1449,85,154,148
706,7574,2392,334,1690,804,1717,637
707,4914,661,579,2424,60,669,521
708,1015,63,73,675,0,0,204
709,1868,370,295,927,2,57,217
710,1200,134,427,600,5,1,33
711,587,23,130,282,12,21,119
712,1361,54,160,495,140,198,314
713,1169,67,321,277,62,158,284
714,297,143,5,120,13,13,3
715,23354,947,12436,1215,25,5867,2864
716,2298,9,558,469,0,466,796
717,1393,31,106,998,0,86,172
718,4512,388,756,691,0,836,1841
719,355,18,65,226,12,17,17
720,1881,34,612,330,2,776,127
721,3394,1227,392,1413,0,61,301
722,552,43,74,272,0,49,114
723,1790,109,353,1098,0,93,137
724,2790,490,268,1889,8,44,91
725,586,54,121,169,0,144,98
726,768,216,118,236,0,13,185
727,285,0,15,248,6,0,16
728,8438,1748,1575,1476,0,2231,1408
729,5853,1027,1118,2499,6,524,679
730,8879,1579,2798,2472,2,1191,837
731,194,16,79,75,0,11,13
732,5620,861,885,2315,0,853,706
733,4954,1260,472,2943,0,204,75
734,2778,182,554,623,1,255,1163
735,566,5,43,347,2,57,112
736,14145,1225,5231,1554,0,282,5853
737,4946,445,1133,857,0,1956,555
738,643,0,35,596,0,4,8
739,8247,414,3099,2381,1,948,1404
740,680,22,76,507,0,21,54
741,1051,247,149,573,0,38,44
742,23025,1905,9996,6821,11,1733,2559
743,4476,153,1397,892,114,748,1172
744,1965,49,85,1441,0,57,333
745,302,44,78,129,0,9,42
746,1840,175,697,580,49,168,171
747,374,6,40,247,6,64,11
748,134,6,41,72,0,3,12
749,1408,47,167,342,0,842,10
750,13576,866,1662,761,2,9751,534
751,30763,3535,4341,2114,0,17161,3612
752,35462,912,3891,2488,0,26098,2073
753,232,8,55,153,1,7,8
754,1355,19,103,1131,16,70,16
755,1733,27,384,610,2,186,524
756,2067,90,599,422,19,337,600
757,171,4,7,147,0,0,13
758,812,133,25,546,0,20,88
759,353,37,68,151,0,63,34
760,313,32,41,202,0,11,27
761,2290,312,445,1439,0,45,49
762,202,15,20,111,0,9,47
763,4951,29,2355,2475,0,7,85
764,1938,706,80,1045,0,53,54
765,796,152,84,507,0,29,24
766,669,40,80,489,0,17,43
767,12238,1253,1436,2169,0,7137,243
768,8219,195,4182,644,13,2886,299
769,2730,7,1518,380,0,594,231
770,1530,256,212,862,0,146,54
771,1728,421,350,874,0,7,76
772,262,60,36,83,0,28,55
773,1784,173,307,530,0,415,359
774,2116,200,369,1019,0,456,72
775,561,46,64,345,1,32,73
776,951,8,137,742,0,26,38
777,7916,997,2188,3715,0,143,873
778,7576,16,1354,6011,0,13,182
779,194,5,47,109,0,28,5
780,912,47,290,517,3,40,15
781,296,6,38,173,0,36,43
782,475,5,84,322,0,36,28
783,517,0,175,31,0,12,299
784,692,169,63,405,0,41,14
785,430,36,36,298,0,46,14
786,157,32,17,102,0,3,3
787,724,164,70,425,0,40,25
788,432,10,75,274,0,68,5
789,318,12,48,238,0,18,2
790,381,4,43,289,0,29,16
791,1292,163,307,731,3,77,11
792,125,0,8,106,0,5,6
793,535,71,68,351,0,35,10
794,193,21,67,81,0,24,0
795,2501,18,640,431,1,1204,207
796,6895,1372,445,2172,15,2582,309
797,11341,264,4849,567,0,4340,1321
798,1026,28,84,463,0,407,44
799,213,0,26,143,0,35,9
800,1637,83,73,1174,0,19,288
801,2298,345,597,897,0,346,113
802,238,5,15,174,0,18,26
803,662,10,30,612,3,7,0
804,580,48,48,386,0,15,83
805,474,55,47,285,0,16,71
806,9714,674,880,1102,14,5893,1151
807,295,71,23,143,0,40,18
808,139,0,1,134,0,3,1
809,3160,10,310,305,0,1736,799
810,27484,2859,6218,3056,10,12090,3251
811,3104,388,226,1812,0,361,317
812,2154,473,745,885,0,23,28
813,1442,0,9,1418,0,13,2
814,290,57,17,204,0,7,5
815,243,7,28,203,0,2,3
816,616,131,8,466,0,0,11
817,427,14,23,354,0,11,25
818,598,6,5,554,0,4,29
819,358,84,63,135,0,21,55
820,955,78,97,614,0,148,18
821,2237,31,45,2124,0,13,24
822,274,2,6,192,0,8,66
823,695,7,43,475,0,3,167
824,1475,517,342,457,0,45,114
825,176,13,34,108,0,6,15
826,818,152,84,284,0,110,188
827,1847,191,104,1034,0,22,496
828,2250,549,415,843,0,64,379
829,1043,4,58,488,0,16,477
830,582,231,7,301,0,13,30
831,550,52,22,401,0,65,10
832,664,30,61,545,0,11,17
833,155,0,15,126,0,2,12
834,1119,28,81,239,0,724,47
835,552,81,131,300,0,14,26
836,742,361,25,141,0,117,98
837,1141,29,56,571,0,34,451
838,917,223,146,525,0,2,21
839,3129,303,521,1737,0,57,511
840,1306,266,193,740,0,29,78
841,683,28,59,566,0,13,17
842,732,163,242,296,0,3,28
843,299,7,20,262,0,3,7
844,1275,94,447,559,10,34,131
845,762,16,34,660,0,20,32
846,909,133,141,519,0,97,19
847,1065,37,429,472,0,36,91
848,3994,620,305,2944,0,35,90
849,473,73,35,305,0,19,41
850,219,6,72,70,0,19,52
851,259,0,50,184,0,3,22
852,369,62,33,230,0,15,29
853,1676,25,26,1559,0,42,24
854,485,64,23,369,0,6,23
855,667,20,16,593,0,13,25
856,1534,605,108,708,0,19,94
857,989,154,44,757,0,8,26
858,1369,574,139,563,0,70,23
859,342,49,18,251,0,13,11
860,5574,107,384,1185,7,2709,1182
861,6855,18,573,5908,0,286,70
862,6860,1345,1362,1073,0,1547,1533
863,1040,416,112,422,0,39,51
864,3844,380,206,2258,0,919,81
865,558,1,13,489,2,14,39
866,714,10,27,637,0,2,38
867,248,55,12,145,0,21,15
868,401,2,72,294,0,6,27
869,1542,162,77,669,0,35,599
870,956,70,71,256,0,146,413
871,4985,456,1650,2592,1,131,155
872,2509,507,832,564,0,123,483
873,12152,1919,1585,1185,0,5203,2260
874,3813,0,207,141,0,3465,0
875,20132,915,4109,4447,112,8415,2134
876,164,0,3,67,0,47,47
877,488,112,46,295,0,35,0
878,707,55,103,279,0,221,49
879,489,64,47,125,0,176,77
880,558,15,3,481,0,20,39
881,187,11,8,143,0,2,23
882,677,145,12,506,0,2,12
883,1244,5,31,1192,0,0,16
884,327,7,58,230,0,9,23
885,1638,6,636,932,0,60,4
886,397,19,120,225,0,1,32
887,484,25,10,448,0,1,0
888,258,6,3,223,0,5,21
889,260,8,10,241,0,1,0
890,399,13,36,324,0,0,26
891,266,27,20,193,0,7,19
892,1130,13,291,157,0,606,63
893,704,21,199,187,3,98,196
894,980,0,169,363,0,382,66
895,2356,9,609,1018,0,611,109
896,3225,415,400,179,150,1836,245
897,615,213,135,256,0,3,8
898,514,13,37,340,0,124,0
899,745,37,19,675,0,6,8
900,935,162,101,649,0,4,19
901,181,3,20,139,0,16,3
902,653,46,15,583,0,1,8
903,171,8,23,133,0,1,6
904,415,9,13,336,0,16,41
905,389,10,23,332,0,13,11
906,2328,189,37,2075,0,15,12
907,332,8,67,163,0,47,47
908,291,47,53,182,0,0,9
909,422,10,33,354,0,1,24
910,798,0,85,643,0,54,16
911,964,141,73,720,0,0,30
912,493,23,80,295,0,53,42
913,1725,339,541,631,0,124,90
914,407,11,128,127,0,123,18
915,865,22,110,684,0,11,38
916,1538,356,127,999,0,42,14
917,738,99,121,312,2,0,204
918,898,19,97,731,0,13,38
919,89,0,21,45,0,22,1
920,451,22,18,338,0,67,6
921,394,4,76,280,0,16,18
922,650,17,146,336,0,113,38
923,755,256,83,376,1,23,16
924,526,122,8,377,0,1,18
925,1091,112,355,581,0,9,34
926,4435,532,710,2219,2,693,279
927,996,42,71,870,0,12,1
928,376,2,7,345,0,0,22
929,476,10,5,426,0,19,16
930,791,4,13,756,0,2,16
931,3692,4,37,3622,0,14,15
932,221,2,0,192,9,13,5
933,734,36,3,605,0,58,32
934,956,65,89,764,0,12,26
935,183,5,1,177,0,0,0
936,202,2,19,178,0,0,3
937,590,148,62,292,0,14,74
938,238,2,124,92,4,11,5
939,1206,166,322,611,4,52,51
940,595,75,121,353,0,26,20
941,574,15,15,477,0,7,60
942,1522,83,340,1043,0,14,42
943,519,13,42,407,0,43,14
944,608,113,98,394,0,1,2
945,13383,9,2769,1772,0,38,8795
946,3622,143,456,1961,4,400,658
947,4827,445,759,2216,19,835,553
948,1677,117,201,493,0,84,782
949,1310,271,45,836,14,75,69
950,1360,174,281,832,0,2,71
951,548,37,55,403,0,44,9
952,7973,80,1327,847,0,4034,1685
953,697,141,140,368,0,28,20
954,1995,828,151,978,0,32,6
955,2481,97,37,1849,0,8,490
956,454,13,39,383,0,4,15
957,1010,0,47,958,0,2,3
958,332,31,23,272,0,5,1
959,727,213,98,377,0,17,22
960,3783,157,1163,1306,0,495,662
961,2560,263,1128,665,0,472,32
962,491,10,13,443,7,11,7
963,991,24,70,558,0,34,305
964,1044,68,204,221,0,354,197
965,2846,20,59,104,0,2588,75
966,1370,3,141,576,0,567,83
967,4264,423,1070,1707,3,471,590
968,15520,316,1932,3814,0,7732,1726
969,11847,361,6226,2213,0,1349,1698
970,7106,64,1356,1795,0,66,3825
971,22386,171,12208,4890,0,659,4458
972,3045,750,754,1262,0,90,189
973,9401,21,128,9203,0,18,31
974,2041,371,213,1380,0,36,41
975,719,52,57,588,0,0,22
976,1621,264,298,776,0,96,187
977,3348,24,185,2839,0,68,232
978,581,39,53,316,0,73,100
979,6539,537,450,5361,0,91,100
980,121,14,14,86,0,0,7
981,253,5,1,247,0,0,0
982,578,3,175,377,0,5,18
983,283,14,5,247,0,0,17
984,818,40,66,338,0,273,101
985,298,3,17,246,0,32,0
986,207,27,16,145,0,12,7
987,182,10,25,131,0,14,2
988,4312,1185,392,190,0,2012,533
989,1285,17,64,301,2,509,392
990,684,25,72,164,0,341,82
991,22430,1495,9550,5015,17,3241,3112
992,331,2,26,132,0,54,117
993,1297,44,166,446,1,424,216
994,253,20,8,211,0,0,14
995,566,28,55,425,0,36,22
996,975,34,529,279,0,78,55
997,289,8,72,49,0,28,132
998,1705,155,170,1216,0,81,83
999,1248,386,239,594,4,0,25
1000,742,57,137,410,0,70,68
1001,325,27,46,228,0,0,24
1002,981,43,276,600,0,3,59
1003,3753,288,114,3321,0,14,16
1004,542,70,85,259,5,16,107
1005,472,4,81,357,0,9,21
1006,554,50,67,357,0,60,20
1007,277,0,9,251,0,0,17
1008,1429,274,125,987,0,6,37
1009,601,146,61,354,0,36,4
1010,1606,38,361,807,0,36,364
1011,1506,447,369,635,0,16,39
1012,499,6,77,340,0,22,54
1013,291,30,32,173,0,18,38
1014,14160,1707,3471,3574,106,3809,1493
1015,1188,195,161,770,0,41,21
1016,888,81,159,536,0,66,46
1017,1537,33,113,1352,0,13,26
1018,7637,407,2631,3357,12,105,1125
1019,378,0,140,137,0,3,98
1020,371,1,70,287,0,3,10
1021,18065,86,419,17338,0,20,202
1022,4586,119,4208,187,0,72,0
1023,864,169,36,570,0,38,51
1024,277,43,49,159,0,14,12
1025,643,64,43,415,0,28,93
1026,392,110,26,181,0,45,30
1027,1314,298,257,688,0,7,64
1028,154,0,51,64,0,5,34
1029,1077,0,878,97,0,15,87
1030,181,11,23,138,0,3,6
1031,271,3,84,163,0,3,18
1032,158,1,9,127,0,0,21
1033,1094,132,223,658,0,45,36
1034,516,165,112,211,0,1,27
1035,557,8,72,460,0,0,17
1036,704,28,83,517,0,11,65
1037,491,93,119,236,0,37,6
1038,939,314,64,416,15,1,129
1039,885,137,125,487,0,39,97
1040,260,51,12,189,0,2,6
1041,1329,444,261,580,0,18,26
1042,269,2,13,246,0,0,8
1043,1464,9,957,447,0,19,32
1044,260,17,86,148,0,5,4
1045,222,0,38,104,0,36,44
1046,150,0,7,121,0,8,14
1047,458,127,33,266,0,3,29
1048,414,35,93,263,0,8,15
1049,928,284,260,288,0,13,83
1050,1240,222,277,560,0,85,96
1051,2286,694,188,1087,0,25,292
1052,108,0,6,99,0,0,3
1053,391,4,28,308,0,1,50
1054,375,79,19,253,0,9,15
1055,817,71,82,598,0,11,55
1056,966,47,72,414,0,1,432
1057,207,45,17,138,0,6,1
1058,1408,238,173,741,0,139,117
1059,6657,1432,1173,854,77,2178,943
1060,1180,26,128,515,7,437,67
1061,1019,169,30,655,0,44,121
1062,7080,67,1554,633,34,3493,1299
1063,2226,26,19,2108,0,18,55
1064,279,20,22,190,0,13,34
1065,579,54,35,453,0,6,31
1066,2963,566,179,1945,0,3,270
1067,577,87,40,339,0,46,65
1068,1603,58,248,262,0,522,513
1069,8471,854,1083,1385,0,3138,2011
1070,288,21,7,202,0,21,37
1071,445,34,67,209,0,72,63
1072,1319,173,12,1076,0,45,13
1073,352,5,17,315,0,3,12
1074,2383,962,161,1103,0,24,133
1075,813,143,82,565,0,0,23
1076,273,1,4,260,0,4,4
1077,385,20,60,230,0,3,72
1078,485,32,60,345,0,29,19
1079,1083,190,74,732,0,15,72
1080,677,125,29,490,0,3,30
1081,193,0,6,140,7,18,22
1082,856,36,125,492,0,188,15
1083,4184,183,869,1625,0,1186,321
1084,504,79,35,346,4,0,40
1085,642,107,50,440,0,5,40
1086,853,249,95,391,0,4,114
1087,266,8,40,124,18,29,47
1088,206,0,21,67,0,114,4
1089,1130,59,28,374,0,615,54
1090,888,18,142,143,0,488,97
1091,5493,200,42,5207,0,19,25
1092,1716,55,267,720,0,47,627
1093,4252,7,82,315,0,7,3841
1094,3738,24,114,203,0,115,3282
1095,3883,154,589,183,0,1183,1774
1096,3964,628,660,625,0,853,1198
1097,11746,572,2671,1215,0,2629,4659
1098,960,270,191,361,0,66,72
1099,1105,50,502,405,0,45,103
1100,966,281,81,521,4,14,65
1101,366,26,106,160,0,15,59
1102,109,0,4,8,48,5,44
1103,1082,227,136,508,0,13,198
1104,152,0,46,96,0,0,10
1105,46,0,6,38,0,0,2
1106,1480,165,200,1013,0,11,91
1107,513,22,82,380,0,9,20
1108,1114,518,115,389,0,40,52
1109,1832,7,42,1634,0,61,88
1110,1571,345,433,686,33,28,46
1111,822,0,49,434,0,6,333
1112,1745,46,224,1354,0,20,101
1113,11888,912,6581,3523,0,271,601
1114,404,125,49,161,0,21,48
1115,502,170,46,188,0,40,58
1116,2802,23,2051,508,0,34,186
1117,309,1,98,169,0,4,37
1118,3827,939,578,1208,0,308,794
1119,1060,176,168,556,0,36,124
1120,770,240,111,372,0,24,23
1121,11171,1352,5374,3334,0,384,727
1122,17014,3416,4675,5191,0,1982,1750
1123,2570,759,498,946,0,68,299
1124,3833,144,285,3061,0,4,339
1125,543,196,54,217,0,17,59
1126,504,8,119,299,0,9,69
1127,3768,61,416,3155,0,14,122
1128,776,67,102,418,0,96,93
1129,1998,130,182,1106,1,13,566
1130,345,8,75,215,0,6,41
1131,384,60,151,95,3,22,53
1132,848,12,122,623,1,12,78
1133,1322,140,378,417,3,151,233
1134,2761,522,735,1029,5,168,302
1135,642,0,58,531,8,12,33
1136,2980,14,1285,1251,0,14,416
1137,10398,1585,2034,5509,5,919,346
1138,1096,75,251,651,0,26,93
1139,190,6,22,123,16,17,6
1140,1676,262,327,1067,0,9,11
1141,6129,130,141,5658,3,169,28
1142,266,3,80,93,0,62,28
1143,1517,10,155,1276,0,22,54
1144,1140,30,456,517,0,69,68
1145,17176,1850,9103,4042,7,904,1270
1146,12485,2339,1761,8139,3,107,136
1147,1996,179,274,1273,0,24,246
1148,705,0,114,583,0,8,0
1149,699,30,235,324,0,6,104
1150,3144,539,762,1580,0,65,198
1151,481,4,92,325,0,23,37
1152,4992,595,1055,2864,0,189,289
1153,835,11,309,455,0,19,41
1154,1964,191,374,1096,21,81,201
1155,270,23,109,113,0,2,23
1156,546,75,213,231,3,0,24
1157,802,49,186,531,0,8,28
1158,1415,361,241,660,0,27,126
1159,1001,19,46,915,0,6,15
1160,779,0,191,509,10,6,63
1161,8797,942,2556,3884,1,310,1104
1162,175,9,64,34,0,20,48
1163,202,6,38,109,18,18,13
1164,838,4,304,396,11,20,103
1165,980,20,111,507,1,96,245
1166,2011,52,214,1593,0,76,76
1167,1041,33,351,516,0,31,110
1168,21389,1132,10808,3603,8,1897,3941
1169,3779,807,1511,719,0,130,612
1170,5504,805,1194,2537,25,235,708
1171,990,144,201,578,0,18,49
1172,532,138,37,305,0,36,16
1173,417,0,21,368,0,0,28
1174,535,3,50,319,0,135,28
1175,5292,132,1965,859,1269,827,240
1176,5797,605,1117,3397,63,198,417
1177,2046,65,454,910,67,225,325
1178,10226,2116,883,5967,40,329,891
1179,7909,893,1027,3193,301,588,1907
1180,1506,70,138,779,21,109,389
1181,267,8,31,135,5,34,54
1182,2110,339,290,854,40,212,375
1183,2145,61,360,261,0,1097,366
1184,482,45,47,337,0,20,33
1185,3352,1045,353,1517,3,123,311
1186,3451,508,208,2622,0,41,72
1187,2043,322,150,1494,0,7,70
1188,1621,101,152,683,0,169,516
1189,5578,1548,688,1905,0,562,875
1190,677,217,46,412,0,0,2
1191,663,30,35,590,0,1,7
1192,279,0,18,252,0,2,7
1193,937,236,84,574,0,9,34
1194,345,6,28,286,0,2,23
1195,1179,140,129,710,0,33,167
1196,388,0,42,232,0,31,83
1197,1712,206,659,821,0,5,21
1198,1600,332,21,1168,0,1,78
1199,3512,415,277,1507,0,626,687
1200,589,14,72,380,0,5,118
1201,302,0,42,169,0,70,21
1202,418,111,47,176,0,70,14
1203,1276,6,26,855,0,29,360
1204,1354,398,4,396,0,153,403
1205,1657,3,124,286,5,897,342
1206,1026,154,28,289,0,259,296
1207,364,3,160,124,0,61,16
1208,437,91,30,296,0,8,12
1209,481,39,14,112,0,312,4
1210,374,12,22,243,0,45,52
1211,9101,416,1432,777,73,4238,2165
1212,1505,49,206,791,0,57,402
1213,642,145,91,387,0,0,19
1214,285,26,75,162,0,8,14
1215,822,289,107,387,0,17,22
1216,166,10,45,74,0,9,28
1217,1649,7,261,1042,62,42,235
1218,113,8,11,89,0,0,5
1219,698,43,92,277,0,9,277
1220,694,150,146,287,0,75,36
1221,198,6,14,153,0,6,19
1222,629,0,18,510,0,88,13
1223,1468,18,39,196,0,540,675
1224,1586,80,113,885,0,176,332
1225,273,40,21,67,3,16,126
1226,694,110,175,82,0,324,3
1227,221,42,18,128,0,27,6
1228,137,0,5,110,0,0,22
1229,831,112,107,595,0,3,14
1230,467,52,39,364,0,8,4
1231,509,86,34,361,0,18,10
1232,1064,145,256,601,0,6,56
1233,331,14,70,227,0,2,18
1234,1637,209,228,778,0,92,330
1235,327,39,28,258,0,2,0
1236,980,56,18,903,0,1,2
1237,112,0,5,99,0,0,8
1238,2169,6,244,1114,0,456,349
1239,59,0,7,45,0,0,7
1240,417,44,7,317,0,38,11
1241,3794,551,262,2678,0,219,84
1242,5441,33,101,5284,0,11,12
1243,1407,30,48,1322,0,0,7
1244,472,2,32,418,0,4,16
1245,209,6,3,133,0,45,22
1246,3764,1878,216,1503,48,54,65
1247,3365,250,269,920,6,1311,609
1248,5399,588,2132,1859,20,199,601
1249,3900,459,1065,1185,18,786,387
1250,4909,730,270,1003,2,2251,653
1251,1697,371,102,694,0,100,430
1252,1985,35,721,945,0,157,127
1253,106,8,1,69,0,6,22
1254,267,7,14,185,0,46,15
1255,542,46,26,442,22,0,6
1256,462,17,36,231,0,83,95
1257,284,4,15,258,0,2,5
1258,197,22,4,122,0,0,49
1259,1626,137,247,571,0,631,40
1260,183,8,18,132,0,4,21
1261,507,160,84,178,0,19,66
1262,4854,47,319,828,0,107,3553
1263,1484,19,85,677,0,16,687
1264,801,141,180,454,0,20,6
1265,4837,1123,63,3608,0,25,18
1266,1020,194,180,602,0,0,44
1267,1045,173,290,469,0,5,108
1268,2213,110,448,1494,7,48,106
1269,2588,791,81,1612,0,2,102
1270,3329,22,549,1129,0,1292,337
1271,823,68,147,402,1,164,41
1272,4034,0,1,2578,0,0,1455
1273,779,148,127,434,0,27,43
1274,1694,496,177,860,0,65,96
1275,299,75,36,168,0,6,14
1276,594,119,170,291,0,4,10
1277,220,16,20,159,0,4,21
1278,400,120,41,216,0,4,19
1279,10090,489,671,2940,124,3525,2341
1280,5945,2355,266,3009,4,201,110
1281,2202,638,690,629,0,177,68
1282,3564,689,355,1426,7,139,948
1283,1061,11,90,842,0,99,19
1284,3977,365,665,1643,0,281,1023
1285,475,12,163,245,0,5,50
1286,1018,2,74,71,508,26,337
1287,834,101,93,12,205,265,158
1288,2006,378,182,880,227,72,267
1289,4382,609,483,1194,115,1530,451
1290,2013,261,108,699,321,226,398
1291,2309,669,301,1046,63,200,30
1292,11215,278,2205,1656,129,4831,2116
1293,1162,115,62,406,386,77,116
1294,4091,27,142,3471,30,244,177
1295,2656,868,290,1106,25,123,244
1296,834,35,62,267,313,77,80
1297,2644,264,268,1677,175,67,193
1298,4900,680,1599,1728,72,664,157
1299,5164,192,689,1466,75,199,2543
1300,817,19,82,326,2,212,176
1301,1456,45,484,425,0,147,355
1302,1047,422,68,429,6,49,73
1303,128,2,25,57,5,11,28
1304,751,32,78,497,49,4,91
1305,3693,536,521,1968,118,405,145
1306,5510,731,500,3408,400,264,207
1307,863,31,86,561,33,73,79
1308,1598,11,167,516,274,518,112
1309,448,2,0,24,316,102,4
1310,2787,188,34,2118,15,349,83
1311,3596,16,283,663,741,1674,219
1312,455,4,27,69,245,46,64
1313,4858,48,171,1457,710,2323,149
1314,5345,463,495,1567,677,1823,320
1315,4065,56,104,306,603,2463,533
1316,567,0,31,24,199,273,40
1317,2555,141,249,1350,148,459,208
1318,1464,87,261,474,173,384,85
1319,1414,114,199,699,67,88,247
1320,3044,304,1041,1185,114,192,208
1321,735,17,162,269,51,97,139
1322,3,0,0,0,0,0,3
1323,4543,659,698,2375,134,243,434
1324,4123,162,696,226,428,1892,719
1325,9510,427,2281,1649,83,4508,562
1326,439,18,147,178,13,6,77
1327,2008,21,78,1459,20,59,371
1328,874,13,89,212,252,102,206
1329,1886,449,186,385,274,372,220
1330,543,56,56,255,0,43,133
1331,2011,532,327,612,8,309,223
1332,5525,904,1159,2065,17,886,494
1333,179,6,28,94,0,2,49
1334,306,9,23,187,0,25,62
1335,1382,380,85,788,0,16,113
1336,6416,401,1122,2624,15,1528,726
1337,9406,1106,1670,3520,133,1503,1474
1338,605,99,32,363,3,12,96
1339,818,309,63,282,22,82,60
1340,1014,7,120,368,0,303,216
1341,390,10,41,259,15,18,47
1342,1616,15,32,1512,0,28,29
1343,496,11,23,419,0,2,41
1344,1566,356,221,689,0,33,267
1345,141,1,32,79,0,17,12
1346,2858,57,685,1398,0,378,340
1347,820,86,203,318,2,20,191
1348,4960,2001,634,1268,25,575,457
1349,1439,309,212,763,3,48,104
1350,1342,258,299,575,8,32,170
1351,479,0,53,346,0,2,78
1352,152,0,23,51,0,35,43
1353,686,70,51,236,41,238,50
1354,1072,178,139,318,87,92,258
1355,414,36,23,293,0,4,58
1356,1160,341,88,643,0,28,60
1357,406,49,57,247,0,13,40
1358,2307,206,101,1911,1,19,69
1359,4898,443,135,4240,0,22,58
1360,690,31,320,260,5,3,71
1361,5666,719,1987,1512,12,124,1312
1362,1762,139,602,763,0,49,209
1363,10845,233,463,7783,0,0,2366
1364,819,154,85,513,0,16,51
1365,2398,49,193,518,0,48,1590
1366,6206,259,913,2380,20,2450,184
1367,1022,14,105,619,36,18,230
1368,11838,245,2468,3250,88,4502,1285
1369,3585,547,297,1493,8,711,529
1370,1149,123,91,401,144,158,232
1371,645,51,35,460,22,3,74
1372,303,13,25,213,2,7,43
1373,3095,212,1087,1158,18,277,343
1374,4748,829,1261,1442,6,531,679
1375,1988,146,483,866,2,379,112
1376,2418,199,922,893,2,147,255
1377,1576,340,378,708,10,20,120
1378,1695,244,169,845,0,303,134
1379,364,94,19,194,1,0,56
1380,6499,1712,876,1144,31,1162,1574
1381,5236,234,1334,1308,130,1066,1164
1382,1514,25,115,878,143,201,152
1383,1300,66,139,241,268,405,181
1384,3819,543,696,1397,30,656,497
1385,543,26,84,305,21,14,93
1386,2007,291,372,865,104,213,162
1387,623,5,168,156,86,29,179
1388,139,0,19,80,3,0,37
1389,1222,93,109,770,56,65,129
1390,447,13,32,269,59,21,53
1391,933,126,63,669,10,19,46
1392,799,20,59,237,96,297,90
1393,855,27,57,303,13,397,58
1394,1777,0,513,561,166,369,168
1395,4270,700,950,1152,97,645,726
1396,1562,210,141,896,109,97,109
1397,1800,256,175,504,105,457,303
1398,625,3,33,236,307,8,38
1399,4722,620,606,2092,22,784,598
1400,938,22,66,91,238,457,64
1401,3756,23,101,620,1521,1359,132
1402,2611,239,202,836,188,762,384
1403,698,42,82,357,73,66,78
1404,275,2,105,63,1,65,39
1405,2581,905,266,999,0,112,299
1406,2647,147,432,369,0,228,1471
1407,7723,214,2896,1432,6,2657,518
1408,916,69,135,464,0,169,79
1409,1836,201,469,822,66,151,127
1410,1396,321,228,424,0,9,414
1411,1299,8,141,967,10,8,165
1412,4486,541,713,2339,0,241,652
1413,1068,58,504,352,0,122,32
1414,596,45,98,319,0,17,117
1415,1835,117,222,728,294,240,234
1416,355,4,10,237,31,23,50
1417,134,5,14,104,0,0,11
1418,388,7,52,254,10,19,46
1419,463,52,61,272,0,3,75
1420,1045,113,114,564,4,4,246
1421,5973,517,708,4422,0,148,178
1422,1968,112,357,1068,0,194,237
1423,703,51,141,429,0,35,47
1424,4141,147,1396,1699,1,319,579
1425,4214,41,814,969,0,15,2375
1426,480,70,109,171,0,80,50
1427,3005,531,668,1632,0,60,114
1428,8963,2312,2030,1587,0,1313,1721
1429,2427,591,346,512,0,315,663
1430,5873,463,1387,2861,0,170,992
1431,1041,100,253,541,0,26,121
1432,2026,223,464,986,0,83,270
1433,430,4,154,229,0,13,30
1434,1026,309,103,424,0,15,175
1435,564,10,47,464,3,2,38
1436,2372,282,224,1756,0,34,76
1437,4357,214,381,3705,0,24,33
1438,4389,939,1549,1302,0,309,290
1439,1913,0,0,11,0,0,1902
1440,1775,131,224,1181,0,93,146
1441,3693,897,450,1602,0,352,392
1442,1575,340,330,708,6,77,114
1443,2125,335,339,1274,4,63,110
1444,1581,398,301,628,1,93,160
1445,1075,66,302,602,6,34,65
1446,1289,55,322,629,0,47,236
1447,458,66,168,158,0,1,65
1448,4562,651,1375,1529,8,522,477
1449,456,79,19,347,0,0,11
1450,1013,209,218,549,0,9,28
1451,1215,62,624,387,0,57,85
1452,1993,172,715,771,0,65,270
1453,533,0,45,459,6,5,18
1454,505,54,83,240,48,18,62
