COUNTY_NAME,TAZ1454,AGREMPN,FPSEMPN,HEREMPN,MWTEMPN,RETEMPN,OTHEMPN,TOTEMP
San Francisco,1,6,14380,1776,464,195,1008,17829
San Francisco,2,0,15134,2590,1109,92,3691,22616
San Francisco,3,0,1117,372,10,38,236,1773
San Francisco,4,3,14545,2272,488,701,5796,23805
San Francisco,5,0,4181,3257,557,2313,1505,11813
San Francisco,6,0,334,2428,57,99,44,2962
San Francisco,7,0,1094,4957,1,196,365,6613
San Francisco,8,0,451,2660,54,36,249,3450
San Francisco,9,0,772,5079,8290,106,10312,24559
San Francisco,10,6,1554,9459,466,115,9496,21096
San Francisco,11,0,2539,4969,230,1255,1358,10351
San Francisco,12,0,6015,5394,366,451,1490,13716
San Francisco,13,0,12243,1384,845,83,1828,16383
San Francisco,14,0,16932,510,5495,32,3059,26028
San Francisco,15,0,7653,962,3121,266,3174,15176
San Francisco,16,0,19267,1533,2113,772,13626,37311
San Francisco,17,5,7087,542,699,277,2497,11107
San Francisco,18,3,2568,1876,372,278,4061,9158
San Francisco,19,0,4333,1215,262,907,1196,7913
San Francisco,20,0,2261,1625,488,258,1586,6218
San Francisco,21,46,3352,2936,207,240,1312,8093
San Francisco,22,2,9897,3904,366,179,1484,15832
San Francisco,23,0,3505,797,486,341,1352,6481
San Francisco,24,4,6274,2516,204,356,5836,15190
San Francisco,25,0,223,1262,17,179,31,1712
San Francisco,26,0,1955,978,125,25,1270,4353
San Francisco,27,0,64,1292,17,77,2,1452
San Francisco,28,0,115,743,4,8,3,873
San Francisco,29,0,245,1098,23,10,4,1380
San Francisco,30,0,159,1026,1,148,68,1402
San Francisco,31,0,363,1941,1,35,13,2353
San Francisco,32,0,245,1058,6,242,55,1606
San Francisco,33,0,245,1034,11,73,99,1462
San Francisco,34,0,122,672,38,133,25,990
San Francisco,35,4,36,204,16,19,11,290
San Francisco,36,4,202,1791,50,210,6,2263
San Francisco,37,2,735,1562,106,133,160,2698
San Francisco,38,0,412,500,128,142,161,1343
San Francisco,39,0,137,416,13,42,21,629
San Francisco,40,26,709,943,320,108,38,2144
San Francisco,41,0,1849,2682,175,822,91,5619
San Francisco,42,0,76,461,38,2,102,679
San Francisco,43,0,278,892,25,288,8,1491
San Francisco,44,0,234,632,6,71,71,1014
San Francisco,45,3,535,1694,87,229,188,2736
San Francisco,46,0,523,501,37,19,66,1146
San Francisco,47,0,395,2083,21,90,212,2801
San Francisco,48,0,188,461,60,118,52,879
San Francisco,49,2,110,792,0,2,14,920
San Francisco,50,0,314,1273,52,350,102,2091
San Francisco,51,0,65,330,43,16,99,553
San Francisco,52,1,1650,1873,306,267,1504,5601
San Francisco,53,0,27,1170,0,9,0,1206
San Francisco,54,0,53,518,50,178,51,850
San Francisco,55,0,21,233,2,27,11,294
San Francisco,56,0,112,2796,0,21,2,2931
San Francisco,57,0,62,204,4,3,4,277
San Francisco,58,0,92,554,21,52,68,787
San Francisco,59,2,301,676,26,24,103,1132
San Francisco,60,0,11,513,3,12,10,549
San Francisco,61,0,187,557,1,45,30,820
San Francisco,62,0,153,982,24,83,73,1315
San Francisco,63,0,88,352,4,29,52,525
San Francisco,64,0,47,462,24,127,36,696
San Francisco,65,4,272,876,19,166,82,1419
San Francisco,66,30,150,922,29,257,90,1478
San Francisco,67,0,26,662,17,77,39,821
San Francisco,68,0,154,549,4,50,60,817
San Francisco,69,0,187,7071,15,238,21,7532
San Francisco,70,0,460,886,3,392,232,1973
San Francisco,71,14,372,1452,18,136,51,2043
San Francisco,72,37,126,769,4,41,19,996
San Francisco,73,0,188,1045,18,211,59,1521
San Francisco,74,0,378,2443,15,215,73,3124
San Francisco,75,0,566,3671,5,364,12,4618
San Francisco,76,0,280,864,13,61,1556,2774
San Francisco,77,0,87,1771,3,172,17,2050
San Francisco,78,0,83,1054,16,6,11,1170
San Francisco,79,0,403,5083,274,220,3323,9303
San Francisco,80,0,138,325,2,11,8,484
San Francisco,81,0,669,1383,17,64,98,2231
San Francisco,82,0,162,1466,9,294,8,1939
San Francisco,83,1,143,130,10,5,13,302
San Francisco,84,0,230,319,28,28,38,643
San Francisco,85,0,171,752,15,111,153,1202
San Francisco,86,0,53,855,0,33,23,964
San Francisco,87,0,89,1271,7,22,66,1455
San Francisco,88,12,97,706,14,492,215,1536
San Francisco,89,0,381,736,23,81,97,1318
San Francisco,90,0,149,17445,3,28,17,17642
San Francisco,91,1,71,13448,0,12,27,13559
San Francisco,92,0,38,90,0,9,21,158
San Francisco,93,0,63,222,38,12,82,417
San Francisco,94,0,209,453,18,151,33,864
San Francisco,95,0,377,329,8,6,47,767
San Francisco,96,9,63,133,16,2,9,232
San Francisco,97,0,104,413,66,74,14,671
San Francisco,98,0,168,484,7,199,30,888
San Francisco,99,0,220,435,31,25,55,766
San Francisco,100,0,380,1185,55,166,86,1872
San Francisco,101,27,463,1656,391,213,275,3025
San Francisco,102,0,103,970,167,193,112,1545
San Francisco,103,0,197,761,43,94,116,1211
San Francisco,104,0,601,864,192,306,354,2317
San Francisco,105,3,108,1243,23,159,57,1593
San Francisco,106,0,679,1977,58,360,309,3383
San Francisco,107,0,1348,2347,1197,1021,406,6319
San Francisco,108,0,1385,1810,501,309,251,4256
San Francisco,109,0,1417,1446,1236,157,2209,6465
San Francisco,110,0,2432,4055,279,140,105,7011
San Francisco,111,0,1539,2664,633,243,2345,7424
San Francisco,112,0,234,302,99,64,57,756
San Francisco,113,0,259,501,77,23,107,967
San Francisco,114,0,586,395,8,337,177,1503
San Francisco,115,0,152,353,23,15,26,569
San Francisco,116,0,1245,1308,244,590,1176,4563
San Francisco,117,0,571,404,18,12,28,1033
San Francisco,118,0,72,380,22,78,14,566
San Francisco,119,0,22,195,4,79,19,319
San Francisco,120,0,118,342,15,61,116,652
San Francisco,121,0,186,228,51,56,55,576
San Francisco,122,0,394,382,54,8,96,934
San Francisco,123,0,244,1118,18,157,80,1617
San Francisco,124,0,25,186,6,62,29,308
San Francisco,125,0,30,165,0,6,17,218
San Francisco,126,0,36,165,10,1,26,238
San Francisco,127,0,53,422,0,49,27,551
San Francisco,128,0,183,337,4,14,43,581
San Francisco,129,0,45,133,4,2,42,226
San Francisco,130,0,129,356,62,178,25,750
San Francisco,131,0,72,153,83,3,96,407
San Francisco,132,0,52,315,23,180,44,614
San Francisco,133,0,108,1611,30,68,142,1959
San Francisco,134,0,89,623,14,44,83,853
San Francisco,135,0,54,408,13,53,34,562
San Francisco,136,0,50,735,0,0,34,819
San Francisco,137,0,25,249,2,34,69,379
San Francisco,138,0,113,1146,25,106,942,2332
San Francisco,139,16,245,537,59,87,120,1064
San Francisco,140,0,4,164,24,15,19,226
San Francisco,141,0,39,234,5,18,30,326
San Francisco,142,0,1541,1063,1965,795,2442,7806
San Francisco,143,0,24,449,29,40,205,747
San Francisco,144,0,158,420,2,0,17,597
San Francisco,145,0,80,314,21,0,213,628
San Francisco,146,0,6,27,12,0,0,45
San Francisco,147,0,131,378,430,67,407,1413
San Francisco,148,0,103,387,530,16,640,1676
San Francisco,149,0,753,382,15,4,125,1279
San Francisco,150,0,560,669,146,223,731,2329
San Francisco,151,0,28,121,1,24,4,178
San Francisco,152,3,19,265,14,16,49,366
San Francisco,153,0,13,181,29,3,15,241
San Francisco,154,0,114,426,18,35,14,607
San Francisco,155,0,7,279,0,3,33,322
San Francisco,156,0,2,184,8,8,10,212
San Francisco,157,0,0,160,5,7,14,186
San Francisco,158,0,11,300,1,0,12,324
San Francisco,159,0,24,216,222,25,38,525
San Francisco,160,0,39,238,0,1,30,308
San Francisco,161,0,35,266,8,13,8,330
San Francisco,162,0,45,365,4,58,43,515
San Francisco,163,0,23,350,3,6,26,408
San Francisco,164,0,3858,417,11,39,21,4346
San Francisco,165,0,41,868,1,146,53,1109
San Francisco,166,0,33,811,14,28,91,977
San Francisco,167,0,51,349,2,18,73,493
San Francisco,168,0,50,470,22,88,86,716
San Francisco,169,0,105,726,30,40,74,975
San Francisco,170,0,394,1202,58,90,150,1894
San Francisco,171,0,70,188,0,86,10,354
San Francisco,172,3,57,345,30,107,62,604
San Francisco,173,0,80,102,6,57,19,264
San Francisco,174,0,75,208,7,2,64,356
San Francisco,175,0,118,988,36,108,55,1305
San Francisco,176,0,55,295,3,58,46,457
San Francisco,177,0,214,783,30,184,71,1282
San Francisco,178,0,94,352,3,12,32,493
San Francisco,179,0,80,533,12,9,67,701
San Francisco,180,0,28,309,14,60,35,446
San Francisco,181,11,31,507,46,59,64,718
San Francisco,182,0,20,331,8,46,80,485
San Francisco,183,0,40,1176,3,106,54,1379
San Francisco,184,0,98,534,1,118,75,826
San Francisco,185,0,225,1218,38,70,95,1646
San Francisco,186,0,140,910,60,58,100,1268
San Francisco,187,0,345,228,8,194,69,844
San Francisco,188,0,159,4792,4,880,48,5883
San Francisco,189,0,199,463,0,18,64,744
San Francisco,190,0,29,834,5,12,9,889
San Mateo,191,0,80,340,2,19,42,483
San Mateo,192,0,123,651,13,636,27,1450
San Mateo,193,0,255,1351,114,110,452,2282
San Mateo,194,0,34,1748,19,92,78,1971
San Mateo,195,0,9,230,0,0,40,279
San Mateo,196,0,65,192,1,1,28,287
San Mateo,197,0,34,210,154,130,8,536
San Mateo,198,0,27,939,32,6,12,1016
San Mateo,199,0,97,951,12,1021,13,2094
San Mateo,200,4,192,1284,101,2205,74,3860
San Mateo,201,1,94,489,165,246,91,1086
San Mateo,202,0,38,366,8,0,35,447
San Mateo,203,0,530,1010,40,208,212,2000
San Mateo,204,0,51,415,20,134,155,775
San Mateo,205,0,21,174,5,2,32,234
San Mateo,206,0,31,67,0,1,8,107
San Mateo,207,0,43,254,346,60,21,724
San Mateo,208,31,2020,1157,2384,447,631,6670
San Mateo,209,0,48,257,16,26,67,414
San Mateo,210,0,61,149,150,90,120,570
San Mateo,211,0,347,706,189,177,165,1584
San Mateo,212,278,11926,6002,17651,1176,2821,39854
San Mateo,213,0,73,801,40,118,87,1119
San Mateo,214,0,93,321,27,78,226,745
San Mateo,215,0,179,166,0,69,17,431
San Mateo,216,0,35,2320,3,119,40,2517
San Mateo,217,0,52,259,1,54,23,389
San Mateo,218,0,198,1415,29,264,57,1963
San Mateo,219,0,3,183,6,89,29,310
San Mateo,220,0,16,234,2,10,55,317
San Mateo,221,0,22,168,49,79,23,341
San Mateo,222,0,75,433,65,142,55,770
San Mateo,223,0,88,422,49,126,107,792
San Mateo,224,0,23,185,2,9,35,254
San Mateo,225,0,95,516,14,119,340,1084
San Mateo,226,3,101,388,12,209,137,850
San Mateo,227,6,36,207,29,1,65,344
San Mateo,228,0,0,13,0,0,0,13
San Mateo,229,0,65,592,6,1,12,676
San Mateo,230,0,43,868,95,412,5,1423
San Mateo,231,0,13,136,32,12,27,220
San Mateo,232,0,70,231,12,4,12,329
San Mateo,233,0,56,227,14,104,65,466
San Mateo,234,0,2588,1375,328,1071,1748,7110
San Mateo,235,0,30,408,11,6,335,790
San Mateo,236,0,126,479,17,78,58,758
San Mateo,237,0,87,1033,14,146,27,1307
San Mateo,238,0,29,334,431,85,31,910
San Mateo,239,0,1009,1555,9888,313,64,12829
San Mateo,240,0,346,1661,234,320,27,2588
San Mateo,241,0,48,280,5,0,77,410
San Mateo,242,0,24,197,2,2,22,247
San Mateo,243,0,16,123,7,0,15,161
San Mateo,244,0,79,325,28,215,140,787
San Mateo,245,0,20,270,17,0,27,334
San Mateo,246,0,495,3240,123,148,69,4075
San Mateo,247,0,66,180,5,0,106,357
San Mateo,248,0,5326,2659,2765,373,1080,12203
San Mateo,249,0,1975,1045,528,275,482,4305
San Mateo,250,0,96,301,17,60,85,559
San Mateo,251,0,864,1504,53,823,900,4144
San Mateo,252,4,291,748,73,18,180,1314
San Mateo,253,0,65,116,2,4,37,224
San Mateo,254,3,99,455,9,0,47,613
San Mateo,255,0,173,269,10,15,29,496
San Mateo,256,0,493,996,4,5,89,1587
San Mateo,257,0,2088,3272,235,504,823,6922
San Mateo,258,0,101,665,25,5,120,916
San Mateo,259,0,77,1102,133,85,87,1484
San Mateo,260,0,276,453,177,141,143,1190
San Mateo,261,0,48,400,25,21,73,567
San Mateo,262,0,107,329,32,60,48,576
San Mateo,263,0,78,130,66,0,50,324
San Mateo,264,0,172,373,4,102,30,681
San Mateo,265,0,3077,649,289,597,443,5055
San Mateo,266,0,8323,1854,994,604,2050,13825
San Mateo,267,0,31,235,12,1,30,309
San Mateo,268,0,12,401,5,4,5,427
San Mateo,269,0,129,265,14,75,10,493
San Mateo,270,0,13,44,5,0,8,70
San Mateo,271,0,542,219,13,56,11,841
San Mateo,272,0,19,57,0,16,6,98
San Mateo,273,0,33,79,1,0,7,120
San Mateo,274,0,948,192,86,60,37,1323
San Mateo,275,0,256,396,217,216,284,1369
San Mateo,276,0,20,186,66,23,23,318
San Mateo,277,0,83,476,51,23,35,668
San Mateo,278,0,1956,858,200,596,2693,6303
San Mateo,279,3,1753,1048,458,251,2590,6103
San Mateo,280,19,1143,822,111,204,179,2478
San Mateo,281,0,361,1118,109,235,489,2312
San Mateo,282,0,2600,520,78,23,585,3806
San Mateo,283,0,11,260,6,28,24,329
San Mateo,284,0,261,1660,14,1210,81,3226
San Mateo,285,0,5,519,7,18,109,658
San Mateo,286,0,249,739,144,191,79,1402
San Mateo,287,0,198,478,11,41,164,892
San Mateo,288,0,104,866,21,79,633,1703
San Mateo,289,0,143,177,19,66,15,420
San Mateo,290,0,24,34,18,24,58,158
San Mateo,291,0,131,866,690,106,14,1807
San Mateo,292,0,50,187,37,18,23,315
San Mateo,293,9,99,207,95,24,112,546
San Mateo,294,16,112,801,105,87,129,1250
San Mateo,295,78,64,372,97,282,115,1008
San Mateo,296,182,728,2098,90,270,208,3576
San Mateo,297,490,118,453,68,26,92,1247
San Mateo,298,131,356,1001,39,79,21,1627
San Mateo,299,20,348,552,16,135,228,1299
San Mateo,300,0,85,591,27,0,39,742
San Mateo,301,0,69,470,13,63,153,768
San Mateo,302,0,192,129,16,5,51,393
San Mateo,303,0,65,376,11,1,47,500
San Mateo,304,16,61,851,21,6,41,996
San Mateo,305,0,30,83,0,0,9,122
San Mateo,306,0,27,105,11,1,54,198
San Mateo,307,0,101,160,16,0,40,317
San Mateo,308,1,44,214,30,0,76,365
San Mateo,309,0,1390,1919,33,336,286,3964
San Mateo,310,27,3284,1697,1857,1105,1963,9933
San Mateo,311,0,5141,1750,2526,120,4325,13862
San Mateo,312,0,93,143,128,7,179,550
San Mateo,313,10,2325,2072,742,297,1341,6787
San Mateo,314,0,624,3200,1067,311,778,5980
San Mateo,315,26,3075,5201,357,1056,5546,15261
San Mateo,316,0,109,116,4,47,32,308
San Mateo,317,0,162,965,59,82,45,1313
San Mateo,318,0,94,250,3,14,56,417
San Mateo,319,0,28,167,1,4,77,277
San Mateo,320,0,145,312,6,22,149,634
San Mateo,321,0,44,390,39,127,66,666
San Mateo,322,10,216,291,30,35,11,593
San Mateo,323,0,123,371,19,417,43,973
San Mateo,324,0,48,294,8,130,13,493
San Mateo,325,0,211,269,8,194,54,736
San Mateo,326,0,182,331,44,498,125,1180
San Mateo,327,0,139,606,148,163,21,1077
San Mateo,328,0,238,148,37,44,48,515
San Mateo,329,0,664,788,286,205,654,2597
San Mateo,330,0,104,214,13,33,90,454
San Mateo,331,16,2680,696,2085,105,26742,32324
San Mateo,332,32,1827,1530,500,5,360,4254
San Mateo,333,0,85,693,29,489,68,1364
San Mateo,334,0,126,472,13,74,69,754
San Mateo,335,8,2397,193,17,353,2,2970
San Mateo,336,0,141,120,4,131,135,531
San Mateo,337,0,38,993,7,6,11,1055
San Mateo,338,0,46,45,0,6,14,111
San Mateo,339,0,52,663,5,22,61,803
San Mateo,340,8,980,880,198,38,1535,3639
San Mateo,341,15,1310,2415,22,747,284,4793
San Mateo,342,3,131,1309,42,3,14,1502
San Mateo,343,0,116,406,3,7,5,537
San Mateo,344,0,37,167,24,5,20,253
San Mateo,345,0,323,364,11,23,46,767
San Mateo,346,6,4150,741,420,103,154,5574
Santa Clara,347,84,255,1510,173,5,69,2096
Santa Clara,348,0,2812,211,539,0,4422,7984
Santa Clara,349,0,4922,3876,3382,34,1110,13324
Santa Clara,350,9,217,115,17,162,9,529
Santa Clara,351,0,1331,2101,103,176,492,4203
Santa Clara,352,0,11,55,0,0,0,66
Santa Clara,353,0,43,125,15,33,5,221
Santa Clara,354,0,685,15861,2,36,0,16584
Santa Clara,355,2,370,22048,48,1627,82,24177
Santa Clara,356,0,5586,4443,681,689,8877,20276
Santa Clara,357,0,235,356,44,4,184,823
Santa Clara,358,0,474,361,25,12,103,975
Santa Clara,359,0,208,277,19,0,55,559
Santa Clara,360,1,228,170,7,2,17,425
Santa Clara,361,0,201,406,52,89,96,844
Santa Clara,362,0,373,730,1539,46,19,2707
Santa Clara,363,0,37,434,2,18,11,502
Santa Clara,364,0,11,291,13,179,0,494
Santa Clara,365,0,147,214,44,139,70,614
Santa Clara,366,0,792,1125,98,96,1150,3261
Santa Clara,367,0,2167,763,70,120,97,3217
Santa Clara,368,0,160,327,58,12,38,595
Santa Clara,369,0,173,543,5,4,58,783
Santa Clara,370,1,1192,1057,211,256,326,3043
Santa Clara,371,0,434,1084,23,259,227,2027
Santa Clara,372,0,648,1072,190,692,179,2781
Santa Clara,373,0,728,406,23,214,651,2022
Santa Clara,374,1,830,767,645,530,831,3604
Santa Clara,375,0,68,232,0,3,15,318
Santa Clara,376,13,906,409,504,105,292,2229
Santa Clara,377,0,280,210,232,32,2327,3081
Santa Clara,378,0,1464,1796,147,98,1716,5221
Santa Clara,379,7,38,427,12,8,25,517
Santa Clara,380,0,17,148,11,31,69,276
Santa Clara,381,0,333,461,99,144,159,1196
Santa Clara,382,0,61,201,8,8,6,284
Santa Clara,383,0,188,3553,75,71,36,3923
Santa Clara,384,9,192,455,3,35,7,701
Santa Clara,385,0,148,149,3,1,5,306
Santa Clara,386,0,28,65,0,0,16,109
Santa Clara,387,0,79,131,50,179,50,489
Santa Clara,388,0,269,1240,61,21,124,1715
Santa Clara,389,0,147,706,42,347,75,1317
Santa Clara,390,0,78,372,57,34,31,572
Santa Clara,391,0,138,1746,9,389,96,2378
Santa Clara,392,0,35,196,2,31,15,279
Santa Clara,393,0,1322,421,324,71,50,2188
Santa Clara,394,0,74,602,26,20,170,892
Santa Clara,395,0,2188,706,884,23,3977,7778
Santa Clara,396,0,878,293,819,0,1985,3975
Santa Clara,397,0,593,98,730,10,637,2068
Santa Clara,398,0,603,317,229,194,241,1584
Santa Clara,399,0,4722,245,644,127,1345,7083
Santa Clara,400,0,502,202,6,0,133,843
Santa Clara,401,4,3376,2854,4155,268,25810,36467
Santa Clara,402,0,844,217,3930,0,964,5955
Santa Clara,403,0,5314,759,5412,5,19386,30876
Santa Clara,404,5,850,717,2175,6,1009,4762
Santa Clara,405,0,1138,668,1029,586,176,3597
Santa Clara,406,28,2537,862,6124,122,1101,10774
Santa Clara,407,0,1977,1777,4205,391,2327,10677
Santa Clara,408,0,7215,10714,3064,175,7146,28314
Santa Clara,409,0,4004,1451,5391,29,441,11316
Santa Clara,410,0,3037,342,2243,9,386,6017
Santa Clara,411,0,0,0,554,0,0,554
Santa Clara,412,5,3884,1248,13040,155,271,18603
Santa Clara,413,0,114,428,1220,177,6,1945
Santa Clara,414,0,1138,1199,3548,242,1964,8091
Santa Clara,415,0,6282,4340,3218,215,1547,15602
Santa Clara,416,0,3915,409,355,55,482,5216
Santa Clara,417,0,1912,57,2822,12,286,5089
Santa Clara,418,0,248,298,1770,106,370,2792
Santa Clara,419,0,33,215,18,6,13,285
Santa Clara,420,0,6,210,9,20,0,245
Santa Clara,421,0,240,164,24,18,51,497
Santa Clara,422,0,129,195,231,17,34,606
Santa Clara,423,0,10,184,40,58,6,298
Santa Clara,424,0,71,433,85,53,37,679
Santa Clara,425,0,29,202,0,55,317,603
Santa Clara,426,0,45,86,892,175,8,1206
Santa Clara,427,0,6292,1319,2333,229,795,10968
Santa Clara,428,0,3628,1170,1351,502,481,7132
Santa Clara,429,0,2005,561,7178,23,3160,12927
Santa Clara,430,0,6861,815,9523,245,1365,18809
Santa Clara,431,0,674,324,1460,102,927,3487
Santa Clara,432,0,2612,595,2883,411,2416,8917
Santa Clara,433,0,355,566,359,78,927,2285
Santa Clara,434,0,351,1230,1944,608,644,4777
Santa Clara,435,0,5799,2515,2950,205,1815,13284
Santa Clara,436,0,91,927,8,298,40,1364
Santa Clara,437,0,35,183,27,149,17,411
Santa Clara,438,0,26,427,9,32,16,510
Santa Clara,439,12,53,634,16,236,14,965
Santa Clara,440,0,65,630,3,43,48,789
Santa Clara,441,0,132,629,89,131,34,1015
Santa Clara,442,0,14,278,10,37,16,355
Santa Clara,443,0,19,154,0,17,51,241
Santa Clara,444,0,92,558,92,18,67,827
Santa Clara,445,0,56,452,19,64,33,624
Santa Clara,446,0,63,152,44,94,7,360
Santa Clara,447,0,92,267,8,73,14,454
Santa Clara,448,0,265,827,2,369,18,1481
Santa Clara,449,0,95,867,8,319,39,1328
Santa Clara,450,0,740,1336,276,493,191,3036
Santa Clara,451,3,60,831,10,256,10,1170
Santa Clara,452,0,39,1085,12,148,11,1295
Santa Clara,453,0,79,773,7,285,22,1166
Santa Clara,454,0,81,707,79,6,22,895
Santa Clara,455,0,36,449,13,110,22,630
Santa Clara,456,0,100,261,37,10,22,430
Santa Clara,457,0,52,184,7,0,3,246
Santa Clara,458,0,49,137,13,8,10,217
Santa Clara,459,0,74,656,17,109,41,897
Santa Clara,460,3,308,5746,36915,168,334,43474
Santa Clara,461,0,31,200,7,23,36,297
Santa Clara,462,0,140,435,11,341,45,972
Santa Clara,463,0,41,73,11,38,27,190
Santa Clara,464,0,72,207,8,3,11,301
Santa Clara,465,0,122,959,61,679,45,1866
Santa Clara,466,0,102,1593,63,3149,46,4953
Santa Clara,467,0,2378,2133,101,530,1030,6172
Santa Clara,468,0,66,617,5,130,99,917
Santa Clara,469,0,223,566,33,56,57,935
Santa Clara,470,0,67,447,55,48,66,683
Santa Clara,471,3,99,951,30,446,47,1576
Santa Clara,472,0,318,684,88,14,150,1254
Santa Clara,473,0,65,501,36,32,26,660
Santa Clara,474,0,45,172,0,12,41,270
Santa Clara,475,0,92,655,34,716,97,1594
Santa Clara,476,0,194,1286,72,339,105,1996
Santa Clara,477,2,19,769,7,54,65,916
Santa Clara,478,0,278,571,75,894,42,1860
Santa Clara,479,0,249,744,175,6,53,1227
Santa Clara,480,0,21,278,16,23,9,347
Santa Clara,481,0,99,331,3,84,9,526
Santa Clara,482,0,22,78,9,10,13,132
Santa Clara,483,0,257,503,9,134,11,914
Santa Clara,484,0,1103,1291,426,142,323,3285
Santa Clara,485,0,523,1052,100,287,72,2034
Santa Clara,486,0,345,602,99,532,23,1601
Santa Clara,487,0,200,528,0,79,46,853
Santa Clara,488,0,156,406,36,12,36,646
Santa Clara,489,0,53,368,2,10,80,513
Santa Clara,490,18,574,1744,361,263,149,3109
Santa Clara,491,0,37,238,33,218,8,534
Santa Clara,492,0,59,360,13,161,71,664
Santa Clara,493,1,157,388,57,2,43,648
Santa Clara,494,0,443,482,39,40,45,1049
Santa Clara,495,7,76,259,116,19,62,539
Santa Clara,496,10,119,843,31,24,112,1139
Santa Clara,497,6,101,1603,59,20,93,1882
Santa Clara,498,0,189,586,17,123,63,978
Santa Clara,499,0,142,784,48,314,22,1310
Santa Clara,500,0,26,138,11,1,35,211
Santa Clara,501,0,15,138,0,33,43,229
Santa Clara,502,0,32,286,11,255,19,603
Santa Clara,503,4,190,1651,33,170,53,2101
Santa Clara,504,0,1533,2291,1693,602,1858,7977
Santa Clara,505,0,98,140,9,15,82,344
Santa Clara,506,0,175,1070,343,50,27,1665
Santa Clara,507,0,81,443,4,60,213,801
Santa Clara,508,0,1998,544,1197,1,517,4257
Santa Clara,509,0,461,606,82,237,294,1680
Santa Clara,510,0,48,175,19,9,19,270
Santa Clara,511,9,676,2586,299,304,638,4512
Santa Clara,512,0,59,189,14,1,51,314
Santa Clara,513,1,34,337,10,1,14,397
Santa Clara,514,0,137,738,8,165,101,1149
Santa Clara,515,0,14,354,35,9,47,459
Santa Clara,516,0,45,214,2,0,7,268
Santa Clara,517,0,31,699,24,135,91,980
Santa Clara,518,87,388,1879,77,522,65,3018
Santa Clara,519,0,277,3771,1667,48,76,5839
Santa Clara,520,0,203,458,45,63,70,839
Santa Clara,521,0,127,1553,203,250,409,2542
Santa Clara,522,0,145,517,5,74,272,1013
Santa Clara,523,0,85,473,22,529,44,1153
Santa Clara,524,2,83,76,11,10,36,218
Santa Clara,525,0,75,385,39,20,20,539
Santa Clara,526,0,85,652,102,14,73,926
Santa Clara,527,0,169,864,26,114,115,1288
Santa Clara,528,0,213,704,42,138,94,1191
Santa Clara,529,2,133,357,45,178,76,791
Santa Clara,530,5,2594,2148,448,977,1092,7264
Santa Clara,531,0,628,887,40,2866,43,4464
Santa Clara,532,0,61,547,4,77,29,718
Santa Clara,533,0,266,8144,16,55,48,8529
Santa Clara,534,0,241,415,313,95,70,1134
Santa Clara,535,0,171,927,38,165,26,1327
Santa Clara,536,0,38,398,19,127,48,630
Santa Clara,537,5,494,1032,668,317,335,2851
Santa Clara,538,0,666,267,4,37,26,1000
Santa Clara,539,4,514,2229,658,607,1008,5020
Santa Clara,540,39,670,2247,170,218,131,3475
Santa Clara,541,0,132,1121,8,161,58,1480
Santa Clara,542,1,322,818,24,0,395,1560
Santa Clara,543,2,374,2709,86,138,260,3569
Santa Clara,544,0,98,400,41,119,75,733
Santa Clara,545,0,227,882,10,28,7,1154
Santa Clara,546,3,1471,781,344,33,7708,10340
Santa Clara,547,0,1626,796,499,167,2007,5095
Santa Clara,548,0,68,599,104,53,63,887
Santa Clara,549,0,1093,1076,53,71,226,2519
Santa Clara,550,0,139,250,6,16,52,463
Santa Clara,551,0,126,516,210,78,188,1118
Santa Clara,552,0,22,152,18,12,80,284
Santa Clara,553,0,27,198,6,29,15,275
Santa Clara,554,0,75,362,3,41,13,494
Santa Clara,555,0,54,612,71,21,9,767
Santa Clara,556,0,0,46,0,23,0,69
Santa Clara,557,0,388,5466,112,120,3465,9551
Santa Clara,558,3,8243,3089,286,271,7357,19249
Santa Clara,559,17,76,390,8,19,75,585
Santa Clara,560,0,1288,1138,93,27,75,2621
Santa Clara,561,7,60,425,324,107,135,1058
Santa Clara,562,3,25,216,10,48,109,411
Santa Clara,563,35,1490,2709,4446,1474,3228,13382
Santa Clara,564,0,133,766,13,682,65,1659
Santa Clara,565,0,378,357,174,10,203,1122
Santa Clara,566,6,41,642,109,81,322,1201
Santa Clara,567,0,153,667,341,174,267,1602
Santa Clara,568,0,25,388,117,118,84,732
Santa Clara,569,0,23,149,3,43,13,231
Santa Clara,570,0,17,228,0,13,47,305
Santa Clara,571,3,5,143,1,3,42,197
Santa Clara,572,0,9,389,8,0,10,416
Santa Clara,573,0,3,192,19,0,2,216
Santa Clara,574,0,46,358,5,21,41,471
Santa Clara,575,0,13,585,44,108,15,765
Santa Clara,576,0,35,308,39,26,26,434
Santa Clara,577,0,13,374,4,9,2,402
Santa Clara,578,0,68,455,6,79,25,633
Santa Clara,579,0,31,966,225,595,389,2206
Santa Clara,580,0,78,363,168,64,47,720
Santa Clara,581,0,46,236,0,61,8,351
Santa Clara,582,0,75,1462,14,328,15,1894
Santa Clara,583,0,164,1552,53,1169,46,2984
Santa Clara,584,0,32,304,17,36,28,417
Santa Clara,585,0,63,326,7,72,17,485
Santa Clara,586,0,8,314,17,217,45,601
Santa Clara,587,0,5,362,0,0,0,367
Santa Clara,588,0,42,313,2,28,17,402
Santa Clara,589,0,2,391,47,55,13,508
Santa Clara,590,0,30,208,28,231,2,499
Santa Clara,591,0,81,564,13,74,41,773
Santa Clara,592,13,30,263,61,45,55,467
Santa Clara,593,0,120,234,1269,101,1601,3325
Santa Clara,594,0,39,306,14,14,90,463
Santa Clara,595,0,87,2844,10,78,23,3042
Santa Clara,596,0,20,312,13,122,9,476
Santa Clara,597,0,71,519,205,1,89,885
Santa Clara,598,0,118,317,7,78,25,545
Santa Clara,599,0,2,111,21,3,4,141
Santa Clara,600,0,11,233,0,10,7,261
Santa Clara,601,0,434,437,33,48,36,988
Santa Clara,602,0,813,404,807,194,1566,3784
Santa Clara,603,0,905,723,1155,490,787,4060
Santa Clara,604,0,475,2018,2472,53,1125,6143
Santa Clara,605,0,1722,1338,5529,760,1354,10703
Santa Clara,606,5,471,872,273,77,14,1712
Santa Clara,607,0,193,1701,172,2294,578,4938
Santa Clara,608,0,1417,1061,3988,356,1597,8419
Santa Clara,609,1,202,753,59,156,589,1760
Santa Clara,610,0,38,198,71,113,23,443
Santa Clara,611,0,101,863,48,73,54,1139
Santa Clara,612,0,344,707,620,56,38,1765
Santa Clara,613,0,25,356,69,63,7,520
Santa Clara,614,4,27,505,3,26,5,570
Santa Clara,615,2,35,293,13,5,42,390
Santa Clara,616,0,17,575,30,19,2,643
Santa Clara,617,0,44,327,7,56,14,448
Santa Clara,618,0,28,61,24,2,12,127
Santa Clara,619,0,21,238,12,0,6,277
Santa Clara,620,0,107,713,41,55,4,920
Santa Clara,621,1,12,441,8,154,21,637
Santa Clara,622,0,11,296,6,7,19,339
Santa Clara,623,0,12,148,4,16,39,219
Santa Clara,624,0,21,57,0,0,0,78
Santa Clara,625,0,37,667,13,92,14,823
Santa Clara,626,0,25,229,1,5,17,277
Santa Clara,627,0,64,411,16,190,45,726
Santa Clara,628,39,48,429,15,4,95,630
Santa Clara,629,0,20,377,11,6,69,483
Santa Clara,630,0,110,589,35,121,38,893
Santa Clara,631,0,15,83,3,25,10,136
Santa Clara,632,0,52,636,23,573,23,1307
Santa Clara,633,0,94,785,50,39,65,1033
Santa Clara,634,0,37,496,41,233,647,1454
Santa Clara,635,0,42,268,45,3,47,405
Santa Clara,636,0,44,443,8,250,62,807
Santa Clara,637,6,88,108,16,4,112,334
Santa Clara,638,0,57,244,6,17,47,371
Santa Clara,639,2,7,203,2,91,56,361
Santa Clara,640,0,5,370,8,3,23,409
Santa Clara,641,0,7,158,6,8,15,194
Santa Clara,642,0,30,132,16,0,60,238
Santa Clara,643,0,8,257,7,3,26,301
Santa Clara,644,0,19,473,59,214,19,784
Santa Clara,645,0,79,446,11,7,24,567
Santa Clara,646,0,5,242,3,1,4,255
Santa Clara,647,0,27,110,4,0,29,170
Santa Clara,648,0,37,229,7,7,6,286
Santa Clara,649,0,5,366,18,179,60,628
Santa Clara,650,0,88,688,35,68,31,910
Santa Clara,651,0,40,644,9,58,15,766
Santa Clara,652,0,43,447,15,50,61,616
Santa Clara,653,1,121,1418,39,109,37,1725
Santa Clara,654,0,70,391,16,2,13,492
Santa Clara,655,0,267,522,42,20,90,941
Santa Clara,656,0,1234,1171,3565,68,660,6698
Santa Clara,657,0,76,422,44,69,40,651
Santa Clara,658,0,19,86,8,0,4,117
Santa Clara,659,0,183,368,24,41,1,617
Santa Clara,660,0,927,1316,1894,305,542,4984
Santa Clara,661,0,802,4962,1593,561,41,7959
Santa Clara,662,0,17,106,3,0,20,146
Santa Clara,663,0,12,85,4,3,24,128
Santa Clara,664,0,26,160,16,7,33,242
Santa Clara,665,0,76,352,15,41,54,538
Santa Clara,666,0,60,178,10,0,26,274
Santa Clara,667,0,44,312,0,57,3,416
Santa Clara,668,0,26,226,129,5,25,411
Santa Clara,669,0,42,450,10,36,65,603
Santa Clara,670,0,27,566,14,12,64,683
Santa Clara,671,0,453,320,33,141,19,966
Santa Clara,672,0,72,192,33,11,12,320
Santa Clara,673,0,119,361,9,40,28,557
Santa Clara,674,0,85,621,12,153,42,913
Santa Clara,675,0,189,262,8,126,32,617
Santa Clara,676,0,242,1100,1259,281,173,3055
Santa Clara,677,0,134,1479,28,1044,125,2810
Santa Clara,678,0,4,174,11,0,1,190
Santa Clara,679,1,34,534,53,415,18,1055
Santa Clara,680,0,138,374,49,711,107,1379
Santa Clara,681,0,102,571,13,151,34,871
Santa Clara,682,0,67,669,3,60,43,842
Santa Clara,683,0,26,114,1,126,11,278
Santa Clara,684,0,35,495,27,168,52,777
Santa Clara,685,0,131,320,28,17,18,514
Santa Clara,686,0,214,348,3,126,21,712
Santa Clara,687,0,116,785,48,1662,12,2623
Santa Clara,688,0,50,1988,10,110,16,2174
Santa Clara,689,0,54,176,1,67,31,329
Santa Clara,690,0,99,417,21,118,68,723
Santa Clara,691,0,15,240,1,65,11,332
Santa Clara,692,0,112,414,6,203,13,748
Santa Clara,693,0,35,326,8,17,5,391
Santa Clara,694,0,85,164,97,3,63,412
Santa Clara,695,0,75,169,3,38,68,353
Santa Clara,696,47,98,296,568,9,32,1050
Santa Clara,697,283,1154,176,140,34,153,1940
Santa Clara,698,66,83,834,66,410,74,1533
Santa Clara,699,188,116,132,37,95,101,669
Santa Clara,700,116,1213,2036,4015,1000,1237,9617
Santa Clara,701,0,96,477,48,153,207,981
Santa Clara,702,7,352,1692,93,200,559,2903
Santa Clara,703,13,64,133,96,13,73,392
Santa Clara,704,185,54,328,99,23,92,781
Santa Clara,705,84,101,1159,161,43,176,1724
Santa Clara,706,761,245,1423,1916,2059,510,6914
Santa Clara,707,42,347,1612,548,610,543,3702
Santa Clara,708,0,101,583,0,43,190,917
Santa Clara,709,8,196,929,128,306,211,1778
Santa Clara,710,2,381,604,7,99,39,1132
Santa Clara,711,9,117,317,21,13,153,630
Santa Clara,712,155,64,535,191,42,220,1207
Santa Clara,713,72,117,221,185,69,257,921
Santa Clara,714,12,8,23,23,132,20,218
Alameda,715,25,7121,1137,5659,927,2461,17330
Alameda,716,0,284,398,465,11,602,1760
Alameda,717,0,38,1095,70,38,99,1340
Alameda,718,71,485,536,663,366,1425,3546
Alameda,719,7,46,185,116,10,17,381
Alameda,720,4,362,320,585,89,109,1469
Alameda,721,0,201,1298,59,1041,334,2933
Alameda,722,0,38,294,13,32,44,421
Alameda,723,23,140,1150,110,87,140,1650
Alameda,724,0,145,1991,34,411,45,2626
Alameda,725,0,57,158,99,34,45,393
Alameda,726,0,68,251,156,199,156,830
Alameda,727,4,5,246,5,0,18,278
Alameda,728,0,1068,1338,2315,1700,1097,7518
Alameda,729,6,800,2101,595,916,449,4867
Alameda,730,1,1838,2056,892,1278,448,6513
Alameda,731,0,44,78,10,3,3,138
Alameda,732,0,407,1804,778,757,871,4617
Alameda,733,0,292,2443,320,1027,72,4154
Alameda,734,7,352,553,230,92,717,1951
Alameda,735,0,21,372,64,3,100,560
Alameda,736,0,3143,1581,276,958,4977,10935
Alameda,737,0,682,1046,1847,353,494,4422
Alameda,738,0,15,529,23,6,16,589
Alameda,739,0,1745,2615,1366,427,1151,7304
Alameda,740,0,20,564,20,26,61,691
Alameda,741,0,91,473,17,180,30,791
Alameda,742,46,5485,6678,1980,1617,2104,17910
Alameda,743,117,745,625,589,117,818,3011
Alameda,744,0,116,1082,21,53,265,1537
Alameda,745,0,70,139,7,26,46,288
Alameda,746,29,229,746,170,109,120,1403
Alameda,747,0,54,227,45,13,22,361
Alameda,748,0,22,104,4,9,3,142
Alameda,749,0,106,224,382,46,10,768
Alameda,750,76,757,578,9748,1078,546,12783
Alameda,751,0,2205,2292,15388,2528,3942,26355
Alameda,752,4,1353,2823,24518,773,1090,30561
Alameda,753,2,20,118,41,1,3,185
Alameda,754,16,203,1057,87,19,19,1401
Alameda,755,0,200,419,89,15,384,1107
Alameda,756,0,225,587,304,47,322,1485
Alameda,757,0,1,80,1,2,8,92
Alameda,758,0,23,488,17,20,88,636
Alameda,759,0,21,148,16,37,30,252
Alameda,760,0,28,224,9,29,40,330
Alameda,761,0,785,1346,81,206,41,2459
Alameda,762,0,54,116,2,6,1,179
Alameda,763,0,604,2211,12,14,913,3754
Alameda,764,0,156,914,37,546,48,1701
Alameda,765,0,38,521,9,143,20,731
Alameda,766,0,23,465,29,43,24,584
Alameda,767,0,618,2057,5150,935,215,8975
Alameda,768,25,2194,424,2154,340,230,5367
Alameda,769,0,891,377,480,8,144,1900
Alameda,770,0,75,782,110,230,25,1222
Alameda,771,0,95,685,20,329,42,1171
Alameda,772,0,17,66,17,9,90,199
Alameda,773,0,35,406,306,176,399,1322
Alameda,774,0,218,1015,431,155,54,1873
Alameda,775,0,63,298,31,47,57,496
Alameda,776,0,272,738,50,1,51,1112
Alameda,777,0,908,2816,139,825,87,4775
Alameda,778,0,1008,5362,8,18,85,6481
Alameda,779,0,30,104,24,11,4,173
Alameda,780,2,106,377,60,8,6,559
Alameda,781,0,31,162,45,6,23,267
Alameda,782,0,62,333,34,4,17,450
Alameda,783,0,17,27,7,3,2,56
Alameda,784,0,31,383,99,171,11,695
Alameda,785,0,23,270,45,14,4,356
Alameda,786,0,11,99,20,23,9,162
Alameda,787,0,86,547,29,141,15,818
Alameda,788,0,44,283,11,5,0,343
Alameda,789,0,40,198,19,1,4,262
Alameda,790,0,24,336,27,7,32,426
Alameda,791,2,42,544,64,183,10,845
Alameda,792,0,3,103,1,0,9,116
Alameda,793,0,34,294,28,42,11,409
Alameda,794,0,12,77,4,20,0,113
Alameda,795,4,94,449,893,14,160,1614
Alameda,796,27,322,1953,2193,1385,235,6115
Alameda,797,0,1605,688,2859,270,799,6221
Alameda,798,0,47,505,1464,5,254,2275
Alameda,799,0,9,117,14,1,17,158
Alameda,800,0,22,1113,90,75,285,1585
Alameda,801,0,137,763,252,244,167,1563
Alameda,802,0,7,160,14,4,16,201
Alameda,803,0,8,520,7,12,0,547
Alameda,804,0,22,397,13,50,18,500
Alameda,805,0,25,278,21,51,46,421
Alameda,806,16,436,1675,4703,510,1019,8359
Alameda,807,0,25,161,35,71,0,292
Alameda,808,0,4,132,21,0,4,161
Alameda,809,0,103,214,1511,4,654,2486
Alameda,810,17,3730,2424,9671,2585,3059,21486
Alameda,811,0,126,1846,692,295,156,3115
Alameda,812,0,686,939,9,468,22,2124
Alameda,813,0,14,1105,21,0,8,1148
Alameda,814,0,3,196,21,66,13,299
Alameda,815,0,14,182,8,11,3,218
Alameda,816,0,2,266,1,123,16,408
Alameda,817,0,11,305,4,55,25,400
Alameda,818,0,6,504,21,2,18,551
Alameda,819,0,35,329,8,21,25,418
Alameda,820,2,77,684,161,62,19,1005
Alameda,821,0,27,1839,15,31,15,1927
Alameda,822,0,13,199,6,0,49,267
Alameda,823,0,30,362,2,8,198,600
Alameda,824,0,163,356,42,436,94,1091
Alameda,825,0,19,97,5,14,32,167
Alameda,826,2,44,258,59,141,215,719
Alameda,827,0,80,1095,23,171,428,1797
Alameda,828,0,214,651,51,462,329,1707
Alameda,829,0,32,391,18,1,252,694
Alameda,830,0,11,367,3,202,43,626
Alameda,831,0,8,384,49,33,8,482
Alameda,832,0,47,508,12,36,11,614
Alameda,833,0,35,92,1,0,13,141
Alameda,834,0,47,231,563,13,65,919
Alameda,835,0,49,303,21,43,21,437
Alameda,836,0,20,113,57,341,46,577
Alameda,837,0,26,491,6,29,412,964
Alameda,838,0,96,430,0,155,29,710
Alameda,839,0,346,1773,70,245,492,2926
Alameda,840,0,105,651,38,245,52,1091
Alameda,841,0,23,428,9,32,11,503
Alameda,842,0,29,217,7,145,9,407
Alameda,843,0,72,220,64,14,10,380
Alameda,844,16,112,663,38,103,52,984
Alameda,845,0,42,599,15,13,53,722
Alameda,846,0,62,447,66,100,26,701
Alameda,847,0,200,554,34,44,141,973
Alameda,848,0,206,2798,34,566,55,3659
Alameda,849,0,13,272,3,87,31,406
Alameda,850,0,50,26,6,0,63,145
Alameda,851,0,15,64,2,0,19,100
Alameda,852,0,12,226,34,28,29,329
Alameda,853,0,39,1344,17,7,12,1419
Alameda,854,0,12,337,17,71,11,448
Alameda,855,0,12,549,17,16,22,616
Alameda,856,0,41,743,14,439,86,1323
Alameda,857,0,27,754,417,121,72,1391
Alameda,858,0,33,528,62,418,37,1078
Alameda,859,0,38,261,5,45,11,360
Alameda,860,0,152,1171,2540,88,801,4752
Alameda,861,4,247,4874,284,30,47,5486
Alameda,862,0,660,1109,1262,1355,1177,5563
Alameda,863,0,106,418,34,367,25,950
Alameda,864,0,178,1992,821,282,62,3335
Alameda,865,0,10,383,17,0,33,443
Alameda,866,0,15,403,3,7,17,445
Alameda,867,0,21,126,3,54,22,226
Alameda,868,0,32,287,7,16,24,366
Alameda,869,0,48,734,19,151,53,1005
Alameda,870,0,30,240,123,54,364,811
Alameda,871,55,859,2277,469,383,113,4156
Alameda,872,3,438,510,290,440,424,2105
Alameda,873,0,1190,1283,4638,1680,1188,9979
Alameda,874,1,186,217,2907,0,0,3311
Alameda,875,61,2039,3651,6277,624,1472,14124
Alameda,876,0,0,60,27,0,47,134
Alameda,877,0,14,250,22,30,0,316
Alameda,878,0,103,396,185,52,14,750
Alameda,879,0,11,131,145,52,91,430
Alameda,880,0,0,249,16,7,23,295
Alameda,881,0,0,119,8,3,12,142
Alameda,882,0,12,319,4,159,12,506
Alameda,883,0,11,1166,0,1,24,1202
Alameda,884,0,57,215,14,12,7,305
Alameda,885,0,132,721,50,12,6,921
Alameda,886,0,57,248,1,4,40,350
Alameda,887,0,295,478,9,15,2,799
Alameda,888,0,0,199,4,5,8,216
Alameda,889,0,5,256,8,0,0,269
Alameda,890,0,9,225,0,18,30,282
Alameda,891,0,6,178,0,12,6,202
Alameda,892,0,32,135,380,7,61,615
Alameda,893,7,77,146,85,26,200,541
Alameda,894,0,37,271,384,0,64,756
Alameda,895,0,545,1681,574,19,138,2957
Alameda,896,9,157,138,1398,337,292,2331
Alameda,897,0,71,204,0,180,10,465
Alameda,898,0,16,304,97,17,6,440
Alameda,899,0,13,582,7,41,14,657
Alameda,900,0,48,577,10,155,14,804
Alameda,901,0,15,152,1,0,5,173
Alameda,902,0,9,514,7,30,4,564
Alameda,903,0,21,118,4,16,5,164
Alameda,904,0,6,341,17,2,30,396
Alameda,905,0,22,231,0,15,16,284
Alameda,906,0,53,1989,13,156,16,2227
Alameda,907,0,37,142,69,15,38,301
Alameda,908,0,22,239,4,46,12,323
Alameda,909,0,32,169,4,5,21,231
Alameda,910,0,72,605,29,5,39,750
Alameda,911,0,36,513,0,126,12,687
Alameda,912,0,48,238,16,14,32,348
Alameda,913,0,269,647,91,284,107,1398
Alameda,914,0,106,207,136,6,24,479
Alameda,915,0,85,278,0,34,20,417
Alameda,916,0,79,845,21,282,35,1262
Alameda,917,0,77,252,7,27,133,496
Alameda,918,2,75,605,9,7,31,729
Alameda,919,0,6,23,22,0,6,57
Alameda,920,0,7,318,11,9,2,347
Alameda,921,0,23,181,16,3,4,227
Alameda,922,0,115,307,34,30,22,508
Alameda,923,1,52,359,17,219,42,690
Alameda,924,0,23,365,3,120,8,519
Alameda,925,0,206,554,8,101,186,1055
Alameda,926,0,416,1845,630,540,265,3696
Alameda,927,0,65,709,13,28,2,817
Alameda,928,0,26,284,0,0,12,322
Alameda,929,0,8,382,4,13,19,426
Alameda,930,0,8,553,1,7,11,580
Alameda,931,0,11,3148,19,2,8,3188
Alameda,932,0,2,168,10,2,4,186
Alameda,933,0,4,559,52,35,22,672
Alameda,934,0,59,625,19,72,12,787
Alameda,935,0,3,156,0,1,0,160
Alameda,936,0,14,176,0,5,9,204
Alameda,937,0,26,365,7,196,40,634
Alameda,938,0,67,80,3,0,19,169
Alameda,939,21,147,649,69,208,76,1170
Alameda,940,0,72,308,13,97,18,508
Alameda,941,0,41,421,6,20,8,496
Alameda,942,0,143,862,23,79,23,1130
Alameda,943,0,17,519,55,14,9,614
Alameda,944,0,68,448,26,117,7,666
Alameda,945,0,1549,1442,3247,5,6944,13187
Alameda,946,0,736,1555,399,116,698,3504
Alameda,947,24,420,1643,421,308,445,3261
Alameda,948,0,108,429,75,114,568,1294
Alameda,949,16,37,682,146,227,27,1135
Alameda,950,0,145,777,13,166,54,1155
Alameda,951,0,32,458,14,28,24,556
Alameda,952,0,1283,1051,3586,19,1543,7482
Alameda,953,0,80,445,18,123,14,680
Alameda,954,0,62,695,26,661,19,1463
Alameda,955,0,27,1504,23,78,518,2150
Alameda,956,0,9,302,2,91,13,417
Alameda,957,0,24,769,7,0,2,802
Alameda,958,0,11,125,2,25,6,169
Alameda,959,0,44,420,19,193,40,716
Alameda,960,0,795,1184,428,461,604,3472
Alameda,961,0,933,712,424,225,20,2314
Alameda,962,9,11,516,18,3,8,565
Alameda,963,0,85,498,29,20,236,868
Alameda,964,0,173,262,548,76,137,1196
Alameda,965,0,55,77,2320,17,90,2559
Alameda,966,0,58,450,454,13,34,1009
Alameda,967,65,575,1870,531,151,441,3633
Alameda,968,0,1646,3429,6546,258,1680,13559
Alameda,969,0,3792,2860,1207,245,1100,9204
Alameda,970,0,790,1881,36,38,3609,6354
Alameda,971,0,8235,4712,655,107,3218,16927
Alameda,972,0,391,1467,114,643,155,2770
Alameda,973,0,48,7454,104,16,38,7660
Alameda,974,2,106,1302,103,268,39,1820
Alameda,975,0,29,510,0,37,21,597
Alameda,976,0,186,922,63,199,151,1521
Alameda,977,0,188,2379,74,27,199,2867
Alameda,978,0,18,372,73,39,62,564
Alameda,979,0,293,4187,96,447,104,5127
Alameda,980,0,2,61,0,10,0,73
Alameda,981,0,0,216,0,6,0,222
Alameda,982,0,114,328,0,5,24,471
Alameda,983,0,1,199,0,9,7,216
Alameda,984,0,59,248,264,1,31,603
Alameda,985,0,10,257,25,28,0,320
Alameda,986,0,13,107,28,23,5,176
Alameda,987,0,4,126,19,5,0,154
Alameda,988,0,436,165,1288,937,419,3245
Alameda,989,0,29,199,412,17,267,924
Alameda,990,0,70,185,185,25,80,545
Alameda,991,35,5238,4523,2252,1140,2502,15690
Alameda,992,0,21,155,49,1,91,317
Alameda,993,0,73,446,658,35,203,1415
Alameda,994,0,7,135,1,8,16,167
Alameda,995,0,27,434,18,16,15,510
Alameda,996,0,320,307,214,33,44,918
Alameda,997,0,27,22,29,5,136,219
Alameda,998,0,116,1215,54,266,94,1745
Alameda,999,0,93,577,3,365,4,1042
Alameda,1000,0,65,394,14,79,65,617
Alameda,1001,0,46,279,0,24,21,370
Alameda,1002,0,187,519,0,19,15,740
Alameda,1003,0,46,2403,10,217,18,2694
Alameda,1004,0,129,300,16,56,115,616
Alameda,1005,0,45,134,9,4,21,213
Alameda,1006,0,43,699,68,34,0,844
Alameda,1007,0,20,226,0,0,21,267
Alameda,1008,0,128,1414,16,289,2,1849
Alameda,1009,0,19,246,20,129,5,419
Alameda,1010,0,121,743,70,62,293,1289
Alameda,1011,0,139,658,10,414,55,1276
Alameda,1012,0,27,422,23,4,34,510
Alameda,1013,0,37,145,14,26,47,269
Alameda,1014,114,2374,3267,3266,1688,1186,11895
Alameda,1015,0,93,737,47,123,29,1029
Alameda,1016,0,94,509,38,75,38,754
Alameda,1017,0,57,598,11,29,14,709
Alameda,1018,17,1487,3435,132,300,1159,6530
Alameda,1019,0,101,248,5,24,39,417
Alameda,1020,0,64,279,10,0,72,425
Alameda,1021,0,206,15029,24,58,167,15484
Alameda,1022,0,2502,200,51,124,1,2878
Alameda,1023,4,41,673,36,112,50,916
Alameda,1024,0,27,160,1,35,14,237
Alameda,1025,0,37,447,22,66,35,607
Alameda,1026,0,21,216,5,76,19,337
Alameda,1027,0,140,720,25,262,33,1180
Alameda,1028,0,21,78,0,0,36,135
Alameda,1029,0,674,55,8,4,125,866
Alameda,1030,0,8,123,5,0,5,141
Alameda,1031,0,46,122,1,3,23,195
Alameda,1032,0,6,133,0,2,22,163
Alameda,1033,0,109,544,55,135,39,882
Alameda,1034,0,53,263,0,139,12,467
Alameda,1035,0,29,515,0,22,11,577
Alameda,1036,0,51,411,6,20,52,540
Alameda,1037,0,27,284,47,41,3,402
Alameda,1038,2,54,389,0,267,125,837
Alameda,1039,0,37,415,15,136,94,697
Contra Costa,1040,0,6,165,0,45,7,223
Contra Costa,1041,0,188,592,36,464,6,1286
Contra Costa,1042,0,7,228,0,4,4,243
Contra Costa,1043,0,50,317,41,40,13,461
Contra Costa,1044,0,55,143,0,12,7,217
Contra Costa,1045,4,46,84,22,0,54,210
Contra Costa,1046,0,5,137,3,0,11,156
Contra Costa,1047,0,26,245,1,96,24,392
Contra Costa,1048,0,47,208,13,39,13,320
Contra Costa,1049,0,214,409,8,232,55,918
Contra Costa,1050,0,171,527,72,121,69,960
Contra Costa,1051,0,109,1096,3,624,205,2037
Contra Costa,1052,0,8,58,2,0,0,68
Contra Costa,1053,0,18,303,24,6,35,386
Contra Costa,1054,0,24,183,5,64,9,285
Contra Costa,1055,0,80,341,11,73,35,540
Contra Costa,1056,0,33,492,0,40,399,964
Contra Costa,1057,0,7,104,6,28,3,148
Contra Costa,1058,3,147,726,120,192,113,1301
Contra Costa,1059,52,424,895,1603,1242,1972,6188
Contra Costa,1060,0,26,544,361,33,55,1019
Contra Costa,1061,0,22,492,39,138,94,785
Contra Costa,1062,24,759,636,2656,97,774,4946
Contra Costa,1063,0,17,1851,6,5,55,1934
Contra Costa,1064,0,9,199,5,26,39,278
Contra Costa,1065,0,19,439,5,61,25,549
Contra Costa,1066,0,82,1618,7,500,215,2422
Contra Costa,1067,0,25,332,17,56,77,507
Contra Costa,1068,0,194,232,416,55,355,1252
Contra Costa,1069,0,780,1095,2715,706,1375,6671
Contra Costa,1070,0,1,116,21,22,35,195
Contra Costa,1071,0,44,173,35,35,27,314
Contra Costa,1072,0,8,969,0,94,9,1080
Contra Costa,1073,2,13,261,6,0,6,288
Contra Costa,1074,0,103,988,18,871,102,2082
Contra Costa,1075,0,73,301,0,111,17,502
Contra Costa,1076,0,12,188,5,0,3,208
Contra Costa,1077,0,82,322,8,13,91,516
Contra Costa,1078,0,50,304,18,35,38,445
Contra Costa,1079,0,54,525,15,164,78,836
Contra Costa,1080,0,16,416,7,99,28,566
Contra Costa,1081,0,6,101,26,0,38,171
Contra Costa,1082,0,51,545,132,23,10,761
Contra Costa,1083,15,668,1443,739,202,268,3335
Contra Costa,1084,5,50,291,9,54,60,469
Contra Costa,1085,0,17,266,0,97,32,412
Contra Costa,1086,0,65,368,19,179,110,741
Contra Costa,1087,6,32,96,32,2,21,189
Contra Costa,1088,0,27,225,45,0,3,300
Contra Costa,1089,0,36,408,440,46,41,971
Contra Costa,1090,0,99,179,369,20,108,775
Contra Costa,1091,0,15,4323,48,153,32,4571
Contra Costa,1092,339,187,500,40,66,1065,2197
Contra Costa,1093,0,64,297,4,3,2526,2894
Contra Costa,1094,0,91,307,81,29,2452,2960
Contra Costa,1095,0,550,165,844,119,1327,3005
Contra Costa,1096,0,416,633,569,510,1076,3204
Contra Costa,1097,0,1475,1081,2136,577,4005,9274
Contra Costa,1098,0,162,392,67,268,39,928
Contra Costa,1099,0,179,266,41,25,84,595
Contra Costa,1100,0,41,771,69,275,57,1213
Contra Costa,1101,0,95,151,13,35,51,345
Contra Costa,1102,45,3,24,1,3,46,122
Contra Costa,1103,0,102,465,16,176,127,886
Contra Costa,1104,0,38,83,14,0,8,143
Contra Costa,1105,0,8,23,0,0,0,31
Contra Costa,1106,9,190,897,15,154,42,1307
Contra Costa,1107,0,33,263,5,20,21,342
Contra Costa,1108,0,57,364,28,455,31,935
Contra Costa,1109,0,27,1530,63,3,102,1725
Contra Costa,1110,12,235,602,65,307,73,1294
Contra Costa,1111,0,26,405,11,3,346,791
Contra Costa,1112,0,331,1094,2,24,76,1527
Contra Costa,1113,0,3883,2940,170,853,410,8256
Contra Costa,1114,0,20,161,4,140,21,346
Contra Costa,1115,0,26,182,35,203,82,528
Contra Costa,1116,0,802,498,29,9,167,1505
Contra Costa,1117,0,29,109,2,1,16,157
Contra Costa,1118,0,353,1074,186,868,464,2945
Contra Costa,1119,0,44,417,44,185,109,799
Contra Costa,1120,0,70,320,13,270,15,688
Contra Costa,1121,0,3789,2888,256,1096,724,8753
Contra Costa,1122,2,2997,5209,1452,3345,1946,14951
Contra Costa,1123,0,336,863,65,733,136,2133
Contra Costa,1124,0,282,2455,16,124,234,3111
Contra Costa,1125,0,27,175,48,167,25,442
Contra Costa,1126,0,82,327,17,22,24,472
Contra Costa,1127,0,227,2479,35,30,101,2872
Contra Costa,1128,0,57,448,36,53,111,705
Contra Costa,1129,0,110,1049,11,95,469,1734
Contra Costa,1130,0,13,186,25,4,13,241
Contra Costa,1131,0,153,196,11,7,86,453
Contra Costa,1132,0,99,482,37,17,77,712
Contra Costa,1133,0,264,371,119,122,166,1042
Contra Costa,1134,5,285,863,140,485,257,2035
Contra Costa,1135,0,144,473,19,1,27,664
Contra Costa,1136,0,786,1112,165,126,401,2590
Contra Costa,1137,5,1323,4921,231,1605,299,8384
Contra Costa,1138,0,134,615,18,41,70,878
Contra Costa,1139,8,16,97,33,2,9,165
Contra Costa,1140,0,187,1177,11,307,10,1692
Contra Costa,1141,13,92,4607,95,106,36,4949
Contra Costa,1142,0,23,104,34,2,25,188
Contra Costa,1143,0,94,952,13,0,74,1133
Contra Costa,1144,4,199,439,54,34,58,788
Contra Costa,1145,1,5759,3884,681,1704,1115,13144
Contra Costa,1146,1,1094,7594,20,2149,166,11024
Contra Costa,1147,0,262,1273,25,200,174,1934
Contra Costa,1148,0,210,325,4,0,1,540
Contra Costa,1149,0,113,317,34,56,70,590
Contra Costa,1150,0,438,1485,47,557,257,2784
Contra Costa,1151,0,72,339,26,10,17,464
Contra Costa,1152,2,694,2549,85,588,241,4159
Contra Costa,1153,2,246,488,17,14,20,787
Contra Costa,1154,7,325,1175,87,192,106,1892
Contra Costa,1155,0,73,97,7,10,11,198
Contra Costa,1156,0,139,254,10,74,36,513
Contra Costa,1157,0,132,467,6,40,69,714
Contra Costa,1158,0,118,629,7,336,102,1192
Contra Costa,1159,0,45,791,15,19,9,879
Contra Costa,1160,3,172,400,7,6,63,651
Contra Costa,1161,3,1335,3192,242,848,921,6541
Contra Costa,1162,0,39,71,14,7,66,197
Contra Costa,1163,11,25,120,12,12,29,209
Contra Costa,1164,3,244,304,26,33,96,706
Contra Costa,1165,8,81,506,68,33,93,789
Contra Costa,1166,1,127,1643,51,56,119,1997
Contra Costa,1167,3,408,508,41,14,183,1157
Contra Costa,1168,24,6679,3425,1043,942,2780,14893
Contra Costa,1169,0,799,790,114,714,600,3017
Contra Costa,1170,0,640,2184,146,647,544,4161
Contra Costa,1171,0,131,523,31,94,51,830
Contra Costa,1172,0,24,315,33,112,36,520
Contra Costa,1173,0,21,310,0,0,15,346
Contra Costa,1174,0,28,297,113,4,20,462
Contra Costa,1175,758,1238,1005,409,137,168,3715
Contra Costa,1176,66,716,2850,112,514,254,4512
Contra Costa,1177,37,303,924,132,21,230,1647
Contra Costa,1178,19,623,5666,246,1949,507,9010
Contra Costa,1179,212,665,3347,423,841,1739,7227
Contra Costa,1180,15,115,712,86,69,232,1229
Contra Costa,1181,6,34,135,22,4,71,272
Contra Costa,1182,28,148,873,179,250,278,1756
Contra Costa,1183,0,216,193,977,92,332,1810
Contra Costa,1184,0,68,263,54,50,48,483
Contra Costa,1185,2,247,1478,116,958,219,3020
Contra Costa,1186,0,133,2261,19,454,105,2972
Contra Costa,1187,0,133,1366,25,284,39,1847
Contra Costa,1188,0,71,666,131,103,343,1314
Contra Costa,1189,5,449,2278,368,1237,367,4704
Contra Costa,1190,0,24,309,0,165,2,500
Contra Costa,1191,0,127,438,6,34,478,1083
Contra Costa,1192,0,6,240,1,0,7,254
Contra Costa,1193,0,62,435,132,140,11,780
Contra Costa,1194,0,70,254,0,14,15,353
Contra Costa,1195,0,78,730,29,103,81,1021
Contra Costa,1196,0,31,286,26,0,41,384
Contra Costa,1197,0,399,715,7,135,8,1264
Contra Costa,1198,0,11,1213,14,300,47,1585
Contra Costa,1199,0,176,1259,511,470,491,2907
Contra Costa,1200,0,89,217,4,13,38,361
Contra Costa,1201,0,39,137,47,12,21,256
Contra Costa,1202,0,22,174,81,107,22,406
Contra Costa,1203,0,14,731,3,12,332,1092
Contra Costa,1204,5,3,409,104,338,231,1090
Contra Costa,1205,1,70,344,588,10,185,1198
Contra Costa,1206,0,29,160,249,109,321,868
Contra Costa,1207,0,99,127,102,3,14,345
Contra Costa,1208,0,31,295,5,75,21,427
Contra Costa,1209,0,12,138,206,63,7,426
Contra Costa,1210,0,24,226,39,29,86,404
Solano,1211,95,0,427,3136,390,1851,5899
Solano,1212,0,0,760,121,34,316,1231
Solano,1213,0,0,320,5,150,24,499
Solano,1214,0,0,165,0,22,30,217
Solano,1215,0,0,375,6,189,24,594
Solano,1216,0,0,91,9,29,15,144
Solano,1217,21,0,756,47,18,222,1064
Solano,1218,0,0,40,6,3,21,70
Solano,1219,0,0,202,4,27,189,422
Solano,1220,0,0,291,70,141,23,525
Solano,1221,0,0,131,0,3,23,157
Solano,1222,0,0,468,35,0,5,508
Solano,1223,0,0,148,462,21,402,1033
Solano,1224,0,0,686,113,71,260,1130
Solano,1225,4,0,80,5,15,136,240
Solano,1226,0,0,88,217,75,5,385
Solano,1227,0,0,161,24,27,20,232
Solano,1228,0,0,97,0,0,19,116
Solano,1229,0,0,430,10,120,12,572
Solano,1230,0,0,412,31,41,10,494
Solano,1231,0,0,292,12,50,20,374
Solano,1232,0,0,535,9,143,52,739
Solano,1233,0,0,184,3,8,23,218
Solano,1234,0,0,667,82,178,243,1170
Solano,1235,0,0,211,0,23,0,234
Solano,1236,0,0,104,1,45,1,151
Solano,1237,0,0,77,0,0,5,82
Solano,1238,0,0,859,618,4,210,1691
Solano,1239,0,0,48,0,0,15,63
Solano,1240,0,0,267,20,63,22,372
Solano,1241,0,0,2190,254,460,55,2959
Solano,1242,0,0,4143,3,149,5,4300
Solano,1243,0,0,1890,0,21,5,1916
Solano,1244,0,0,445,1,3,8,457
Solano,1245,0,0,127,28,18,19,192
Solano,1246,37,0,1308,74,1589,84,3092
Solano,1247,0,0,752,896,341,470,2459
Solano,1248,26,0,1161,182,484,551,2404
Solano,1249,19,0,1612,614,305,364,2914
Solano,1250,1,0,739,1797,818,451,3806
Solano,1251,0,0,621,68,356,309,1354
Solano,1252,0,0,656,127,39,323,1145
Solano,1253,0,0,64,3,9,33,109
Solano,1254,0,0,169,9,0,17,195
Solano,1255,0,0,337,8,17,9,371
Solano,1256,0,0,140,65,57,81,343
Solano,1257,0,0,252,0,3,5,260
Solano,1258,0,0,135,4,26,12,177
Solano,1259,5,0,479,518,157,2,1161
Solano,1260,0,0,141,0,8,3,152
Solano,1261,0,0,243,1,108,81,433
Solano,1262,0,0,866,52,45,2868,3831
Solano,1263,0,0,585,5,18,591,1199
Solano,1264,0,0,470,22,121,14,627
Solano,1265,0,0,2861,6,940,41,3848
Solano,1266,0,0,515,78,187,39,819
Solano,1267,0,0,417,0,170,80,667
Solano,1268,9,0,1406,56,102,77,1650
Solano,1269,0,0,1216,6,723,96,2041
Solano,1270,0,0,1050,1095,44,272,2461
Solano,1271,0,0,352,18,59,58,487
Solano,1272,0,0,1952,0,0,1077,3029
Solano,1273,0,0,410,43,107,41,601
Solano,1274,0,0,762,8,479,97,1346
Solano,1275,0,0,158,9,77,7,251
Solano,1276,0,0,289,4,95,21,409
Solano,1277,0,0,103,5,19,29,156
Solano,1278,0,0,208,0,92,21,321
Solano,1279,68,0,2544,2426,542,1676,7256
Solano,1280,5,0,2823,126,2192,128,5274
Solano,1281,0,0,640,166,516,58,1380
Solano,1282,10,0,1460,132,619,843,3064
Solano,1283,0,0,636,15,16,30,697
Solano,1284,0,0,1522,161,371,921,2975
Solano,1285,0,0,366,1,107,36,510
Solano,1286,589,0,53,14,4,193,853
Solano,1287,263,0,30,163,73,66,595
Solano,1288,118,0,764,97,316,244,1539
Solano,1289,76,0,1103,1169,569,369,3286
Solano,1290,255,0,662,141,257,234,1549
Napa,1291,53,77,907,95,586,28,1746
Napa,1292,55,696,2015,4579,203,1420,8968
Napa,1293,356,56,345,109,63,88,1017
Napa,1294,20,43,2490,179,11,53,2796
Napa,1295,65,80,1059,57,725,235,2221
Napa,1296,322,26,340,59,30,36,813
Napa,1297,161,101,1686,81,223,114,2366
Napa,1298,7,387,1621,748,538,158,3459
Napa,1299,9,209,1657,265,193,1928,4261
Napa,1300,1,42,318,98,31,96,586
Napa,1301,33,123,485,195,56,279,1171
Napa,1302,0,10,341,38,426,52,867
Napa,1303,0,18,79,23,0,31,151
Napa,1304,52,34,422,14,33,87,642
Napa,1305,88,180,1819,384,474,96,3041
Napa,1306,278,94,2795,235,631,153,4186
Napa,1307,48,34,636,81,37,53,889
Napa,1308,239,60,807,480,13,38,1637
Napa,1309,327,0,16,80,2,0,425
Napa,1310,5,18,1661,375,174,68,2301
Napa,1311,708,144,717,1510,16,129,3224
Napa,1312,227,8,52,59,6,50,402
Napa,1313,589,45,1459,1886,20,104,4103
Napa,1314,838,250,1683,1753,393,257,5174
Napa,1315,508,35,319,1994,117,498,3471
Napa,1316,54,8,23,254,18,31,388
Napa,1317,253,69,1552,433,121,155,2583
Sonoma,1318,147,144,516,525,106,83,1521
Sonoma,1319,18,103,591,83,120,238,1153
Sonoma,1320,165,574,1231,354,312,170,2806
Sonoma,1321,67,109,329,77,16,136,734
Sonoma,1322,0,0,2,0,0,0,2
Sonoma,1323,174,440,2168,283,511,288,3864
Sonoma,1324,381,196,364,1594,94,685,3314
Sonoma,1325,64,1272,1375,3930,227,433,7301
Sonoma,1326,16,68,203,4,18,57,366
Sonoma,1327,24,18,1255,22,26,352,1697
Sonoma,1328,274,72,304,88,15,164,917
Sonoma,1329,313,137,562,421,336,214,1983
Sonoma,1330,0,45,220,25,74,154,518
Sonoma,1331,0,175,571,297,554,151,1748
Sonoma,1332,21,553,2359,771,968,442,5114
Sonoma,1333,0,26,103,8,6,47,190
Sonoma,1334,0,36,224,95,14,45,414
Sonoma,1335,1,74,769,33,477,78,1432
Sonoma,1336,15,566,2554,1452,397,594,5578
Sonoma,1337,82,1063,3756,1383,938,1258,8480
Sonoma,1338,4,53,371,10,80,95,613
Sonoma,1339,0,45,187,56,268,46,602
Sonoma,1340,0,83,309,237,7,163,799
Sonoma,1341,14,16,239,11,1,43,324
Sonoma,1342,0,20,1317,18,9,26,1390
Sonoma,1343,0,18,356,0,20,50,444
Sonoma,1344,0,123,703,29,369,293,1517
Sonoma,1345,0,21,57,6,4,24,112
Sonoma,1346,0,340,887,254,97,268,1846
Sonoma,1347,0,139,244,32,64,101,580
Sonoma,1348,35,317,1263,506,1943,346,4410
Sonoma,1349,1,120,750,56,333,96,1356
Sonoma,1350,9,190,521,42,226,170,1158
Sonoma,1351,0,32,334,0,0,68,434
Sonoma,1352,0,13,63,30,0,51,157
Sonoma,1353,24,30,237,249,46,8,594
Sonoma,1354,66,141,313,89,151,211,971
Sonoma,1355,0,6,262,1,0,57,326
Sonoma,1356,0,50,592,55,309,69,1075
Sonoma,1357,0,34,246,13,58,15,366
Sonoma,1358,0,65,1558,25,198,68,1914
Sonoma,1359,0,53,3491,10,411,53,4018
Sonoma,1360,4,98,313,3,24,27,469
Sonoma,1361,12,996,1493,166,661,1076,4404
Sonoma,1362,3,340,724,47,159,146,1419
Sonoma,1363,5,219,6603,0,220,1984,9031
Sonoma,1364,0,39,545,9,173,26,792
Sonoma,1365,0,112,765,27,29,1332,2265
Sonoma,1366,22,559,2311,2208,195,193,5488
Sonoma,1367,2,66,403,39,16,222,748
Sonoma,1368,131,1286,3260,3855,244,1070,9846
Sonoma,1369,9,157,1411,815,503,489,3384
Sonoma,1370,164,52,312,210,106,167,1011
Sonoma,1371,7,16,393,1,33,56,506
Sonoma,1372,0,11,174,7,15,33,240
Sonoma,1373,27,572,1069,218,223,278,2387
Sonoma,1374,18,653,1389,400,831,524,3815
Sonoma,1375,1,236,768,373,107,70,1555
Sonoma,1376,2,547,1161,148,225,296,2379
Sonoma,1377,16,68,468,28,348,105,1033
Sonoma,1378,0,71,869,255,236,165,1596
Sonoma,1379,0,11,166,0,32,61,270
Sonoma,1380,48,435,1035,1347,1368,1393,5626
Sonoma,1381,81,735,1193,902,273,1150,4334
Sonoma,1382,197,84,833,212,17,155,1498
Sonoma,1383,274,62,247,480,63,154,1280
Sonoma,1384,27,227,1286,493,568,410,3011
Sonoma,1385,34,51,340,31,19,85,560
Sonoma,1386,104,220,773,97,233,461,1888
Sonoma,1387,122,62,102,28,7,212,533
Sonoma,1388,7,13,67,0,0,37,124
Sonoma,1389,55,66,696,44,48,80,989
Sonoma,1390,64,12,197,25,13,28,339
Sonoma,1391,14,27,617,25,147,54,884
Sonoma,1392,104,40,149,333,25,55,706
Sonoma,1393,13,31,267,367,38,38,754
Sonoma,1394,209,201,579,374,6,111,1480
Sonoma,1395,89,543,993,594,537,604,3360
Sonoma,1396,102,86,889,84,205,176,1542
Sonoma,1397,89,132,146,450,204,225,1246
Sonoma,1398,328,35,277,12,9,44,705
Sonoma,1399,40,262,2065,944,625,487,4423
Sonoma,1400,180,16,174,458,29,37,894
Sonoma,1401,1412,71,538,1103,14,102,3240
Sonoma,1402,113,84,741,650,222,299,2109
Sonoma,1403,69,58,369,46,43,52,637
Marin,1404,0,148,91,45,3,71,358
Marin,1405,0,151,1106,78,870,326,2531
Marin,1406,0,146,303,131,21,1369,1970
Marin,1407,19,1955,1113,2058,171,551,5867
Marin,1408,0,152,552,30,235,48,1017
Marin,1409,82,249,769,145,234,122,1601
Marin,1410,0,164,417,16,313,336,1246
Marin,1411,0,76,877,20,15,96,1084
Marin,1412,0,623,1740,189,508,773,3833
Marin,1413,0,312,699,149,49,17,1226
Marin,1414,0,92,410,13,41,109,665
Marin,1415,248,159,818,262,139,211,1837
Marin,1416,17,5,161,23,5,39,250
Marin,1417,0,7,123,17,2,5,154
Marin,1418,17,30,311,14,23,59,454
Marin,1419,0,36,248,4,69,38,395
Marin,1420,1,61,522,19,93,138,834
Marin,1421,0,424,4007,58,421,180,5090
Marin,1422,0,252,1070,108,67,191,1688
Marin,1423,5,108,447,9,61,62,692
Marin,1424,3,960,1478,293,125,415,3274
Marin,1425,0,479,1095,26,59,2116,3775
Marin,1426,0,36,180,128,70,63,477
Marin,1427,0,560,1465,37,463,128,2653
Marin,1428,0,1388,1459,935,1371,1719,6872
Marin,1429,0,297,537,310,466,528,2138
Marin,1430,0,949,2965,103,507,890,5414
Marin,1431,0,123,554,70,80,104,931
Marin,1432,5,347,1123,95,216,287,2073
Marin,1433,0,38,226,15,7,22,308
Marin,1434,0,130,495,20,335,131,1111
Marin,1435,4,76,436,5,44,30,595
Marin,1436,0,122,1433,27,260,108,1950
Marin,1437,1,230,3093,89,186,50,3649
Marin,1438,0,1105,1592,282,989,309,4277
Marin,1439,0,0,17,0,0,1555,1572
Marin,1440,0,127,1154,89,65,148,1583
Marin,1441,0,370,1632,277,888,274,3441
Marin,1442,6,202,789,53,358,87,1495
Marin,1443,0,162,1001,31,299,71,1564
Marin,1444,2,244,591,71,399,145,1452
Marin,1445,11,152,475,28,43,83,792
Marin,1446,0,297,701,42,42,170,1252
Marin,1447,0,84,137,7,96,85,409
Marin,1448,0,1036,1693,474,619,442,4264
Marin,1449,0,20,233,5,74,15,347
Marin,1450,0,110,439,7,226,49,831
Marin,1451,0,336,406,39,62,60,903
Marin,1452,0,669,858,49,206,301,2083
Marin,1453,7,7,663,0,2,23,702
Marin,1454,43,45,241,10,46,25,410
