a,dtaz,walkmarket
1,1,0
2,1,1
3,1,2
4,2,0
5,2,1
6,2,2
7,3,0
8,3,1
9,3,2
10,4,0
11,4,1
12,4,2
13,5,0
14,5,1
15,5,2
16,6,0
17,6,1
18,6,2
19,7,0
20,7,1
21,7,2
22,8,0
23,8,1
24,8,2
25,9,0
26,9,1
27,9,2
28,10,0
29,10,1
30,10,2
31,11,0
32,11,1
33,11,2
34,12,0
35,12,1
36,12,2
37,13,0
38,13,1
39,13,2
40,14,0
41,14,1
42,14,2
43,15,0
44,15,1
45,15,2
46,16,0
47,16,1
48,16,2
49,17,0
50,17,1
51,17,2
52,18,0
53,18,1
54,18,2
55,19,0
56,19,1
57,19,2
58,20,0
59,20,1
60,20,2
61,21,0
62,21,1
63,21,2
64,22,0
65,22,1
66,22,2
67,23,0
68,23,1
69,23,2
70,24,0
71,24,1
72,24,2
73,25,0
74,25,1
75,25,2
76,26,0
77,26,1
78,26,2
79,27,0
80,27,1
81,27,2
82,28,0
83,28,1
84,28,2
85,29,0
86,29,1
87,29,2
88,30,0
89,30,1
90,30,2
91,31,0
92,31,1
93,31,2
94,32,0
95,32,1
96,32,2
97,33,0
98,33,1
99,33,2
100,34,0
101,34,1
102,34,2
103,35,0
104,35,1
105,35,2
106,36,0
107,36,1
108,36,2
109,37,0
110,37,1
111,37,2
112,38,0
113,38,1
114,38,2
115,39,0
116,39,1
117,39,2
118,40,0
119,40,1
120,40,2
121,41,0
122,41,1
123,41,2
124,42,0
125,42,1
126,42,2
127,43,0
128,43,1
129,43,2
130,44,0
131,44,1
132,44,2
133,45,0
134,45,1
135,45,2
136,46,0
137,46,1
138,46,2
139,47,0
140,47,1
141,47,2
142,48,0
143,48,1
144,48,2
145,49,0
146,49,1
147,49,2
148,50,0
149,50,1
150,50,2
151,51,0
152,51,1
153,51,2
154,52,0
155,52,1
156,52,2
157,53,0
158,53,1
159,53,2
160,54,0
161,54,1
162,54,2
163,55,0
164,55,1
165,55,2
166,56,0
167,56,1
168,56,2
169,57,0
170,57,1
171,57,2
172,58,0
173,58,1
174,58,2
175,59,0
176,59,1
177,59,2
178,60,0
179,60,1
180,60,2
181,61,0
182,61,1
183,61,2
184,62,0
185,62,1
186,62,2
187,63,0
188,63,1
189,63,2
190,64,0
191,64,1
192,64,2
193,65,0
194,65,1
195,65,2
196,66,0
197,66,1
198,66,2
199,67,0
200,67,1
201,67,2
202,68,0
203,68,1
204,68,2
205,69,0
206,69,1
207,69,2
208,70,0
209,70,1
210,70,2
211,71,0
212,71,1
213,71,2
214,72,0
215,72,1
216,72,2
217,73,0
218,73,1
219,73,2
220,74,0
221,74,1
222,74,2
223,75,0
224,75,1
225,75,2
226,76,0
227,76,1
228,76,2
229,77,0
230,77,1
231,77,2
232,78,0
233,78,1
234,78,2
235,79,0
236,79,1
237,79,2
238,80,0
239,80,1
240,80,2
241,81,0
242,81,1
243,81,2
244,82,0
245,82,1
246,82,2
247,83,0
248,83,1
249,83,2
250,84,0
251,84,1
252,84,2
253,85,0
254,85,1
255,85,2
256,86,0
257,86,1
258,86,2
259,87,0
260,87,1
261,87,2
262,88,0
263,88,1
264,88,2
265,89,0
266,89,1
267,89,2
268,90,0
269,90,1
270,90,2
271,91,0
272,91,1
273,91,2
274,92,0
275,92,1
276,92,2
277,93,0
278,93,1
279,93,2
280,94,0
281,94,1
282,94,2
283,95,0
284,95,1
285,95,2
286,96,0
287,96,1
288,96,2
289,97,0
290,97,1
291,97,2
292,98,0
293,98,1
294,98,2
295,99,0
296,99,1
297,99,2
298,100,0
299,100,1
300,100,2
301,101,0
302,101,1
303,101,2
304,102,0
305,102,1
306,102,2
307,103,0
308,103,1
309,103,2
310,104,0
311,104,1
312,104,2
313,105,0
314,105,1
315,105,2
316,106,0
317,106,1
318,106,2
319,107,0
320,107,1
321,107,2
322,108,0
323,108,1
324,108,2
325,109,0
326,109,1
327,109,2
328,110,0
329,110,1
330,110,2
331,111,0
332,111,1
333,111,2
334,112,0
335,112,1
336,112,2
337,113,0
338,113,1
339,113,2
340,114,0
341,114,1
342,114,2
343,115,0
344,115,1
345,115,2
346,116,0
347,116,1
348,116,2
349,117,0
350,117,1
351,117,2
352,118,0
353,118,1
354,118,2
355,119,0
356,119,1
357,119,2
358,120,0
359,120,1
360,120,2
361,121,0
362,121,1
363,121,2
364,122,0
365,122,1
366,122,2
367,123,0
368,123,1
369,123,2
370,124,0
371,124,1
372,124,2
373,125,0
374,125,1
375,125,2
376,126,0
377,126,1
378,126,2
379,127,0
380,127,1
381,127,2
382,128,0
383,128,1
384,128,2
385,129,0
386,129,1
387,129,2
388,130,0
389,130,1
390,130,2
391,131,0
392,131,1
393,131,2
394,132,0
395,132,1
396,132,2
397,133,0
398,133,1
399,133,2
400,134,0
401,134,1
402,134,2
403,135,0
404,135,1
405,135,2
406,136,0
407,136,1
408,136,2
409,137,0
410,137,1
411,137,2
412,138,0
413,138,1
414,138,2
415,139,0
416,139,1
417,139,2
418,140,0
419,140,1
420,140,2
421,141,0
422,141,1
423,141,2
424,142,0
425,142,1
426,142,2
427,143,0
428,143,1
429,143,2
430,144,0
431,144,1
432,144,2
433,145,0
434,145,1
435,145,2
436,146,0
437,146,1
438,146,2
439,147,0
440,147,1
441,147,2
442,148,0
443,148,1
444,148,2
445,149,0
446,149,1
447,149,2
448,150,0
449,150,1
450,150,2
451,151,0
452,151,1
453,151,2
454,152,0
455,152,1
456,152,2
457,153,0
458,153,1
459,153,2
460,154,0
461,154,1
462,154,2
463,155,0
464,155,1
465,155,2
466,156,0
467,156,1
468,156,2
469,157,0
470,157,1
471,157,2
472,158,0
473,158,1
474,158,2
475,159,0
476,159,1
477,159,2
478,160,0
479,160,1
480,160,2
481,161,0
482,161,1
483,161,2
484,162,0
485,162,1
486,162,2
487,163,0
488,163,1
489,163,2
490,164,0
491,164,1
492,164,2
493,165,0
494,165,1
495,165,2
496,166,0
497,166,1
498,166,2
499,167,0
500,167,1
501,167,2
502,168,0
503,168,1
504,168,2
505,169,0
506,169,1
507,169,2
508,170,0
509,170,1
510,170,2
511,171,0
512,171,1
513,171,2
514,172,0
515,172,1
516,172,2
517,173,0
518,173,1
519,173,2
520,174,0
521,174,1
522,174,2
523,175,0
524,175,1
525,175,2
526,176,0
527,176,1
528,176,2
529,177,0
530,177,1
531,177,2
532,178,0
533,178,1
534,178,2
535,179,0
536,179,1
537,179,2
538,180,0
539,180,1
540,180,2
541,181,0
542,181,1
543,181,2
544,182,0
545,182,1
546,182,2
547,183,0
548,183,1
549,183,2
550,184,0
551,184,1
552,184,2
553,185,0
554,185,1
555,185,2
556,186,0
557,186,1
558,186,2
559,187,0
560,187,1
561,187,2
562,188,0
563,188,1
564,188,2
565,189,0
566,189,1
567,189,2
568,190,0
569,190,1
570,190,2
571,191,0
572,191,1
573,191,2
574,192,0
575,192,1
576,192,2
577,193,0
578,193,1
579,193,2
580,194,0
581,194,1
582,194,2
583,195,0
584,195,1
585,195,2
586,196,0
587,196,1
588,196,2
589,197,0
590,197,1
591,197,2
592,198,0
593,198,1
594,198,2
595,199,0
596,199,1
597,199,2
598,200,0
599,200,1
600,200,2
601,201,0
602,201,1
603,201,2
604,202,0
605,202,1
606,202,2
607,203,0
608,203,1
609,203,2
610,204,0
611,204,1
612,204,2
613,205,0
614,205,1
615,205,2
616,206,0
617,206,1
618,206,2
619,207,0
620,207,1
621,207,2
622,208,0
623,208,1
624,208,2
625,209,0
626,209,1
627,209,2
628,210,0
629,210,1
630,210,2
631,211,0
632,211,1
633,211,2
634,212,0
635,212,1
636,212,2
637,213,0
638,213,1
639,213,2
640,214,0
641,214,1
642,214,2
643,215,0
644,215,1
645,215,2
646,216,0
647,216,1
648,216,2
649,217,0
650,217,1
651,217,2
652,218,0
653,218,1
654,218,2
655,219,0
656,219,1
657,219,2
658,220,0
659,220,1
660,220,2
661,221,0
662,221,1
663,221,2
664,222,0
665,222,1
666,222,2
667,223,0
668,223,1
669,223,2
670,224,0
671,224,1
672,224,2
673,225,0
674,225,1
675,225,2
676,226,0
677,226,1
678,226,2
679,227,0
680,227,1
681,227,2
682,228,0
683,228,1
684,228,2
685,229,0
686,229,1
687,229,2
688,230,0
689,230,1
690,230,2
691,231,0
692,231,1
693,231,2
694,232,0
695,232,1
696,232,2
697,233,0
698,233,1
699,233,2
700,234,0
701,234,1
702,234,2
703,235,0
704,235,1
705,235,2
706,236,0
707,236,1
708,236,2
709,237,0
710,237,1
711,237,2
712,238,0
713,238,1
714,238,2
715,239,0
716,239,1
717,239,2
718,240,0
719,240,1
720,240,2
721,241,0
722,241,1
723,241,2
724,242,0
725,242,1
726,242,2
727,243,0
728,243,1
729,243,2
730,244,0
731,244,1
732,244,2
733,245,0
734,245,1
735,245,2
736,246,0
737,246,1
738,246,2
739,247,0
740,247,1
741,247,2
742,248,0
743,248,1
744,248,2
745,249,0
746,249,1
747,249,2
748,250,0
749,250,1
750,250,2
751,251,0
752,251,1
753,251,2
754,252,0
755,252,1
756,252,2
757,253,0
758,253,1
759,253,2
760,254,0
761,254,1
762,254,2
763,255,0
764,255,1
765,255,2
766,256,0
767,256,1
768,256,2
769,257,0
770,257,1
771,257,2
772,258,0
773,258,1
774,258,2
775,259,0
776,259,1
777,259,2
778,260,0
779,260,1
780,260,2
781,261,0
782,261,1
783,261,2
784,262,0
785,262,1
786,262,2
787,263,0
788,263,1
789,263,2
790,264,0
791,264,1
792,264,2
793,265,0
794,265,1
795,265,2
796,266,0
797,266,1
798,266,2
799,267,0
800,267,1
801,267,2
802,268,0
803,268,1
804,268,2
805,269,0
806,269,1
807,269,2
808,270,0
809,270,1
810,270,2
811,271,0
812,271,1
813,271,2
814,272,0
815,272,1
816,272,2
817,273,0
818,273,1
819,273,2
820,274,0
821,274,1
822,274,2
823,275,0
824,275,1
825,275,2
826,276,0
827,276,1
828,276,2
829,277,0
830,277,1
831,277,2
832,278,0
833,278,1
834,278,2
835,279,0
836,279,1
837,279,2
838,280,0
839,280,1
840,280,2
841,281,0
842,281,1
843,281,2
844,282,0
845,282,1
846,282,2
847,283,0
848,283,1
849,283,2
850,284,0
851,284,1
852,284,2
853,285,0
854,285,1
855,285,2
856,286,0
857,286,1
858,286,2
859,287,0
860,287,1
861,287,2
862,288,0
863,288,1
864,288,2
865,289,0
866,289,1
867,289,2
868,290,0
869,290,1
870,290,2
871,291,0
872,291,1
873,291,2
874,292,0
875,292,1
876,292,2
877,293,0
878,293,1
879,293,2
880,294,0
881,294,1
882,294,2
883,295,0
884,295,1
885,295,2
886,296,0
887,296,1
888,296,2
889,297,0
890,297,1
891,297,2
892,298,0
893,298,1
894,298,2
895,299,0
896,299,1
897,299,2
898,300,0
899,300,1
900,300,2
901,301,0
902,301,1
903,301,2
904,302,0
905,302,1
906,302,2
907,303,0
908,303,1
909,303,2
910,304,0
911,304,1
912,304,2
913,305,0
914,305,1
915,305,2
916,306,0
917,306,1
918,306,2
919,307,0
920,307,1
921,307,2
922,308,0
923,308,1
924,308,2
925,309,0
926,309,1
927,309,2
928,310,0
929,310,1
930,310,2
931,311,0
932,311,1
933,311,2
934,312,0
935,312,1
936,312,2
937,313,0
938,313,1
939,313,2
940,314,0
941,314,1
942,314,2
943,315,0
944,315,1
945,315,2
946,316,0
947,316,1
948,316,2
949,317,0
950,317,1
951,317,2
952,318,0
953,318,1
954,318,2
955,319,0
956,319,1
957,319,2
958,320,0
959,320,1
960,320,2
961,321,0
962,321,1
963,321,2
964,322,0
965,322,1
966,322,2
967,323,0
968,323,1
969,323,2
970,324,0
971,324,1
972,324,2
973,325,0
974,325,1
975,325,2
976,326,0
977,326,1
978,326,2
979,327,0
980,327,1
981,327,2
982,328,0
983,328,1
984,328,2
985,329,0
986,329,1
987,329,2
988,330,0
989,330,1
990,330,2
991,331,0
992,331,1
993,331,2
994,332,0
995,332,1
996,332,2
997,333,0
998,333,1
999,333,2
1000,334,0
1001,334,1
1002,334,2
1003,335,0
1004,335,1
1005,335,2
1006,336,0
1007,336,1
1008,336,2
1009,337,0
1010,337,1
1011,337,2
1012,338,0
1013,338,1
1014,338,2
1015,339,0
1016,339,1
1017,339,2
1018,340,0
1019,340,1
1020,340,2
1021,341,0
1022,341,1
1023,341,2
1024,342,0
1025,342,1
1026,342,2
1027,343,0
1028,343,1
1029,343,2
1030,344,0
1031,344,1
1032,344,2
1033,345,0
1034,345,1
1035,345,2
1036,346,0
1037,346,1
1038,346,2
1039,347,0
1040,347,1
1041,347,2
1042,348,0
1043,348,1
1044,348,2
1045,349,0
1046,349,1
1047,349,2
1048,350,0
1049,350,1
1050,350,2
1051,351,0
1052,351,1
1053,351,2
1054,352,0
1055,352,1
1056,352,2
1057,353,0
1058,353,1
1059,353,2
1060,354,0
1061,354,1
1062,354,2
1063,355,0
1064,355,1
1065,355,2
1066,356,0
1067,356,1
1068,356,2
1069,357,0
1070,357,1
1071,357,2
1072,358,0
1073,358,1
1074,358,2
1075,359,0
1076,359,1
1077,359,2
1078,360,0
1079,360,1
1080,360,2
1081,361,0
1082,361,1
1083,361,2
1084,362,0
1085,362,1
1086,362,2
1087,363,0
1088,363,1
1089,363,2
1090,364,0
1091,364,1
1092,364,2
1093,365,0
1094,365,1
1095,365,2
1096,366,0
1097,366,1
1098,366,2
1099,367,0
1100,367,1
1101,367,2
1102,368,0
1103,368,1
1104,368,2
1105,369,0
1106,369,1
1107,369,2
1108,370,0
1109,370,1
1110,370,2
1111,371,0
1112,371,1
1113,371,2
1114,372,0
1115,372,1
1116,372,2
1117,373,0
1118,373,1
1119,373,2
1120,374,0
1121,374,1
1122,374,2
1123,375,0
1124,375,1
1125,375,2
1126,376,0
1127,376,1
1128,376,2
1129,377,0
1130,377,1
1131,377,2
1132,378,0
1133,378,1
1134,378,2
1135,379,0
1136,379,1
1137,379,2
1138,380,0
1139,380,1
1140,380,2
1141,381,0
1142,381,1
1143,381,2
1144,382,0
1145,382,1
1146,382,2
1147,383,0
1148,383,1
1149,383,2
1150,384,0
1151,384,1
1152,384,2
1153,385,0
1154,385,1
1155,385,2
1156,386,0
1157,386,1
1158,386,2
1159,387,0
1160,387,1
1161,387,2
1162,388,0
1163,388,1
1164,388,2
1165,389,0
1166,389,1
1167,389,2
1168,390,0
1169,390,1
1170,390,2
1171,391,0
1172,391,1
1173,391,2
1174,392,0
1175,392,1
1176,392,2
1177,393,0
1178,393,1
1179,393,2
1180,394,0
1181,394,1
1182,394,2
1183,395,0
1184,395,1
1185,395,2
1186,396,0
1187,396,1
1188,396,2
1189,397,0
1190,397,1
1191,397,2
1192,398,0
1193,398,1
1194,398,2
1195,399,0
1196,399,1
1197,399,2
1198,400,0
1199,400,1
1200,400,2
1201,401,0
1202,401,1
1203,401,2
1204,402,0
1205,402,1
1206,402,2
1207,403,0
1208,403,1
1209,403,2
1210,404,0
1211,404,1
1212,404,2
1213,405,0
1214,405,1
1215,405,2
1216,406,0
1217,406,1
1218,406,2
1219,407,0
1220,407,1
1221,407,2
1222,408,0
1223,408,1
1224,408,2
1225,409,0
1226,409,1
1227,409,2
1228,410,0
1229,410,1
1230,410,2
1231,411,0
1232,411,1
1233,411,2
1234,412,0
1235,412,1
1236,412,2
1237,413,0
1238,413,1
1239,413,2
1240,414,0
1241,414,1
1242,414,2
1243,415,0
1244,415,1
1245,415,2
1246,416,0
1247,416,1
1248,416,2
1249,417,0
1250,417,1
1251,417,2
1252,418,0
1253,418,1
1254,418,2
1255,419,0
1256,419,1
1257,419,2
1258,420,0
1259,420,1
1260,420,2
1261,421,0
1262,421,1
1263,421,2
1264,422,0
1265,422,1
1266,422,2
1267,423,0
1268,423,1
1269,423,2
1270,424,0
1271,424,1
1272,424,2
1273,425,0
1274,425,1
1275,425,2
1276,426,0
1277,426,1
1278,426,2
1279,427,0
1280,427,1
1281,427,2
1282,428,0
1283,428,1
1284,428,2
1285,429,0
1286,429,1
1287,429,2
1288,430,0
1289,430,1
1290,430,2
1291,431,0
1292,431,1
1293,431,2
1294,432,0
1295,432,1
1296,432,2
1297,433,0
1298,433,1
1299,433,2
1300,434,0
1301,434,1
1302,434,2
1303,435,0
1304,435,1
1305,435,2
1306,436,0
1307,436,1
1308,436,2
1309,437,0
1310,437,1
1311,437,2
1312,438,0
1313,438,1
1314,438,2
1315,439,0
1316,439,1
1317,439,2
1318,440,0
1319,440,1
1320,440,2
1321,441,0
1322,441,1
1323,441,2
1324,442,0
1325,442,1
1326,442,2
1327,443,0
1328,443,1
1329,443,2
1330,444,0
1331,444,1
1332,444,2
1333,445,0
1334,445,1
1335,445,2
1336,446,0
1337,446,1
1338,446,2
1339,447,0
1340,447,1
1341,447,2
1342,448,0
1343,448,1
1344,448,2
1345,449,0
1346,449,1
1347,449,2
1348,450,0
1349,450,1
1350,450,2
1351,451,0
1352,451,1
1353,451,2
1354,452,0
1355,452,1
1356,452,2
1357,453,0
1358,453,1
1359,453,2
1360,454,0
1361,454,1
1362,454,2
1363,455,0
1364,455,1
1365,455,2
1366,456,0
1367,456,1
1368,456,2
1369,457,0
1370,457,1
1371,457,2
1372,458,0
1373,458,1
1374,458,2
1375,459,0
1376,459,1
1377,459,2
1378,460,0
1379,460,1
1380,460,2
1381,461,0
1382,461,1
1383,461,2
1384,462,0
1385,462,1
1386,462,2
1387,463,0
1388,463,1
1389,463,2
1390,464,0
1391,464,1
1392,464,2
1393,465,0
1394,465,1
1395,465,2
1396,466,0
1397,466,1
1398,466,2
1399,467,0
1400,467,1
1401,467,2
1402,468,0
1403,468,1
1404,468,2
1405,469,0
1406,469,1
1407,469,2
1408,470,0
1409,470,1
1410,470,2
1411,471,0
1412,471,1
1413,471,2
1414,472,0
1415,472,1
1416,472,2
1417,473,0
1418,473,1
1419,473,2
1420,474,0
1421,474,1
1422,474,2
1423,475,0
1424,475,1
1425,475,2
1426,476,0
1427,476,1
1428,476,2
1429,477,0
1430,477,1
1431,477,2
1432,478,0
1433,478,1
1434,478,2
1435,479,0
1436,479,1
1437,479,2
1438,480,0
1439,480,1
1440,480,2
1441,481,0
1442,481,1
1443,481,2
1444,482,0
1445,482,1
1446,482,2
1447,483,0
1448,483,1
1449,483,2
1450,484,0
1451,484,1
1452,484,2
1453,485,0
1454,485,1
1455,485,2
1456,486,0
1457,486,1
1458,486,2
1459,487,0
1460,487,1
1461,487,2
1462,488,0
1463,488,1
1464,488,2
1465,489,0
1466,489,1
1467,489,2
1468,490,0
1469,490,1
1470,490,2
1471,491,0
1472,491,1
1473,491,2
1474,492,0
1475,492,1
1476,492,2
1477,493,0
1478,493,1
1479,493,2
1480,494,0
1481,494,1
1482,494,2
1483,495,0
1484,495,1
1485,495,2
1486,496,0
1487,496,1
1488,496,2
1489,497,0
1490,497,1
1491,497,2
1492,498,0
1493,498,1
1494,498,2
1495,499,0
1496,499,1
1497,499,2
1498,500,0
1499,500,1
1500,500,2
1501,501,0
1502,501,1
1503,501,2
1504,502,0
1505,502,1
1506,502,2
1507,503,0
1508,503,1
1509,503,2
1510,504,0
1511,504,1
1512,504,2
1513,505,0
1514,505,1
1515,505,2
1516,506,0
1517,506,1
1518,506,2
1519,507,0
1520,507,1
1521,507,2
1522,508,0
1523,508,1
1524,508,2
1525,509,0
1526,509,1
1527,509,2
1528,510,0
1529,510,1
1530,510,2
1531,511,0
1532,511,1
1533,511,2
1534,512,0
1535,512,1
1536,512,2
1537,513,0
1538,513,1
1539,513,2
1540,514,0
1541,514,1
1542,514,2
1543,515,0
1544,515,1
1545,515,2
1546,516,0
1547,516,1
1548,516,2
1549,517,0
1550,517,1
1551,517,2
1552,518,0
1553,518,1
1554,518,2
1555,519,0
1556,519,1
1557,519,2
1558,520,0
1559,520,1
1560,520,2
1561,521,0
1562,521,1
1563,521,2
1564,522,0
1565,522,1
1566,522,2
1567,523,0
1568,523,1
1569,523,2
1570,524,0
1571,524,1
1572,524,2
1573,525,0
1574,525,1
1575,525,2
1576,526,0
1577,526,1
1578,526,2
1579,527,0
1580,527,1
1581,527,2
1582,528,0
1583,528,1
1584,528,2
1585,529,0
1586,529,1
1587,529,2
1588,530,0
1589,530,1
1590,530,2
1591,531,0
1592,531,1
1593,531,2
1594,532,0
1595,532,1
1596,532,2
1597,533,0
1598,533,1
1599,533,2
1600,534,0
1601,534,1
1602,534,2
1603,535,0
1604,535,1
1605,535,2
1606,536,0
1607,536,1
1608,536,2
1609,537,0
1610,537,1
1611,537,2
1612,538,0
1613,538,1
1614,538,2
1615,539,0
1616,539,1
1617,539,2
1618,540,0
1619,540,1
1620,540,2
1621,541,0
1622,541,1
1623,541,2
1624,542,0
1625,542,1
1626,542,2
1627,543,0
1628,543,1
1629,543,2
1630,544,0
1631,544,1
1632,544,2
1633,545,0
1634,545,1
1635,545,2
1636,546,0
1637,546,1
1638,546,2
1639,547,0
1640,547,1
1641,547,2
1642,548,0
1643,548,1
1644,548,2
1645,549,0
1646,549,1
1647,549,2
1648,550,0
1649,550,1
1650,550,2
1651,551,0
1652,551,1
1653,551,2
1654,552,0
1655,552,1
1656,552,2
1657,553,0
1658,553,1
1659,553,2
1660,554,0
1661,554,1
1662,554,2
1663,555,0
1664,555,1
1665,555,2
1666,556,0
1667,556,1
1668,556,2
1669,557,0
1670,557,1
1671,557,2
1672,558,0
1673,558,1
1674,558,2
1675,559,0
1676,559,1
1677,559,2
1678,560,0
1679,560,1
1680,560,2
1681,561,0
1682,561,1
1683,561,2
1684,562,0
1685,562,1
1686,562,2
1687,563,0
1688,563,1
1689,563,2
1690,564,0
1691,564,1
1692,564,2
1693,565,0
1694,565,1
1695,565,2
1696,566,0
1697,566,1
1698,566,2
1699,567,0
1700,567,1
1701,567,2
1702,568,0
1703,568,1
1704,568,2
1705,569,0
1706,569,1
1707,569,2
1708,570,0
1709,570,1
1710,570,2
1711,571,0
1712,571,1
1713,571,2
1714,572,0
1715,572,1
1716,572,2
1717,573,0
1718,573,1
1719,573,2
1720,574,0
1721,574,1
1722,574,2
1723,575,0
1724,575,1
1725,575,2
1726,576,0
1727,576,1
1728,576,2
1729,577,0
1730,577,1
1731,577,2
1732,578,0
1733,578,1
1734,578,2
1735,579,0
1736,579,1
1737,579,2
1738,580,0
1739,580,1
1740,580,2
1741,581,0
1742,581,1
1743,581,2
1744,582,0
1745,582,1
1746,582,2
1747,583,0
1748,583,1
1749,583,2
1750,584,0
1751,584,1
1752,584,2
1753,585,0
1754,585,1
1755,585,2
1756,586,0
1757,586,1
1758,586,2
1759,587,0
1760,587,1
1761,587,2
1762,588,0
1763,588,1
1764,588,2
1765,589,0
1766,589,1
1767,589,2
1768,590,0
1769,590,1
1770,590,2
1771,591,0
1772,591,1
1773,591,2
1774,592,0
1775,592,1
1776,592,2
1777,593,0
1778,593,1
1779,593,2
1780,594,0
1781,594,1
1782,594,2
1783,595,0
1784,595,1
1785,595,2
1786,596,0
1787,596,1
1788,596,2
1789,597,0
1790,597,1
1791,597,2
1792,598,0
1793,598,1
1794,598,2
1795,599,0
1796,599,1
1797,599,2
1798,600,0
1799,600,1
1800,600,2
1801,601,0
1802,601,1
1803,601,2
1804,602,0
1805,602,1
1806,602,2
1807,603,0
1808,603,1
1809,603,2
1810,604,0
1811,604,1
1812,604,2
1813,605,0
1814,605,1
1815,605,2
1816,606,0
1817,606,1
1818,606,2
1819,607,0
1820,607,1
1821,607,2
1822,608,0
1823,608,1
1824,608,2
1825,609,0
1826,609,1
1827,609,2
1828,610,0
1829,610,1
1830,610,2
1831,611,0
1832,611,1
1833,611,2
1834,612,0
1835,612,1
1836,612,2
1837,613,0
1838,613,1
1839,613,2
1840,614,0
1841,614,1
1842,614,2
1843,615,0
1844,615,1
1845,615,2
1846,616,0
1847,616,1
1848,616,2
1849,617,0
1850,617,1
1851,617,2
1852,618,0
1853,618,1
1854,618,2
1855,619,0
1856,619,1
1857,619,2
1858,620,0
1859,620,1
1860,620,2
1861,621,0
1862,621,1
1863,621,2
1864,622,0
1865,622,1
1866,622,2
1867,623,0
1868,623,1
1869,623,2
1870,624,0
1871,624,1
1872,624,2
1873,625,0
1874,625,1
1875,625,2
1876,626,0
1877,626,1
1878,626,2
1879,627,0
1880,627,1
1881,627,2
1882,628,0
1883,628,1
1884,628,2
1885,629,0
1886,629,1
1887,629,2
1888,630,0
1889,630,1
1890,630,2
1891,631,0
1892,631,1
1893,631,2
1894,632,0
1895,632,1
1896,632,2
1897,633,0
1898,633,1
1899,633,2
1900,634,0
1901,634,1
1902,634,2
1903,635,0
1904,635,1
1905,635,2
1906,636,0
1907,636,1
1908,636,2
1909,637,0
1910,637,1
1911,637,2
1912,638,0
1913,638,1
1914,638,2
1915,639,0
1916,639,1
1917,639,2
1918,640,0
1919,640,1
1920,640,2
1921,641,0
1922,641,1
1923,641,2
1924,642,0
1925,642,1
1926,642,2
1927,643,0
1928,643,1
1929,643,2
1930,644,0
1931,644,1
1932,644,2
1933,645,0
1934,645,1
1935,645,2
1936,646,0
1937,646,1
1938,646,2
1939,647,0
1940,647,1
1941,647,2
1942,648,0
1943,648,1
1944,648,2
1945,649,0
1946,649,1
1947,649,2
1948,650,0
1949,650,1
1950,650,2
1951,651,0
1952,651,1
1953,651,2
1954,652,0
1955,652,1
1956,652,2
1957,653,0
1958,653,1
1959,653,2
1960,654,0
1961,654,1
1962,654,2
1963,655,0
1964,655,1
1965,655,2
1966,656,0
1967,656,1
1968,656,2
1969,657,0
1970,657,1
1971,657,2
1972,658,0
1973,658,1
1974,658,2
1975,659,0
1976,659,1
1977,659,2
1978,660,0
1979,660,1
1980,660,2
1981,661,0
1982,661,1
1983,661,2
1984,662,0
1985,662,1
1986,662,2
1987,663,0
1988,663,1
1989,663,2
1990,664,0
1991,664,1
1992,664,2
1993,665,0
1994,665,1
1995,665,2
1996,666,0
1997,666,1
1998,666,2
1999,667,0
2000,667,1
2001,667,2
2002,668,0
2003,668,1
2004,668,2
2005,669,0
2006,669,1
2007,669,2
2008,670,0
2009,670,1
2010,670,2
2011,671,0
2012,671,1
2013,671,2
2014,672,0
2015,672,1
2016,672,2
2017,673,0
2018,673,1
2019,673,2
2020,674,0
2021,674,1
2022,674,2
2023,675,0
2024,675,1
2025,675,2
2026,676,0
2027,676,1
2028,676,2
2029,677,0
2030,677,1
2031,677,2
2032,678,0
2033,678,1
2034,678,2
2035,679,0
2036,679,1
2037,679,2
2038,680,0
2039,680,1
2040,680,2
2041,681,0
2042,681,1
2043,681,2
2044,682,0
2045,682,1
2046,682,2
2047,683,0
2048,683,1
2049,683,2
2050,684,0
2051,684,1
2052,684,2
2053,685,0
2054,685,1
2055,685,2
2056,686,0
2057,686,1
2058,686,2
2059,687,0
2060,687,1
2061,687,2
2062,688,0
2063,688,1
2064,688,2
2065,689,0
2066,689,1
2067,689,2
2068,690,0
2069,690,1
2070,690,2
2071,691,0
2072,691,1
2073,691,2
2074,692,0
2075,692,1
2076,692,2
2077,693,0
2078,693,1
2079,693,2
2080,694,0
2081,694,1
2082,694,2
2083,695,0
2084,695,1
2085,695,2
2086,696,0
2087,696,1
2088,696,2
2089,697,0
2090,697,1
2091,697,2
2092,698,0
2093,698,1
2094,698,2
2095,699,0
2096,699,1
2097,699,2
2098,700,0
2099,700,1
2100,700,2
2101,701,0
2102,701,1
2103,701,2
2104,702,0
2105,702,1
2106,702,2
2107,703,0
2108,703,1
2109,703,2
2110,704,0
2111,704,1
2112,704,2
2113,705,0
2114,705,1
2115,705,2
2116,706,0
2117,706,1
2118,706,2
2119,707,0
2120,707,1
2121,707,2
2122,708,0
2123,708,1
2124,708,2
2125,709,0
2126,709,1
2127,709,2
2128,710,0
2129,710,1
2130,710,2
2131,711,0
2132,711,1
2133,711,2
2134,712,0
2135,712,1
2136,712,2
2137,713,0
2138,713,1
2139,713,2
2140,714,0
2141,714,1
2142,714,2
2143,715,0
2144,715,1
2145,715,2
2146,716,0
2147,716,1
2148,716,2
2149,717,0
2150,717,1
2151,717,2
2152,718,0
2153,718,1
2154,718,2
2155,719,0
2156,719,1
2157,719,2
2158,720,0
2159,720,1
2160,720,2
2161,721,0
2162,721,1
2163,721,2
2164,722,0
2165,722,1
2166,722,2
2167,723,0
2168,723,1
2169,723,2
2170,724,0
2171,724,1
2172,724,2
2173,725,0
2174,725,1
2175,725,2
2176,726,0
2177,726,1
2178,726,2
2179,727,0
2180,727,1
2181,727,2
2182,728,0
2183,728,1
2184,728,2
2185,729,0
2186,729,1
2187,729,2
2188,730,0
2189,730,1
2190,730,2
2191,731,0
2192,731,1
2193,731,2
2194,732,0
2195,732,1
2196,732,2
2197,733,0
2198,733,1
2199,733,2
2200,734,0
2201,734,1
2202,734,2
2203,735,0
2204,735,1
2205,735,2
2206,736,0
2207,736,1
2208,736,2
2209,737,0
2210,737,1
2211,737,2
2212,738,0
2213,738,1
2214,738,2
2215,739,0
2216,739,1
2217,739,2
2218,740,0
2219,740,1
2220,740,2
2221,741,0
2222,741,1
2223,741,2
2224,742,0
2225,742,1
2226,742,2
2227,743,0
2228,743,1
2229,743,2
2230,744,0
2231,744,1
2232,744,2
2233,745,0
2234,745,1
2235,745,2
2236,746,0
2237,746,1
2238,746,2
2239,747,0
2240,747,1
2241,747,2
2242,748,0
2243,748,1
2244,748,2
2245,749,0
2246,749,1
2247,749,2
2248,750,0
2249,750,1
2250,750,2
2251,751,0
2252,751,1
2253,751,2
2254,752,0
2255,752,1
2256,752,2
2257,753,0
2258,753,1
2259,753,2
2260,754,0
2261,754,1
2262,754,2
2263,755,0
2264,755,1
2265,755,2
2266,756,0
2267,756,1
2268,756,2
2269,757,0
2270,757,1
2271,757,2
2272,758,0
2273,758,1
2274,758,2
2275,759,0
2276,759,1
2277,759,2
2278,760,0
2279,760,1
2280,760,2
2281,761,0
2282,761,1
2283,761,2
2284,762,0
2285,762,1
2286,762,2
2287,763,0
2288,763,1
2289,763,2
2290,764,0
2291,764,1
2292,764,2
2293,765,0
2294,765,1
2295,765,2
2296,766,0
2297,766,1
2298,766,2
2299,767,0
2300,767,1
2301,767,2
2302,768,0
2303,768,1
2304,768,2
2305,769,0
2306,769,1
2307,769,2
2308,770,0
2309,770,1
2310,770,2
2311,771,0
2312,771,1
2313,771,2
2314,772,0
2315,772,1
2316,772,2
2317,773,0
2318,773,1
2319,773,2
2320,774,0
2321,774,1
2322,774,2
2323,775,0
2324,775,1
2325,775,2
2326,776,0
2327,776,1
2328,776,2
2329,777,0
2330,777,1
2331,777,2
2332,778,0
2333,778,1
2334,778,2
2335,779,0
2336,779,1
2337,779,2
2338,780,0
2339,780,1
2340,780,2
2341,781,0
2342,781,1
2343,781,2
2344,782,0
2345,782,1
2346,782,2
2347,783,0
2348,783,1
2349,783,2
2350,784,0
2351,784,1
2352,784,2
2353,785,0
2354,785,1
2355,785,2
2356,786,0
2357,786,1
2358,786,2
2359,787,0
2360,787,1
2361,787,2
2362,788,0
2363,788,1
2364,788,2
2365,789,0
2366,789,1
2367,789,2
2368,790,0
2369,790,1
2370,790,2
2371,791,0
2372,791,1
2373,791,2
2374,792,0
2375,792,1
2376,792,2
2377,793,0
2378,793,1
2379,793,2
2380,794,0
2381,794,1
2382,794,2
2383,795,0
2384,795,1
2385,795,2
2386,796,0
2387,796,1
2388,796,2
2389,797,0
2390,797,1
2391,797,2
2392,798,0
2393,798,1
2394,798,2
2395,799,0
2396,799,1
2397,799,2
2398,800,0
2399,800,1
2400,800,2
2401,801,0
2402,801,1
2403,801,2
2404,802,0
2405,802,1
2406,802,2
2407,803,0
2408,803,1
2409,803,2
2410,804,0
2411,804,1
2412,804,2
2413,805,0
2414,805,1
2415,805,2
2416,806,0
2417,806,1
2418,806,2
2419,807,0
2420,807,1
2421,807,2
2422,808,0
2423,808,1
2424,808,2
2425,809,0
2426,809,1
2427,809,2
2428,810,0
2429,810,1
2430,810,2
2431,811,0
2432,811,1
2433,811,2
2434,812,0
2435,812,1
2436,812,2
2437,813,0
2438,813,1
2439,813,2
2440,814,0
2441,814,1
2442,814,2
2443,815,0
2444,815,1
2445,815,2
2446,816,0
2447,816,1
2448,816,2
2449,817,0
2450,817,1
2451,817,2
2452,818,0
2453,818,1
2454,818,2
2455,819,0
2456,819,1
2457,819,2
2458,820,0
2459,820,1
2460,820,2
2461,821,0
2462,821,1
2463,821,2
2464,822,0
2465,822,1
2466,822,2
2467,823,0
2468,823,1
2469,823,2
2470,824,0
2471,824,1
2472,824,2
2473,825,0
2474,825,1
2475,825,2
2476,826,0
2477,826,1
2478,826,2
2479,827,0
2480,827,1
2481,827,2
2482,828,0
2483,828,1
2484,828,2
2485,829,0
2486,829,1
2487,829,2
2488,830,0
2489,830,1
2490,830,2
2491,831,0
2492,831,1
2493,831,2
2494,832,0
2495,832,1
2496,832,2
2497,833,0
2498,833,1
2499,833,2
2500,834,0
2501,834,1
2502,834,2
2503,835,0
2504,835,1
2505,835,2
2506,836,0
2507,836,1
2508,836,2
2509,837,0
2510,837,1
2511,837,2
2512,838,0
2513,838,1
2514,838,2
2515,839,0
2516,839,1
2517,839,2
2518,840,0
2519,840,1
2520,840,2
2521,841,0
2522,841,1
2523,841,2
2524,842,0
2525,842,1
2526,842,2
2527,843,0
2528,843,1
2529,843,2
2530,844,0
2531,844,1
2532,844,2
2533,845,0
2534,845,1
2535,845,2
2536,846,0
2537,846,1
2538,846,2
2539,847,0
2540,847,1
2541,847,2
2542,848,0
2543,848,1
2544,848,2
2545,849,0
2546,849,1
2547,849,2
2548,850,0
2549,850,1
2550,850,2
2551,851,0
2552,851,1
2553,851,2
2554,852,0
2555,852,1
2556,852,2
2557,853,0
2558,853,1
2559,853,2
2560,854,0
2561,854,1
2562,854,2
2563,855,0
2564,855,1
2565,855,2
2566,856,0
2567,856,1
2568,856,2
2569,857,0
2570,857,1
2571,857,2
2572,858,0
2573,858,1
2574,858,2
2575,859,0
2576,859,1
2577,859,2
2578,860,0
2579,860,1
2580,860,2
2581,861,0
2582,861,1
2583,861,2
2584,862,0
2585,862,1
2586,862,2
2587,863,0
2588,863,1
2589,863,2
2590,864,0
2591,864,1
2592,864,2
2593,865,0
2594,865,1
2595,865,2
2596,866,0
2597,866,1
2598,866,2
2599,867,0
2600,867,1
2601,867,2
2602,868,0
2603,868,1
2604,868,2
2605,869,0
2606,869,1
2607,869,2
2608,870,0
2609,870,1
2610,870,2
2611,871,0
2612,871,1
2613,871,2
2614,872,0
2615,872,1
2616,872,2
2617,873,0
2618,873,1
2619,873,2
2620,874,0
2621,874,1
2622,874,2
2623,875,0
2624,875,1
2625,875,2
2626,876,0
2627,876,1
2628,876,2
2629,877,0
2630,877,1
2631,877,2
2632,878,0
2633,878,1
2634,878,2
2635,879,0
2636,879,1
2637,879,2
2638,880,0
2639,880,1
2640,880,2
2641,881,0
2642,881,1
2643,881,2
2644,882,0
2645,882,1
2646,882,2
2647,883,0
2648,883,1
2649,883,2
2650,884,0
2651,884,1
2652,884,2
2653,885,0
2654,885,1
2655,885,2
2656,886,0
2657,886,1
2658,886,2
2659,887,0
2660,887,1
2661,887,2
2662,888,0
2663,888,1
2664,888,2
2665,889,0
2666,889,1
2667,889,2
2668,890,0
2669,890,1
2670,890,2
2671,891,0
2672,891,1
2673,891,2
2674,892,0
2675,892,1
2676,892,2
2677,893,0
2678,893,1
2679,893,2
2680,894,0
2681,894,1
2682,894,2
2683,895,0
2684,895,1
2685,895,2
2686,896,0
2687,896,1
2688,896,2
2689,897,0
2690,897,1
2691,897,2
2692,898,0
2693,898,1
2694,898,2
2695,899,0
2696,899,1
2697,899,2
2698,900,0
2699,900,1
2700,900,2
2701,901,0
2702,901,1
2703,901,2
2704,902,0
2705,902,1
2706,902,2
2707,903,0
2708,903,1
2709,903,2
2710,904,0
2711,904,1
2712,904,2
2713,905,0
2714,905,1
2715,905,2
2716,906,0
2717,906,1
2718,906,2
2719,907,0
2720,907,1
2721,907,2
2722,908,0
2723,908,1
2724,908,2
2725,909,0
2726,909,1
2727,909,2
2728,910,0
2729,910,1
2730,910,2
2731,911,0
2732,911,1
2733,911,2
2734,912,0
2735,912,1
2736,912,2
2737,913,0
2738,913,1
2739,913,2
2740,914,0
2741,914,1
2742,914,2
2743,915,0
2744,915,1
2745,915,2
2746,916,0
2747,916,1
2748,916,2
2749,917,0
2750,917,1
2751,917,2
2752,918,0
2753,918,1
2754,918,2
2755,919,0
2756,919,1
2757,919,2
2758,920,0
2759,920,1
2760,920,2
2761,921,0
2762,921,1
2763,921,2
2764,922,0
2765,922,1
2766,922,2
2767,923,0
2768,923,1
2769,923,2
2770,924,0
2771,924,1
2772,924,2
2773,925,0
2774,925,1
2775,925,2
2776,926,0
2777,926,1
2778,926,2
2779,927,0
2780,927,1
2781,927,2
2782,928,0
2783,928,1
2784,928,2
2785,929,0
2786,929,1
2787,929,2
2788,930,0
2789,930,1
2790,930,2
2791,931,0
2792,931,1
2793,931,2
2794,932,0
2795,932,1
2796,932,2
2797,933,0
2798,933,1
2799,933,2
2800,934,0
2801,934,1
2802,934,2
2803,935,0
2804,935,1
2805,935,2
2806,936,0
2807,936,1
2808,936,2
2809,937,0
2810,937,1
2811,937,2
2812,938,0
2813,938,1
2814,938,2
2815,939,0
2816,939,1
2817,939,2
2818,940,0
2819,940,1
2820,940,2
2821,941,0
2822,941,1
2823,941,2
2824,942,0
2825,942,1
2826,942,2
2827,943,0
2828,943,1
2829,943,2
2830,944,0
2831,944,1
2832,944,2
2833,945,0
2834,945,1
2835,945,2
2836,946,0
2837,946,1
2838,946,2
2839,947,0
2840,947,1
2841,947,2
2842,948,0
2843,948,1
2844,948,2
2845,949,0
2846,949,1
2847,949,2
2848,950,0
2849,950,1
2850,950,2
2851,951,0
2852,951,1
2853,951,2
2854,952,0
2855,952,1
2856,952,2
2857,953,0
2858,953,1
2859,953,2
2860,954,0
2861,954,1
2862,954,2
2863,955,0
2864,955,1
2865,955,2
2866,956,0
2867,956,1
2868,956,2
2869,957,0
2870,957,1
2871,957,2
2872,958,0
2873,958,1
2874,958,2
2875,959,0
2876,959,1
2877,959,2
2878,960,0
2879,960,1
2880,960,2
2881,961,0
2882,961,1
2883,961,2
2884,962,0
2885,962,1
2886,962,2
2887,963,0
2888,963,1
2889,963,2
2890,964,0
2891,964,1
2892,964,2
2893,965,0
2894,965,1
2895,965,2
2896,966,0
2897,966,1
2898,966,2
2899,967,0
2900,967,1
2901,967,2
2902,968,0
2903,968,1
2904,968,2
2905,969,0
2906,969,1
2907,969,2
2908,970,0
2909,970,1
2910,970,2
2911,971,0
2912,971,1
2913,971,2
2914,972,0
2915,972,1
2916,972,2
2917,973,0
2918,973,1
2919,973,2
2920,974,0
2921,974,1
2922,974,2
2923,975,0
2924,975,1
2925,975,2
2926,976,0
2927,976,1
2928,976,2
2929,977,0
2930,977,1
2931,977,2
2932,978,0
2933,978,1
2934,978,2
2935,979,0
2936,979,1
2937,979,2
2938,980,0
2939,980,1
2940,980,2
2941,981,0
2942,981,1
2943,981,2
2944,982,0
2945,982,1
2946,982,2
2947,983,0
2948,983,1
2949,983,2
2950,984,0
2951,984,1
2952,984,2
2953,985,0
2954,985,1
2955,985,2
2956,986,0
2957,986,1
2958,986,2
2959,987,0
2960,987,1
2961,987,2
2962,988,0
2963,988,1
2964,988,2
2965,989,0
2966,989,1
2967,989,2
2968,990,0
2969,990,1
2970,990,2
2971,991,0
2972,991,1
2973,991,2
2974,992,0
2975,992,1
2976,992,2
2977,993,0
2978,993,1
2979,993,2
2980,994,0
2981,994,1
2982,994,2
2983,995,0
2984,995,1
2985,995,2
2986,996,0
2987,996,1
2988,996,2
2989,997,0
2990,997,1
2991,997,2
2992,998,0
2993,998,1
2994,998,2
2995,999,0
2996,999,1
2997,999,2
2998,1000,0
2999,1000,1
3000,1000,2
3001,1001,0
3002,1001,1
3003,1001,2
3004,1002,0
3005,1002,1
3006,1002,2
3007,1003,0
3008,1003,1
3009,1003,2
3010,1004,0
3011,1004,1
3012,1004,2
3013,1005,0
3014,1005,1
3015,1005,2
3016,1006,0
3017,1006,1
3018,1006,2
3019,1007,0
3020,1007,1
3021,1007,2
3022,1008,0
3023,1008,1
3024,1008,2
3025,1009,0
3026,1009,1
3027,1009,2
3028,1010,0
3029,1010,1
3030,1010,2
3031,1011,0
3032,1011,1
3033,1011,2
3034,1012,0
3035,1012,1
3036,1012,2
3037,1013,0
3038,1013,1
3039,1013,2
3040,1014,0
3041,1014,1
3042,1014,2
3043,1015,0
3044,1015,1
3045,1015,2
3046,1016,0
3047,1016,1
3048,1016,2
3049,1017,0
3050,1017,1
3051,1017,2
3052,1018,0
3053,1018,1
3054,1018,2
3055,1019,0
3056,1019,1
3057,1019,2
3058,1020,0
3059,1020,1
3060,1020,2
3061,1021,0
3062,1021,1
3063,1021,2
3064,1022,0
3065,1022,1
3066,1022,2
3067,1023,0
3068,1023,1
3069,1023,2
3070,1024,0
3071,1024,1
3072,1024,2
3073,1025,0
3074,1025,1
3075,1025,2
3076,1026,0
3077,1026,1
3078,1026,2
3079,1027,0
3080,1027,1
3081,1027,2
3082,1028,0
3083,1028,1
3084,1028,2
3085,1029,0
3086,1029,1
3087,1029,2
3088,1030,0
3089,1030,1
3090,1030,2
3091,1031,0
3092,1031,1
3093,1031,2
3094,1032,0
3095,1032,1
3096,1032,2
3097,1033,0
3098,1033,1
3099,1033,2
3100,1034,0
3101,1034,1
3102,1034,2
3103,1035,0
3104,1035,1
3105,1035,2
3106,1036,0
3107,1036,1
3108,1036,2
3109,1037,0
3110,1037,1
3111,1037,2
3112,1038,0
3113,1038,1
3114,1038,2
3115,1039,0
3116,1039,1
3117,1039,2
3118,1040,0
3119,1040,1
3120,1040,2
3121,1041,0
3122,1041,1
3123,1041,2
3124,1042,0
3125,1042,1
3126,1042,2
3127,1043,0
3128,1043,1
3129,1043,2
3130,1044,0
3131,1044,1
3132,1044,2
3133,1045,0
3134,1045,1
3135,1045,2
3136,1046,0
3137,1046,1
3138,1046,2
3139,1047,0
3140,1047,1
3141,1047,2
3142,1048,0
3143,1048,1
3144,1048,2
3145,1049,0
3146,1049,1
3147,1049,2
3148,1050,0
3149,1050,1
3150,1050,2
3151,1051,0
3152,1051,1
3153,1051,2
3154,1052,0
3155,1052,1
3156,1052,2
3157,1053,0
3158,1053,1
3159,1053,2
3160,1054,0
3161,1054,1
3162,1054,2
3163,1055,0
3164,1055,1
3165,1055,2
3166,1056,0
3167,1056,1
3168,1056,2
3169,1057,0
3170,1057,1
3171,1057,2
3172,1058,0
3173,1058,1
3174,1058,2
3175,1059,0
3176,1059,1
3177,1059,2
3178,1060,0
3179,1060,1
3180,1060,2
3181,1061,0
3182,1061,1
3183,1061,2
3184,1062,0
3185,1062,1
3186,1062,2
3187,1063,0
3188,1063,1
3189,1063,2
3190,1064,0
3191,1064,1
3192,1064,2
3193,1065,0
3194,1065,1
3195,1065,2
3196,1066,0
3197,1066,1
3198,1066,2
3199,1067,0
3200,1067,1
3201,1067,2
3202,1068,0
3203,1068,1
3204,1068,2
3205,1069,0
3206,1069,1
3207,1069,2
3208,1070,0
3209,1070,1
3210,1070,2
3211,1071,0
3212,1071,1
3213,1071,2
3214,1072,0
3215,1072,1
3216,1072,2
3217,1073,0
3218,1073,1
3219,1073,2
3220,1074,0
3221,1074,1
3222,1074,2
3223,1075,0
3224,1075,1
3225,1075,2
3226,1076,0
3227,1076,1
3228,1076,2
3229,1077,0
3230,1077,1
3231,1077,2
3232,1078,0
3233,1078,1
3234,1078,2
3235,1079,0
3236,1079,1
3237,1079,2
3238,1080,0
3239,1080,1
3240,1080,2
3241,1081,0
3242,1081,1
3243,1081,2
3244,1082,0
3245,1082,1
3246,1082,2
3247,1083,0
3248,1083,1
3249,1083,2
3250,1084,0
3251,1084,1
3252,1084,2
3253,1085,0
3254,1085,1
3255,1085,2
3256,1086,0
3257,1086,1
3258,1086,2
3259,1087,0
3260,1087,1
3261,1087,2
3262,1088,0
3263,1088,1
3264,1088,2
3265,1089,0
3266,1089,1
3267,1089,2
3268,1090,0
3269,1090,1
3270,1090,2
3271,1091,0
3272,1091,1
3273,1091,2
3274,1092,0
3275,1092,1
3276,1092,2
3277,1093,0
3278,1093,1
3279,1093,2
3280,1094,0
3281,1094,1
3282,1094,2
3283,1095,0
3284,1095,1
3285,1095,2
3286,1096,0
3287,1096,1
3288,1096,2
3289,1097,0
3290,1097,1
3291,1097,2
3292,1098,0
3293,1098,1
3294,1098,2
3295,1099,0
3296,1099,1
3297,1099,2
3298,1100,0
3299,1100,1
3300,1100,2
3301,1101,0
3302,1101,1
3303,1101,2
3304,1102,0
3305,1102,1
3306,1102,2
3307,1103,0
3308,1103,1
3309,1103,2
3310,1104,0
3311,1104,1
3312,1104,2
3313,1105,0
3314,1105,1
3315,1105,2
3316,1106,0
3317,1106,1
3318,1106,2
3319,1107,0
3320,1107,1
3321,1107,2
3322,1108,0
3323,1108,1
3324,1108,2
3325,1109,0
3326,1109,1
3327,1109,2
3328,1110,0
3329,1110,1
3330,1110,2
3331,1111,0
3332,1111,1
3333,1111,2
3334,1112,0
3335,1112,1
3336,1112,2
3337,1113,0
3338,1113,1
3339,1113,2
3340,1114,0
3341,1114,1
3342,1114,2
3343,1115,0
3344,1115,1
3345,1115,2
3346,1116,0
3347,1116,1
3348,1116,2
3349,1117,0
3350,1117,1
3351,1117,2
3352,1118,0
3353,1118,1
3354,1118,2
3355,1119,0
3356,1119,1
3357,1119,2
3358,1120,0
3359,1120,1
3360,1120,2
3361,1121,0
3362,1121,1
3363,1121,2
3364,1122,0
3365,1122,1
3366,1122,2
3367,1123,0
3368,1123,1
3369,1123,2
3370,1124,0
3371,1124,1
3372,1124,2
3373,1125,0
3374,1125,1
3375,1125,2
3376,1126,0
3377,1126,1
3378,1126,2
3379,1127,0
3380,1127,1
3381,1127,2
3382,1128,0
3383,1128,1
3384,1128,2
3385,1129,0
3386,1129,1
3387,1129,2
3388,1130,0
3389,1130,1
3390,1130,2
3391,1131,0
3392,1131,1
3393,1131,2
3394,1132,0
3395,1132,1
3396,1132,2
3397,1133,0
3398,1133,1
3399,1133,2
3400,1134,0
3401,1134,1
3402,1134,2
3403,1135,0
3404,1135,1
3405,1135,2
3406,1136,0
3407,1136,1
3408,1136,2
3409,1137,0
3410,1137,1
3411,1137,2
3412,1138,0
3413,1138,1
3414,1138,2
3415,1139,0
3416,1139,1
3417,1139,2
3418,1140,0
3419,1140,1
3420,1140,2
3421,1141,0
3422,1141,1
3423,1141,2
3424,1142,0
3425,1142,1
3426,1142,2
3427,1143,0
3428,1143,1
3429,1143,2
3430,1144,0
3431,1144,1
3432,1144,2
3433,1145,0
3434,1145,1
3435,1145,2
3436,1146,0
3437,1146,1
3438,1146,2
3439,1147,0
3440,1147,1
3441,1147,2
3442,1148,0
3443,1148,1
3444,1148,2
3445,1149,0
3446,1149,1
3447,1149,2
3448,1150,0
3449,1150,1
3450,1150,2
3451,1151,0
3452,1151,1
3453,1151,2
3454,1152,0
3455,1152,1
3456,1152,2
3457,1153,0
3458,1153,1
3459,1153,2
3460,1154,0
3461,1154,1
3462,1154,2
3463,1155,0
3464,1155,1
3465,1155,2
3466,1156,0
3467,1156,1
3468,1156,2
3469,1157,0
3470,1157,1
3471,1157,2
3472,1158,0
3473,1158,1
3474,1158,2
3475,1159,0
3476,1159,1
3477,1159,2
3478,1160,0
3479,1160,1
3480,1160,2
3481,1161,0
3482,1161,1
3483,1161,2
3484,1162,0
3485,1162,1
3486,1162,2
3487,1163,0
3488,1163,1
3489,1163,2
3490,1164,0
3491,1164,1
3492,1164,2
3493,1165,0
3494,1165,1
3495,1165,2
3496,1166,0
3497,1166,1
3498,1166,2
3499,1167,0
3500,1167,1
3501,1167,2
3502,1168,0
3503,1168,1
3504,1168,2
3505,1169,0
3506,1169,1
3507,1169,2
3508,1170,0
3509,1170,1
3510,1170,2
3511,1171,0
3512,1171,1
3513,1171,2
3514,1172,0
3515,1172,1
3516,1172,2
3517,1173,0
3518,1173,1
3519,1173,2
3520,1174,0
3521,1174,1
3522,1174,2
3523,1175,0
3524,1175,1
3525,1175,2
3526,1176,0
3527,1176,1
3528,1176,2
3529,1177,0
3530,1177,1
3531,1177,2
3532,1178,0
3533,1178,1
3534,1178,2
3535,1179,0
3536,1179,1
3537,1179,2
3538,1180,0
3539,1180,1
3540,1180,2
3541,1181,0
3542,1181,1
3543,1181,2
3544,1182,0
3545,1182,1
3546,1182,2
3547,1183,0
3548,1183,1
3549,1183,2
3550,1184,0
3551,1184,1
3552,1184,2
3553,1185,0
3554,1185,1
3555,1185,2
3556,1186,0
3557,1186,1
3558,1186,2
3559,1187,0
3560,1187,1
3561,1187,2
3562,1188,0
3563,1188,1
3564,1188,2
3565,1189,0
3566,1189,1
3567,1189,2
3568,1190,0
3569,1190,1
3570,1190,2
3571,1191,0
3572,1191,1
3573,1191,2
3574,1192,0
3575,1192,1
3576,1192,2
3577,1193,0
3578,1193,1
3579,1193,2
3580,1194,0
3581,1194,1
3582,1194,2
3583,1195,0
3584,1195,1
3585,1195,2
3586,1196,0
3587,1196,1
3588,1196,2
3589,1197,0
3590,1197,1
3591,1197,2
3592,1198,0
3593,1198,1
3594,1198,2
3595,1199,0
3596,1199,1
3597,1199,2
3598,1200,0
3599,1200,1
3600,1200,2
3601,1201,0
3602,1201,1
3603,1201,2
3604,1202,0
3605,1202,1
3606,1202,2
3607,1203,0
3608,1203,1
3609,1203,2
3610,1204,0
3611,1204,1
3612,1204,2
3613,1205,0
3614,1205,1
3615,1205,2
3616,1206,0
3617,1206,1
3618,1206,2
3619,1207,0
3620,1207,1
3621,1207,2
3622,1208,0
3623,1208,1
3624,1208,2
3625,1209,0
3626,1209,1
3627,1209,2
3628,1210,0
3629,1210,1
3630,1210,2
3631,1211,0
3632,1211,1
3633,1211,2
3634,1212,0
3635,1212,1
3636,1212,2
3637,1213,0
3638,1213,1
3639,1213,2
3640,1214,0
3641,1214,1
3642,1214,2
3643,1215,0
3644,1215,1
3645,1215,2
3646,1216,0
3647,1216,1
3648,1216,2
3649,1217,0
3650,1217,1
3651,1217,2
3652,1218,0
3653,1218,1
3654,1218,2
3655,1219,0
3656,1219,1
3657,1219,2
3658,1220,0
3659,1220,1
3660,1220,2
3661,1221,0
3662,1221,1
3663,1221,2
3664,1222,0
3665,1222,1
3666,1222,2
3667,1223,0
3668,1223,1
3669,1223,2
3670,1224,0
3671,1224,1
3672,1224,2
3673,1225,0
3674,1225,1
3675,1225,2
3676,1226,0
3677,1226,1
3678,1226,2
3679,1227,0
3680,1227,1
3681,1227,2
3682,1228,0
3683,1228,1
3684,1228,2
3685,1229,0
3686,1229,1
3687,1229,2
3688,1230,0
3689,1230,1
3690,1230,2
3691,1231,0
3692,1231,1
3693,1231,2
3694,1232,0
3695,1232,1
3696,1232,2
3697,1233,0
3698,1233,1
3699,1233,2
3700,1234,0
3701,1234,1
3702,1234,2
3703,1235,0
3704,1235,1
3705,1235,2
3706,1236,0
3707,1236,1
3708,1236,2
3709,1237,0
3710,1237,1
3711,1237,2
3712,1238,0
3713,1238,1
3714,1238,2
3715,1239,0
3716,1239,1
3717,1239,2
3718,1240,0
3719,1240,1
3720,1240,2
3721,1241,0
3722,1241,1
3723,1241,2
3724,1242,0
3725,1242,1
3726,1242,2
3727,1243,0
3728,1243,1
3729,1243,2
3730,1244,0
3731,1244,1
3732,1244,2
3733,1245,0
3734,1245,1
3735,1245,2
3736,1246,0
3737,1246,1
3738,1246,2
3739,1247,0
3740,1247,1
3741,1247,2
3742,1248,0
3743,1248,1
3744,1248,2
3745,1249,0
3746,1249,1
3747,1249,2
3748,1250,0
3749,1250,1
3750,1250,2
3751,1251,0
3752,1251,1
3753,1251,2
3754,1252,0
3755,1252,1
3756,1252,2
3757,1253,0
3758,1253,1
3759,1253,2
3760,1254,0
3761,1254,1
3762,1254,2
3763,1255,0
3764,1255,1
3765,1255,2
3766,1256,0
3767,1256,1
3768,1256,2
3769,1257,0
3770,1257,1
3771,1257,2
3772,1258,0
3773,1258,1
3774,1258,2
3775,1259,0
3776,1259,1
3777,1259,2
3778,1260,0
3779,1260,1
3780,1260,2
3781,1261,0
3782,1261,1
3783,1261,2
3784,1262,0
3785,1262,1
3786,1262,2
3787,1263,0
3788,1263,1
3789,1263,2
3790,1264,0
3791,1264,1
3792,1264,2
3793,1265,0
3794,1265,1
3795,1265,2
3796,1266,0
3797,1266,1
3798,1266,2
3799,1267,0
3800,1267,1
3801,1267,2
3802,1268,0
3803,1268,1
3804,1268,2
3805,1269,0
3806,1269,1
3807,1269,2
3808,1270,0
3809,1270,1
3810,1270,2
3811,1271,0
3812,1271,1
3813,1271,2
3814,1272,0
3815,1272,1
3816,1272,2
3817,1273,0
3818,1273,1
3819,1273,2
3820,1274,0
3821,1274,1
3822,1274,2
3823,1275,0
3824,1275,1
3825,1275,2
3826,1276,0
3827,1276,1
3828,1276,2
3829,1277,0
3830,1277,1
3831,1277,2
3832,1278,0
3833,1278,1
3834,1278,2
3835,1279,0
3836,1279,1
3837,1279,2
3838,1280,0
3839,1280,1
3840,1280,2
3841,1281,0
3842,1281,1
3843,1281,2
3844,1282,0
3845,1282,1
3846,1282,2
3847,1283,0
3848,1283,1
3849,1283,2
3850,1284,0
3851,1284,1
3852,1284,2
3853,1285,0
3854,1285,1
3855,1285,2
3856,1286,0
3857,1286,1
3858,1286,2
3859,1287,0
3860,1287,1
3861,1287,2
3862,1288,0
3863,1288,1
3864,1288,2
3865,1289,0
3866,1289,1
3867,1289,2
3868,1290,0
3869,1290,1
3870,1290,2
3871,1291,0
3872,1291,1
3873,1291,2
3874,1292,0
3875,1292,1
3876,1292,2
3877,1293,0
3878,1293,1
3879,1293,2
3880,1294,0
3881,1294,1
3882,1294,2
3883,1295,0
3884,1295,1
3885,1295,2
3886,1296,0
3887,1296,1
3888,1296,2
3889,1297,0
3890,1297,1
3891,1297,2
3892,1298,0
3893,1298,1
3894,1298,2
3895,1299,0
3896,1299,1
3897,1299,2
3898,1300,0
3899,1300,1
3900,1300,2
3901,1301,0
3902,1301,1
3903,1301,2
3904,1302,0
3905,1302,1
3906,1302,2
3907,1303,0
3908,1303,1
3909,1303,2
3910,1304,0
3911,1304,1
3912,1304,2
3913,1305,0
3914,1305,1
3915,1305,2
3916,1306,0
3917,1306,1
3918,1306,2
3919,1307,0
3920,1307,1
3921,1307,2
3922,1308,0
3923,1308,1
3924,1308,2
3925,1309,0
3926,1309,1
3927,1309,2
3928,1310,0
3929,1310,1
3930,1310,2
3931,1311,0
3932,1311,1
3933,1311,2
3934,1312,0
3935,1312,1
3936,1312,2
3937,1313,0
3938,1313,1
3939,1313,2
3940,1314,0
3941,1314,1
3942,1314,2
3943,1315,0
3944,1315,1
3945,1315,2
3946,1316,0
3947,1316,1
3948,1316,2
3949,1317,0
3950,1317,1
3951,1317,2
3952,1318,0
3953,1318,1
3954,1318,2
3955,1319,0
3956,1319,1
3957,1319,2
3958,1320,0
3959,1320,1
3960,1320,2
3961,1321,0
3962,1321,1
3963,1321,2
3964,1322,0
3965,1322,1
3966,1322,2
3967,1323,0
3968,1323,1
3969,1323,2
3970,1324,0
3971,1324,1
3972,1324,2
3973,1325,0
3974,1325,1
3975,1325,2
3976,1326,0
3977,1326,1
3978,1326,2
3979,1327,0
3980,1327,1
3981,1327,2
3982,1328,0
3983,1328,1
3984,1328,2
3985,1329,0
3986,1329,1
3987,1329,2
3988,1330,0
3989,1330,1
3990,1330,2
3991,1331,0
3992,1331,1
3993,1331,2
3994,1332,0
3995,1332,1
3996,1332,2
3997,1333,0
3998,1333,1
3999,1333,2
4000,1334,0
4001,1334,1
4002,1334,2
4003,1335,0
4004,1335,1
4005,1335,2
4006,1336,0
4007,1336,1
4008,1336,2
4009,1337,0
4010,1337,1
4011,1337,2
4012,1338,0
4013,1338,1
4014,1338,2
4015,1339,0
4016,1339,1
4017,1339,2
4018,1340,0
4019,1340,1
4020,1340,2
4021,1341,0
4022,1341,1
4023,1341,2
4024,1342,0
4025,1342,1
4026,1342,2
4027,1343,0
4028,1343,1
4029,1343,2
4030,1344,0
4031,1344,1
4032,1344,2
4033,1345,0
4034,1345,1
4035,1345,2
4036,1346,0
4037,1346,1
4038,1346,2
4039,1347,0
4040,1347,1
4041,1347,2
4042,1348,0
4043,1348,1
4044,1348,2
4045,1349,0
4046,1349,1
4047,1349,2
4048,1350,0
4049,1350,1
4050,1350,2
4051,1351,0
4052,1351,1
4053,1351,2
4054,1352,0
4055,1352,1
4056,1352,2
4057,1353,0
4058,1353,1
4059,1353,2
4060,1354,0
4061,1354,1
4062,1354,2
4063,1355,0
4064,1355,1
4065,1355,2
4066,1356,0
4067,1356,1
4068,1356,2
4069,1357,0
4070,1357,1
4071,1357,2
4072,1358,0
4073,1358,1
4074,1358,2
4075,1359,0
4076,1359,1
4077,1359,2
4078,1360,0
4079,1360,1
4080,1360,2
4081,1361,0
4082,1361,1
4083,1361,2
4084,1362,0
4085,1362,1
4086,1362,2
4087,1363,0
4088,1363,1
4089,1363,2
4090,1364,0
4091,1364,1
4092,1364,2
4093,1365,0
4094,1365,1
4095,1365,2
4096,1366,0
4097,1366,1
4098,1366,2
4099,1367,0
4100,1367,1
4101,1367,2
4102,1368,0
4103,1368,1
4104,1368,2
4105,1369,0
4106,1369,1
4107,1369,2
4108,1370,0
4109,1370,1
4110,1370,2
4111,1371,0
4112,1371,1
4113,1371,2
4114,1372,0
4115,1372,1
4116,1372,2
4117,1373,0
4118,1373,1
4119,1373,2
4120,1374,0
4121,1374,1
4122,1374,2
4123,1375,0
4124,1375,1
4125,1375,2
4126,1376,0
4127,1376,1
4128,1376,2
4129,1377,0
4130,1377,1
4131,1377,2
4132,1378,0
4133,1378,1
4134,1378,2
4135,1379,0
4136,1379,1
4137,1379,2
4138,1380,0
4139,1380,1
4140,1380,2
4141,1381,0
4142,1381,1
4143,1381,2
4144,1382,0
4145,1382,1
4146,1382,2
4147,1383,0
4148,1383,1
4149,1383,2
4150,1384,0
4151,1384,1
4152,1384,2
4153,1385,0
4154,1385,1
4155,1385,2
4156,1386,0
4157,1386,1
4158,1386,2
4159,1387,0
4160,1387,1
4161,1387,2
4162,1388,0
4163,1388,1
4164,1388,2
4165,1389,0
4166,1389,1
4167,1389,2
4168,1390,0
4169,1390,1
4170,1390,2
4171,1391,0
4172,1391,1
4173,1391,2
4174,1392,0
4175,1392,1
4176,1392,2
4177,1393,0
4178,1393,1
4179,1393,2
4180,1394,0
4181,1394,1
4182,1394,2
4183,1395,0
4184,1395,1
4185,1395,2
4186,1396,0
4187,1396,1
4188,1396,2
4189,1397,0
4190,1397,1
4191,1397,2
4192,1398,0
4193,1398,1
4194,1398,2
4195,1399,0
4196,1399,1
4197,1399,2
4198,1400,0
4199,1400,1
4200,1400,2
4201,1401,0
4202,1401,1
4203,1401,2
4204,1402,0
4205,1402,1
4206,1402,2
4207,1403,0
4208,1403,1
4209,1403,2
4210,1404,0
4211,1404,1
4212,1404,2
4213,1405,0
4214,1405,1
4215,1405,2
4216,1406,0
4217,1406,1
4218,1406,2
4219,1407,0
4220,1407,1
4221,1407,2
4222,1408,0
4223,1408,1
4224,1408,2
4225,1409,0
4226,1409,1
4227,1409,2
4228,1410,0
4229,1410,1
4230,1410,2
4231,1411,0
4232,1411,1
4233,1411,2
4234,1412,0
4235,1412,1
4236,1412,2
4237,1413,0
4238,1413,1
4239,1413,2
4240,1414,0
4241,1414,1
4242,1414,2
4243,1415,0
4244,1415,1
4245,1415,2
4246,1416,0
4247,1416,1
4248,1416,2
4249,1417,0
4250,1417,1
4251,1417,2
4252,1418,0
4253,1418,1
4254,1418,2
4255,1419,0
4256,1419,1
4257,1419,2
4258,1420,0
4259,1420,1
4260,1420,2
4261,1421,0
4262,1421,1
4263,1421,2
4264,1422,0
4265,1422,1
4266,1422,2
4267,1423,0
4268,1423,1
4269,1423,2
4270,1424,0
4271,1424,1
4272,1424,2
4273,1425,0
4274,1425,1
4275,1425,2
4276,1426,0
4277,1426,1
4278,1426,2
4279,1427,0
4280,1427,1
4281,1427,2
4282,1428,0
4283,1428,1
4284,1428,2
4285,1429,0
4286,1429,1
4287,1429,2
4288,1430,0
4289,1430,1
4290,1430,2
4291,1431,0
4292,1431,1
4293,1431,2
4294,1432,0
4295,1432,1
4296,1432,2
4297,1433,0
4298,1433,1
4299,1433,2
4300,1434,0
4301,1434,1
4302,1434,2
4303,1435,0
4304,1435,1
4305,1435,2
4306,1436,0
4307,1436,1
4308,1436,2
4309,1437,0
4310,1437,1
4311,1437,2
4312,1438,0
4313,1438,1
4314,1438,2
4315,1439,0
4316,1439,1
4317,1439,2
4318,1440,0
4319,1440,1
4320,1440,2
4321,1441,0
4322,1441,1
4323,1441,2
4324,1442,0
4325,1442,1
4326,1442,2
4327,1443,0
4328,1443,1
4329,1443,2
4330,1444,0
4331,1444,1
4332,1444,2
4333,1445,0
4334,1445,1
4335,1445,2
4336,1446,0
4337,1446,1
4338,1446,2
4339,1447,0
4340,1447,1
4341,1447,2
4342,1448,0
4343,1448,1
4344,1448,2
4345,1449,0
4346,1449,1
4347,1449,2
4348,1450,0
4349,1450,1
4350,1450,2
4351,1451,0
4352,1451,1
4353,1451,2
4354,1452,0
4355,1452,1
4356,1452,2
4357,1453,0
4358,1453,1
4359,1453,2
4360,1454,0
4361,1454,1
4362,1454,2
4363,1455,0
4364,1455,1
4365,1455,2
4366,1456,0
4367,1456,1
4368,1456,2
4369,1457,0
4370,1457,1
4371,1457,2
4372,1458,0
4373,1458,1
4374,1458,2
4375,1459,0
4376,1459,1
4377,1459,2
4378,1460,0
4379,1460,1
4380,1460,2
4381,1461,0
4382,1461,1
4383,1461,2
4384,1462,0
4385,1462,1
4386,1462,2
4387,1463,0
4388,1463,1
4389,1463,2
4390,1464,0
4391,1464,1
4392,1464,2
4393,1465,0
4394,1465,1
4395,1465,2
4396,1466,0
4397,1466,1
4398,1466,2
4399,1467,0
4400,1467,1
4401,1467,2
4402,1468,0
4403,1468,1
4404,1468,2
4405,1469,0
4406,1469,1
4407,1469,2
4408,1470,0
4409,1470,1
4410,1470,2
4411,1471,0
4412,1471,1
4413,1471,2
4414,1472,0
4415,1472,1
4416,1472,2
4417,1473,0
4418,1473,1
4419,1473,2
4420,1474,0
4421,1474,1
4422,1474,2
4423,1475,0
4424,1475,1
4425,1475,2
4426,1476,0
4427,1476,1
4428,1476,2
4429,1477,0
4430,1477,1
4431,1477,2
4432,1478,0
4433,1478,1
4434,1478,2
4435,1479,0
4436,1479,1
4437,1479,2
4438,1480,0
4439,1480,1
4440,1480,2
4441,1481,0
4442,1481,1
4443,1481,2
4444,1482,0
4445,1482,1
4446,1482,2
4447,1483,0
4448,1483,1
4449,1483,2
4450,1484,0
4451,1484,1
4452,1484,2
4453,1485,0
4454,1485,1
4455,1485,2
4456,1486,0
4457,1486,1
4458,1486,2
4459,1487,0
4460,1487,1
4461,1487,2
4462,1488,0
4463,1488,1
4464,1488,2
4465,1489,0
4466,1489,1
4467,1489,2
4468,1490,0
4469,1490,1
4470,1490,2
4471,1491,0
4472,1491,1
4473,1491,2
4474,1492,0
4475,1492,1
4476,1492,2
4477,1493,0
4478,1493,1
4479,1493,2
4480,1494,0
4481,1494,1
4482,1494,2
4483,1495,0
4484,1495,1
4485,1495,2
4486,1496,0
4487,1496,1
4488,1496,2
4489,1497,0
4490,1497,1
4491,1497,2
4492,1498,0
4493,1498,1
4494,1498,2
4495,1499,0
4496,1499,1
4497,1499,2
4498,1500,0
4499,1500,1
4500,1500,2
4501,1501,0
4502,1501,1
4503,1501,2
4504,1502,0
4505,1502,1
4506,1502,2
4507,1503,0
4508,1503,1
4509,1503,2
4510,1504,0
4511,1504,1
4512,1504,2
4513,1505,0
4514,1505,1
4515,1505,2
4516,1506,0
4517,1506,1
4518,1506,2
4519,1507,0
4520,1507,1
4521,1507,2
4522,1508,0
4523,1508,1
4524,1508,2
4525,1509,0
4526,1509,1
4527,1509,2
4528,1510,0
4529,1510,1
4530,1510,2
4531,1511,0
4532,1511,1
4533,1511,2
4534,1512,0
4535,1512,1
4536,1512,2
4537,1513,0
4538,1513,1
4539,1513,2
4540,1514,0
4541,1514,1
4542,1514,2
4543,1515,0
4544,1515,1
4545,1515,2
4546,1516,0
4547,1516,1
4548,1516,2
4549,1517,0
4550,1517,1
4551,1517,2
4552,1518,0
4553,1518,1
4554,1518,2
4555,1519,0
4556,1519,1
4557,1519,2
4558,1520,0
4559,1520,1
4560,1520,2
4561,1521,0
4562,1521,1
4563,1521,2
4564,1522,0
4565,1522,1
4566,1522,2
4567,1523,0
4568,1523,1
4569,1523,2
4570,1524,0
4571,1524,1
4572,1524,2
4573,1525,0
4574,1525,1
4575,1525,2
4576,1526,0
4577,1526,1
4578,1526,2
4579,1527,0
4580,1527,1
4581,1527,2
4582,1528,0
4583,1528,1
4584,1528,2
4585,1529,0
4586,1529,1
4587,1529,2
4588,1530,0
4589,1530,1
4590,1530,2
4591,1531,0
4592,1531,1
4593,1531,2
4594,1532,0
4595,1532,1
4596,1532,2
4597,1533,0
4598,1533,1
4599,1533,2
4600,1534,0
4601,1534,1
4602,1534,2
4603,1535,0
4604,1535,1
4605,1535,2
4606,1536,0
4607,1536,1
4608,1536,2
4609,1537,0
4610,1537,1
4611,1537,2
4612,1538,0
4613,1538,1
4614,1538,2
4615,1539,0
4616,1539,1
4617,1539,2
4618,1540,0
4619,1540,1
4620,1540,2
4621,1541,0
4622,1541,1
4623,1541,2
4624,1542,0
4625,1542,1
4626,1542,2
4627,1543,0
4628,1543,1
4629,1543,2
4630,1544,0
4631,1544,1
4632,1544,2
4633,1545,0
4634,1545,1
4635,1545,2
4636,1546,0
4637,1546,1
4638,1546,2
4639,1547,0
4640,1547,1
4641,1547,2
4642,1548,0
4643,1548,1
4644,1548,2
4645,1549,0
4646,1549,1
4647,1549,2
4648,1550,0
4649,1550,1
4650,1550,2
4651,1551,0
4652,1551,1
4653,1551,2
4654,1552,0
4655,1552,1
4656,1552,2
4657,1553,0
4658,1553,1
4659,1553,2
4660,1554,0
4661,1554,1
4662,1554,2
4663,1555,0
4664,1555,1
4665,1555,2
4666,1556,0
4667,1556,1
4668,1556,2
4669,1557,0
4670,1557,1
4671,1557,2
4672,1558,0
4673,1558,1
4674,1558,2
4675,1559,0
4676,1559,1
4677,1559,2
4678,1560,0
4679,1560,1
4680,1560,2
4681,1561,0
4682,1561,1
4683,1561,2
4684,1562,0
4685,1562,1
4686,1562,2
4687,1563,0
4688,1563,1
4689,1563,2
4690,1564,0
4691,1564,1
4692,1564,2
4693,1565,0
4694,1565,1
4695,1565,2
4696,1566,0
4697,1566,1
4698,1566,2
4699,1567,0
4700,1567,1
4701,1567,2
4702,1568,0
4703,1568,1
4704,1568,2
4705,1569,0
4706,1569,1
4707,1569,2
4708,1570,0
4709,1570,1
4710,1570,2
4711,1571,0
4712,1571,1
4713,1571,2
4714,1572,0
4715,1572,1
4716,1572,2
4717,1573,0
4718,1573,1
4719,1573,2
4720,1574,0
4721,1574,1
4722,1574,2
4723,1575,0
4724,1575,1
4725,1575,2
4726,1576,0
4727,1576,1
4728,1576,2
4729,1577,0
4730,1577,1
4731,1577,2
4732,1578,0
4733,1578,1
4734,1578,2
4735,1579,0
4736,1579,1
4737,1579,2
4738,1580,0
4739,1580,1
4740,1580,2
4741,1581,0
4742,1581,1
4743,1581,2
4744,1582,0
4745,1582,1
4746,1582,2
4747,1583,0
4748,1583,1
4749,1583,2
4750,1584,0
4751,1584,1
4752,1584,2
4753,1585,0
4754,1585,1
4755,1585,2
4756,1586,0
4757,1586,1
4758,1586,2
4759,1587,0
4760,1587,1
4761,1587,2
4762,1588,0
4763,1588,1
4764,1588,2
4765,1589,0
4766,1589,1
4767,1589,2
4768,1590,0
4769,1590,1
4770,1590,2
4771,1591,0
4772,1591,1
4773,1591,2
4774,1592,0
4775,1592,1
4776,1592,2
4777,1593,0
4778,1593,1
4779,1593,2
4780,1594,0
4781,1594,1
4782,1594,2
4783,1595,0
4784,1595,1
4785,1595,2
4786,1596,0
4787,1596,1
4788,1596,2
4789,1597,0
4790,1597,1
4791,1597,2
4792,1598,0
4793,1598,1
4794,1598,2
4795,1599,0
4796,1599,1
4797,1599,2
4798,1600,0
4799,1600,1
4800,1600,2
4801,1601,0
4802,1601,1
4803,1601,2
4804,1602,0
4805,1602,1
4806,1602,2
4807,1603,0
4808,1603,1
4809,1603,2
4810,1604,0
4811,1604,1
4812,1604,2
4813,1605,0
4814,1605,1
4815,1605,2
4816,1606,0
4817,1606,1
4818,1606,2
4819,1607,0
4820,1607,1
4821,1607,2
4822,1608,0
4823,1608,1
4824,1608,2
4825,1609,0
4826,1609,1
4827,1609,2
4828,1610,0
4829,1610,1
4830,1610,2
4831,1611,0
4832,1611,1
4833,1611,2
4834,1612,0
4835,1612,1
4836,1612,2
4837,1613,0
4838,1613,1
4839,1613,2
4840,1614,0
4841,1614,1
4842,1614,2
4843,1615,0
4844,1615,1
4845,1615,2
4846,1616,0
4847,1616,1
4848,1616,2
4849,1617,0
4850,1617,1
4851,1617,2
4852,1618,0
4853,1618,1
4854,1618,2
4855,1619,0
4856,1619,1
4857,1619,2
4858,1620,0
4859,1620,1
4860,1620,2
4861,1621,0
4862,1621,1
4863,1621,2
4864,1622,0
4865,1622,1
4866,1622,2
4867,1623,0
4868,1623,1
4869,1623,2
4870,1624,0
4871,1624,1
4872,1624,2
4873,1625,0
4874,1625,1
4875,1625,2
4876,1626,0
4877,1626,1
4878,1626,2
4879,1627,0
4880,1627,1
4881,1627,2
4882,1628,0
4883,1628,1
4884,1628,2
4885,1629,0
4886,1629,1
4887,1629,2
4888,1630,0
4889,1630,1
4890,1630,2
4891,1631,0
4892,1631,1
4893,1631,2
4894,1632,0
4895,1632,1
4896,1632,2
4897,1633,0
4898,1633,1
4899,1633,2
4900,1634,0
4901,1634,1
4902,1634,2
4903,1635,0
4904,1635,1
4905,1635,2
4906,1636,0
4907,1636,1
4908,1636,2
4909,1637,0
4910,1637,1
4911,1637,2
4912,1638,0
4913,1638,1
4914,1638,2
4915,1639,0
4916,1639,1
4917,1639,2
4918,1640,0
4919,1640,1
4920,1640,2
4921,1641,0
4922,1641,1
4923,1641,2
4924,1642,0
4925,1642,1
4926,1642,2
4927,1643,0
4928,1643,1
4929,1643,2
4930,1644,0
4931,1644,1
4932,1644,2
4933,1645,0
4934,1645,1
4935,1645,2
4936,1646,0
4937,1646,1
4938,1646,2
4939,1647,0
4940,1647,1
4941,1647,2
4942,1648,0
4943,1648,1
4944,1648,2
4945,1649,0
4946,1649,1
4947,1649,2
4948,1650,0
4949,1650,1
4950,1650,2
4951,1651,0
4952,1651,1
4953,1651,2
4954,1652,0
4955,1652,1
4956,1652,2
4957,1653,0
4958,1653,1
4959,1653,2
4960,1654,0
4961,1654,1
4962,1654,2
4963,1655,0
4964,1655,1
4965,1655,2
4966,1656,0
4967,1656,1
4968,1656,2
4969,1657,0
4970,1657,1
4971,1657,2
4972,1658,0
4973,1658,1
4974,1658,2
4975,1659,0
4976,1659,1
4977,1659,2
4978,1660,0
4979,1660,1
4980,1660,2
4981,1661,0
4982,1661,1
4983,1661,2
4984,1662,0
4985,1662,1
4986,1662,2
4987,1663,0
4988,1663,1
4989,1663,2
4990,1664,0
4991,1664,1
4992,1664,2
4993,1665,0
4994,1665,1
4995,1665,2
4996,1666,0
4997,1666,1
4998,1666,2
4999,1667,0
5000,1667,1
5001,1667,2
5002,1668,0
5003,1668,1
5004,1668,2
5005,1669,0
5006,1669,1
5007,1669,2
5008,1670,0
5009,1670,1
5010,1670,2
5011,1671,0
5012,1671,1
5013,1671,2
5014,1672,0
5015,1672,1
5016,1672,2
5017,1673,0
5018,1673,1
5019,1673,2
5020,1674,0
5021,1674,1
5022,1674,2
5023,1675,0
5024,1675,1
5025,1675,2
5026,1676,0
5027,1676,1
5028,1676,2
5029,1677,0
5030,1677,1
5031,1677,2
5032,1678,0
5033,1678,1
5034,1678,2
5035,1679,0
5036,1679,1
5037,1679,2
5038,1680,0
5039,1680,1
5040,1680,2
5041,1681,0
5042,1681,1
5043,1681,2
5044,1682,0
5045,1682,1
5046,1682,2
5047,1683,0
5048,1683,1
5049,1683,2
5050,1684,0
5051,1684,1
5052,1684,2
5053,1685,0
5054,1685,1
5055,1685,2
5056,1686,0
5057,1686,1
5058,1686,2
5059,1687,0
5060,1687,1
5061,1687,2
5062,1688,0
5063,1688,1
5064,1688,2
5065,1689,0
5066,1689,1
5067,1689,2
5068,1690,0
5069,1690,1
5070,1690,2
5071,1691,0
5072,1691,1
5073,1691,2
5074,1692,0
5075,1692,1
5076,1692,2
5077,1693,0
5078,1693,1
5079,1693,2
5080,1694,0
5081,1694,1
5082,1694,2
5083,1695,0
5084,1695,1
5085,1695,2
5086,1696,0
5087,1696,1
5088,1696,2
5089,1697,0
5090,1697,1
5091,1697,2
5092,1698,0
5093,1698,1
5094,1698,2
5095,1699,0
5096,1699,1
5097,1699,2
5098,1700,0
5099,1700,1
5100,1700,2
5101,1701,0
5102,1701,1
5103,1701,2
5104,1702,0
5105,1702,1
5106,1702,2
5107,1703,0
5108,1703,1
5109,1703,2
5110,1704,0
5111,1704,1
5112,1704,2
5113,1705,0
5114,1705,1
5115,1705,2
5116,1706,0
5117,1706,1
5118,1706,2
5119,1707,0
5120,1707,1
5121,1707,2
5122,1708,0
5123,1708,1
5124,1708,2
5125,1709,0
5126,1709,1
5127,1709,2
5128,1710,0
5129,1710,1
5130,1710,2
5131,1711,0
5132,1711,1
5133,1711,2
5134,1712,0
5135,1712,1
5136,1712,2
5137,1713,0
5138,1713,1
5139,1713,2
5140,1714,0
5141,1714,1
5142,1714,2
5143,1715,0
5144,1715,1
5145,1715,2
5146,1716,0
5147,1716,1
5148,1716,2
5149,1717,0
5150,1717,1
5151,1717,2
5152,1718,0
5153,1718,1
5154,1718,2
5155,1719,0
5156,1719,1
5157,1719,2
5158,1720,0
5159,1720,1
5160,1720,2
5161,1721,0
5162,1721,1
5163,1721,2
5164,1722,0
5165,1722,1
5166,1722,2
5167,1723,0
5168,1723,1
5169,1723,2
5170,1724,0
5171,1724,1
5172,1724,2
5173,1725,0
5174,1725,1
5175,1725,2
5176,1726,0
5177,1726,1
5178,1726,2
5179,1727,0
5180,1727,1
5181,1727,2
5182,1728,0
5183,1728,1
5184,1728,2
5185,1729,0
5186,1729,1
5187,1729,2
5188,1730,0
5189,1730,1
5190,1730,2
5191,1731,0
5192,1731,1
5193,1731,2
5194,1732,0
5195,1732,1
5196,1732,2
5197,1733,0
5198,1733,1
5199,1733,2
5200,1734,0
5201,1734,1
5202,1734,2
5203,1735,0
5204,1735,1
5205,1735,2
5206,1736,0
5207,1736,1
5208,1736,2
5209,1737,0
5210,1737,1
5211,1737,2
5212,1738,0
5213,1738,1
5214,1738,2
5215,1739,0
5216,1739,1
5217,1739,2
5218,1740,0
5219,1740,1
5220,1740,2
5221,1741,0
5222,1741,1
5223,1741,2
5224,1742,0
5225,1742,1
5226,1742,2
5227,1743,0
5228,1743,1
5229,1743,2
5230,1744,0
5231,1744,1
5232,1744,2
5233,1745,0
5234,1745,1
5235,1745,2
5236,1746,0
5237,1746,1
5238,1746,2
5239,1747,0
5240,1747,1
5241,1747,2
5242,1748,0
5243,1748,1
5244,1748,2
5245,1749,0
5246,1749,1
5247,1749,2
5248,1750,0
5249,1750,1
5250,1750,2
5251,1751,0
5252,1751,1
5253,1751,2
5254,1752,0
5255,1752,1
5256,1752,2
5257,1753,0
5258,1753,1
5259,1753,2
5260,1754,0
5261,1754,1
5262,1754,2
5263,1755,0
5264,1755,1
5265,1755,2
5266,1756,0
5267,1756,1
5268,1756,2
5269,1757,0
5270,1757,1
5271,1757,2
5272,1758,0
5273,1758,1
5274,1758,2
5275,1759,0
5276,1759,1
5277,1759,2
5278,1760,0
5279,1760,1
5280,1760,2
5281,1761,0
5282,1761,1
5283,1761,2
5284,1762,0
5285,1762,1
5286,1762,2
5287,1763,0
5288,1763,1
5289,1763,2
5290,1764,0
5291,1764,1
5292,1764,2
5293,1765,0
5294,1765,1
5295,1765,2
5296,1766,0
5297,1766,1
5298,1766,2
5299,1767,0
5300,1767,1
5301,1767,2
5302,1768,0
5303,1768,1
5304,1768,2
5305,1769,0
5306,1769,1
5307,1769,2
5308,1770,0
5309,1770,1
5310,1770,2
5311,1771,0
5312,1771,1
5313,1771,2
5314,1772,0
5315,1772,1
5316,1772,2
5317,1773,0
5318,1773,1
5319,1773,2
5320,1774,0
5321,1774,1
5322,1774,2
5323,1775,0
5324,1775,1
5325,1775,2
5326,1776,0
5327,1776,1
5328,1776,2
5329,1777,0
5330,1777,1
5331,1777,2
5332,1778,0
5333,1778,1
5334,1778,2
5335,1779,0
5336,1779,1
5337,1779,2
5338,1780,0
5339,1780,1
5340,1780,2
5341,1781,0
5342,1781,1
5343,1781,2
5344,1782,0
5345,1782,1
5346,1782,2
5347,1783,0
5348,1783,1
5349,1783,2
5350,1784,0
5351,1784,1
5352,1784,2
5353,1785,0
5354,1785,1
5355,1785,2
5356,1786,0
5357,1786,1
5358,1786,2
5359,1787,0
5360,1787,1
5361,1787,2
5362,1788,0
5363,1788,1
5364,1788,2
5365,1789,0
5366,1789,1
5367,1789,2
5368,1790,0
5369,1790,1
5370,1790,2
5371,1791,0
5372,1791,1
5373,1791,2
5374,1792,0
5375,1792,1
5376,1792,2
5377,1793,0
5378,1793,1
5379,1793,2
5380,1794,0
5381,1794,1
5382,1794,2
5383,1795,0
5384,1795,1
5385,1795,2
5386,1796,0
5387,1796,1
5388,1796,2
5389,1797,0
5390,1797,1
5391,1797,2
5392,1798,0
5393,1798,1
5394,1798,2
5395,1799,0
5396,1799,1
5397,1799,2
5398,1800,0
5399,1800,1
5400,1800,2
5401,1801,0
5402,1801,1
5403,1801,2
5404,1802,0
5405,1802,1
5406,1802,2
5407,1803,0
5408,1803,1
5409,1803,2
5410,1804,0
5411,1804,1
5412,1804,2
5413,1805,0
5414,1805,1
5415,1805,2
5416,1806,0
5417,1806,1
5418,1806,2
5419,1807,0
5420,1807,1
5421,1807,2
5422,1808,0
5423,1808,1
5424,1808,2
5425,1809,0
5426,1809,1
5427,1809,2
5428,1810,0
5429,1810,1
5430,1810,2
5431,1811,0
5432,1811,1
5433,1811,2
5434,1812,0
5435,1812,1
5436,1812,2
5437,1813,0
5438,1813,1
5439,1813,2
5440,1814,0
5441,1814,1
5442,1814,2
5443,1815,0
5444,1815,1
5445,1815,2
5446,1816,0
5447,1816,1
5448,1816,2
5449,1817,0
5450,1817,1
5451,1817,2
5452,1818,0
5453,1818,1
5454,1818,2
5455,1819,0
5456,1819,1
5457,1819,2
5458,1820,0
5459,1820,1
5460,1820,2
5461,1821,0
5462,1821,1
5463,1821,2
5464,1822,0
5465,1822,1
5466,1822,2
5467,1823,0
5468,1823,1
5469,1823,2
5470,1824,0
5471,1824,1
5472,1824,2
5473,1825,0
5474,1825,1
5475,1825,2
5476,1826,0
5477,1826,1
5478,1826,2
5479,1827,0
5480,1827,1
5481,1827,2
5482,1828,0
5483,1828,1
5484,1828,2
5485,1829,0
5486,1829,1
5487,1829,2
5488,1830,0
5489,1830,1
5490,1830,2
5491,1831,0
5492,1831,1
5493,1831,2
5494,1832,0
5495,1832,1
5496,1832,2
5497,1833,0
5498,1833,1
5499,1833,2
5500,1834,0
5501,1834,1
5502,1834,2
5503,1835,0
5504,1835,1
5505,1835,2
5506,1836,0
5507,1836,1
5508,1836,2
5509,1837,0
5510,1837,1
5511,1837,2
5512,1838,0
5513,1838,1
5514,1838,2
5515,1839,0
5516,1839,1
5517,1839,2
5518,1840,0
5519,1840,1
5520,1840,2
5521,1841,0
5522,1841,1
5523,1841,2
5524,1842,0
5525,1842,1
5526,1842,2
5527,1843,0
5528,1843,1
5529,1843,2
5530,1844,0
5531,1844,1
5532,1844,2
5533,1845,0
5534,1845,1
5535,1845,2
5536,1846,0
5537,1846,1
5538,1846,2
5539,1847,0
5540,1847,1
5541,1847,2
5542,1848,0
5543,1848,1
5544,1848,2
5545,1849,0
5546,1849,1
5547,1849,2
5548,1850,0
5549,1850,1
5550,1850,2
5551,1851,0
5552,1851,1
5553,1851,2
5554,1852,0
5555,1852,1
5556,1852,2
5557,1853,0
5558,1853,1
5559,1853,2
5560,1854,0
5561,1854,1
5562,1854,2
5563,1855,0
5564,1855,1
5565,1855,2
5566,1856,0
5567,1856,1
5568,1856,2
5569,1857,0
5570,1857,1
5571,1857,2
5572,1858,0
5573,1858,1
5574,1858,2
5575,1859,0
5576,1859,1
5577,1859,2
5578,1860,0
5579,1860,1
5580,1860,2
5581,1861,0
5582,1861,1
5583,1861,2
5584,1862,0
5585,1862,1
5586,1862,2
5587,1863,0
5588,1863,1
5589,1863,2
5590,1864,0
5591,1864,1
5592,1864,2
5593,1865,0
5594,1865,1
5595,1865,2
5596,1866,0
5597,1866,1
5598,1866,2
5599,1867,0
5600,1867,1
5601,1867,2
5602,1868,0
5603,1868,1
5604,1868,2
5605,1869,0
5606,1869,1
5607,1869,2
5608,1870,0
5609,1870,1
5610,1870,2
5611,1871,0
5612,1871,1
5613,1871,2
5614,1872,0
5615,1872,1
5616,1872,2
5617,1873,0
5618,1873,1
5619,1873,2
5620,1874,0
5621,1874,1
5622,1874,2
5623,1875,0
5624,1875,1
5625,1875,2
5626,1876,0
5627,1876,1
5628,1876,2
5629,1877,0
5630,1877,1
5631,1877,2
5632,1878,0
5633,1878,1
5634,1878,2
5635,1879,0
5636,1879,1
5637,1879,2
5638,1880,0
5639,1880,1
5640,1880,2
5641,1881,0
5642,1881,1
5643,1881,2
5644,1882,0
5645,1882,1
5646,1882,2
5647,1883,0
5648,1883,1
5649,1883,2
5650,1884,0
5651,1884,1
5652,1884,2
5653,1885,0
5654,1885,1
5655,1885,2
5656,1886,0
5657,1886,1
5658,1886,2
5659,1887,0
5660,1887,1
5661,1887,2
5662,1888,0
5663,1888,1
5664,1888,2
5665,1889,0
5666,1889,1
5667,1889,2
5668,1890,0
5669,1890,1
5670,1890,2
5671,1891,0
5672,1891,1
5673,1891,2
5674,1892,0
5675,1892,1
5676,1892,2
5677,1893,0
5678,1893,1
5679,1893,2
5680,1894,0
5681,1894,1
5682,1894,2
5683,1895,0
5684,1895,1
5685,1895,2
5686,1896,0
5687,1896,1
5688,1896,2
5689,1897,0
5690,1897,1
5691,1897,2
5692,1898,0
5693,1898,1
5694,1898,2
5695,1899,0
5696,1899,1
5697,1899,2
5698,1900,0
5699,1900,1
5700,1900,2
5701,1901,0
5702,1901,1
5703,1901,2
5704,1902,0
5705,1902,1
5706,1902,2
5707,1903,0
5708,1903,1
5709,1903,2
5710,1904,0
5711,1904,1
5712,1904,2
5713,1905,0
5714,1905,1
5715,1905,2
5716,1906,0
5717,1906,1
5718,1906,2
5719,1907,0
5720,1907,1
5721,1907,2
5722,1908,0
5723,1908,1
5724,1908,2
5725,1909,0
5726,1909,1
5727,1909,2
5728,1910,0
5729,1910,1
5730,1910,2
5731,1911,0
5732,1911,1
5733,1911,2
5734,1912,0
5735,1912,1
5736,1912,2
5737,1913,0
5738,1913,1
5739,1913,2
5740,1914,0
5741,1914,1
5742,1914,2
5743,1915,0
5744,1915,1
5745,1915,2
5746,1916,0
5747,1916,1
5748,1916,2
5749,1917,0
5750,1917,1
5751,1917,2
5752,1918,0
5753,1918,1
5754,1918,2
5755,1919,0
5756,1919,1
5757,1919,2
5758,1920,0
5759,1920,1
5760,1920,2
5761,1921,0
5762,1921,1
5763,1921,2
5764,1922,0
5765,1922,1
5766,1922,2
5767,1923,0
5768,1923,1
5769,1923,2
5770,1924,0
5771,1924,1
5772,1924,2
5773,1925,0
5774,1925,1
5775,1925,2
5776,1926,0
5777,1926,1
5778,1926,2
5779,1927,0
5780,1927,1
5781,1927,2
5782,1928,0
5783,1928,1
5784,1928,2
5785,1929,0
5786,1929,1
5787,1929,2
5788,1930,0
5789,1930,1
5790,1930,2
5791,1931,0
5792,1931,1
5793,1931,2
5794,1932,0
5795,1932,1
5796,1932,2
5797,1933,0
5798,1933,1
5799,1933,2
5800,1934,0
5801,1934,1
5802,1934,2
5803,1935,0
5804,1935,1
5805,1935,2
5806,1936,0
5807,1936,1
5808,1936,2
5809,1937,0
5810,1937,1
5811,1937,2
5812,1938,0
5813,1938,1
5814,1938,2
5815,1939,0
5816,1939,1
5817,1939,2
5818,1940,0
5819,1940,1
5820,1940,2
5821,1941,0
5822,1941,1
5823,1941,2
5824,1942,0
5825,1942,1
5826,1942,2
5827,1943,0
5828,1943,1
5829,1943,2
5830,1944,0
5831,1944,1
5832,1944,2
5833,1945,0
5834,1945,1
5835,1945,2
5836,1946,0
5837,1946,1
5838,1946,2
5839,1947,0
5840,1947,1
5841,1947,2
5842,1948,0
5843,1948,1
5844,1948,2
5845,1949,0
5846,1949,1
5847,1949,2
5848,1950,0
5849,1950,1
5850,1950,2
5851,1951,0
5852,1951,1
5853,1951,2
5854,1952,0
5855,1952,1
5856,1952,2
5857,1953,0
5858,1953,1
5859,1953,2
5860,1954,0
5861,1954,1
5862,1954,2
5863,1955,0
5864,1955,1
5865,1955,2
5866,1956,0
5867,1956,1
5868,1956,2
5869,1957,0
5870,1957,1
5871,1957,2
5872,1958,0
5873,1958,1
5874,1958,2
5875,1959,0
5876,1959,1
5877,1959,2
5878,1960,0
5879,1960,1
5880,1960,2
5881,1961,0
5882,1961,1
5883,1961,2
5884,1962,0
5885,1962,1
5886,1962,2
5887,1963,0
5888,1963,1
5889,1963,2
5890,1964,0
5891,1964,1
5892,1964,2
5893,1965,0
5894,1965,1
5895,1965,2
5896,1966,0
5897,1966,1
5898,1966,2
5899,1967,0
5900,1967,1
5901,1967,2
5902,1968,0
5903,1968,1
5904,1968,2
5905,1969,0
5906,1969,1
5907,1969,2
5908,1970,0
5909,1970,1
5910,1970,2
5911,1971,0
5912,1971,1
5913,1971,2
5914,1972,0
5915,1972,1
5916,1972,2
5917,1973,0
5918,1973,1
5919,1973,2
5920,1974,0
5921,1974,1
5922,1974,2
5923,1975,0
5924,1975,1
5925,1975,2
5926,1976,0
5927,1976,1
5928,1976,2
5929,1977,0
5930,1977,1
5931,1977,2
5932,1978,0
5933,1978,1
5934,1978,2
5935,1979,0
5936,1979,1
5937,1979,2
5938,1980,0
5939,1980,1
5940,1980,2
5941,1981,0
5942,1981,1
5943,1981,2
5944,1982,0
5945,1982,1
5946,1982,2
5947,1983,0
5948,1983,1
5949,1983,2
5950,1984,0
5951,1984,1
5952,1984,2
5953,1985,0
5954,1985,1
5955,1985,2
5956,1986,0
5957,1986,1
5958,1986,2
5959,1987,0
5960,1987,1
5961,1987,2
5962,1988,0
5963,1988,1
5964,1988,2
5965,1989,0
5966,1989,1
5967,1989,2
5968,1990,0
5969,1990,1
5970,1990,2
5971,1991,0
5972,1991,1
5973,1991,2
5974,1992,0
5975,1992,1
5976,1992,2
5977,1993,0
5978,1993,1
5979,1993,2
5980,1994,0
5981,1994,1
5982,1994,2
5983,1995,0
5984,1995,1
5985,1995,2
5986,1996,0
5987,1996,1
5988,1996,2
5989,1997,0
5990,1997,1
5991,1997,2
5992,1998,0
5993,1998,1
5994,1998,2
5995,1999,0
5996,1999,1
5997,1999,2
5998,2000,0
5999,2000,1
6000,2000,2
6001,2001,0
6002,2001,1
6003,2001,2
6004,2002,0
6005,2002,1
6006,2002,2
6007,2003,0
6008,2003,1
6009,2003,2
6010,2004,0
6011,2004,1
6012,2004,2
6013,2005,0
6014,2005,1
6015,2005,2
6016,2006,0
6017,2006,1
6018,2006,2
6019,2007,0
6020,2007,1
6021,2007,2
6022,2008,0
6023,2008,1
6024,2008,2
6025,2009,0
6026,2009,1
6027,2009,2
6028,2010,0
6029,2010,1
6030,2010,2
6031,2011,0
6032,2011,1
6033,2011,2
6034,2012,0
6035,2012,1
6036,2012,2
6037,2013,0
6038,2013,1
6039,2013,2
6040,2014,0
6041,2014,1
6042,2014,2
6043,2015,0
6044,2015,1
6045,2015,2
6046,2016,0
6047,2016,1
6048,2016,2
6049,2017,0
6050,2017,1
6051,2017,2
6052,2018,0
6053,2018,1
6054,2018,2
6055,2019,0
6056,2019,1
6057,2019,2
6058,2020,0
6059,2020,1
6060,2020,2
6061,2021,0
6062,2021,1
6063,2021,2
6064,2022,0
6065,2022,1
6066,2022,2
6067,2023,0
6068,2023,1
6069,2023,2
6070,2024,0
6071,2024,1
6072,2024,2
6073,2025,0
6074,2025,1
6075,2025,2
6076,2026,0
6077,2026,1
6078,2026,2
6079,2027,0
6080,2027,1
6081,2027,2
6082,2028,0
6083,2028,1
6084,2028,2
6085,2029,0
6086,2029,1
6087,2029,2
6088,2030,0
6089,2030,1
6090,2030,2
6091,2031,0
6092,2031,1
6093,2031,2
6094,2032,0
6095,2032,1
6096,2032,2
6097,2033,0
6098,2033,1
6099,2033,2
6100,2034,0
6101,2034,1
6102,2034,2
6103,2035,0
6104,2035,1
6105,2035,2
6106,2036,0
6107,2036,1
6108,2036,2
6109,2037,0
6110,2037,1
6111,2037,2
6112,2038,0
6113,2038,1
6114,2038,2
6115,2039,0
6116,2039,1
6117,2039,2
6118,2040,0
6119,2040,1
6120,2040,2
6121,2041,0
6122,2041,1
6123,2041,2
6124,2042,0
6125,2042,1
6126,2042,2
6127,2043,0
6128,2043,1
6129,2043,2
6130,2044,0
6131,2044,1
6132,2044,2
6133,2045,0
6134,2045,1
6135,2045,2
6136,2046,0
6137,2046,1
6138,2046,2
6139,2047,0
6140,2047,1
6141,2047,2
6142,2048,0
6143,2048,1
6144,2048,2
6145,2049,0
6146,2049,1
6147,2049,2
6148,2050,0
6149,2050,1
6150,2050,2
6151,2051,0
6152,2051,1
6153,2051,2
6154,2052,0
6155,2052,1
6156,2052,2
6157,2053,0
6158,2053,1
6159,2053,2
6160,2054,0
6161,2054,1
6162,2054,2
6163,2055,0
6164,2055,1
6165,2055,2
6166,2056,0
6167,2056,1
6168,2056,2
6169,2057,0
6170,2057,1
6171,2057,2
6172,2058,0
6173,2058,1
6174,2058,2
6175,2059,0
6176,2059,1
6177,2059,2
6178,2060,0
6179,2060,1
6180,2060,2
6181,2061,0
6182,2061,1
6183,2061,2
6184,2062,0
6185,2062,1
6186,2062,2
6187,2063,0
6188,2063,1
6189,2063,2
6190,2064,0
6191,2064,1
6192,2064,2
6193,2065,0
6194,2065,1
6195,2065,2
6196,2066,0
6197,2066,1
6198,2066,2
6199,2067,0
6200,2067,1
6201,2067,2
6202,2068,0
6203,2068,1
6204,2068,2
6205,2069,0
6206,2069,1
6207,2069,2
6208,2070,0
6209,2070,1
6210,2070,2
6211,2071,0
6212,2071,1
6213,2071,2
6214,2072,0
6215,2072,1
6216,2072,2
6217,2073,0
6218,2073,1
6219,2073,2
6220,2074,0
6221,2074,1
6222,2074,2
6223,2075,0
6224,2075,1
6225,2075,2
6226,2076,0
6227,2076,1
6228,2076,2
6229,2077,0
6230,2077,1
6231,2077,2
6232,2078,0
6233,2078,1
6234,2078,2
6235,2079,0
6236,2079,1
6237,2079,2
6238,2080,0
6239,2080,1
6240,2080,2
6241,2081,0
6242,2081,1
6243,2081,2
6244,2082,0
6245,2082,1
6246,2082,2
6247,2083,0
6248,2083,1
6249,2083,2
6250,2084,0
6251,2084,1
6252,2084,2
6253,2085,0
6254,2085,1
6255,2085,2
6256,2086,0
6257,2086,1
6258,2086,2
6259,2087,0
6260,2087,1
6261,2087,2
6262,2088,0
6263,2088,1
6264,2088,2
6265,2089,0
6266,2089,1
6267,2089,2
6268,2090,0
6269,2090,1
6270,2090,2
6271,2091,0
6272,2091,1
6273,2091,2
6274,2092,0
6275,2092,1
6276,2092,2
6277,2093,0
6278,2093,1
6279,2093,2
6280,2094,0
6281,2094,1
6282,2094,2
6283,2095,0
6284,2095,1
6285,2095,2
6286,2096,0
6287,2096,1
6288,2096,2
6289,2097,0
6290,2097,1
6291,2097,2
6292,2098,0
6293,2098,1
6294,2098,2
6295,2099,0
6296,2099,1
6297,2099,2
6298,2100,0
6299,2100,1
6300,2100,2
6301,2101,0
6302,2101,1
6303,2101,2
6304,2102,0
6305,2102,1
6306,2102,2
6307,2103,0
6308,2103,1
6309,2103,2
6310,2104,0
6311,2104,1
6312,2104,2
6313,2105,0
6314,2105,1
6315,2105,2
6316,2106,0
6317,2106,1
6318,2106,2
6319,2107,0
6320,2107,1
6321,2107,2
6322,2108,0
6323,2108,1
6324,2108,2
6325,2109,0
6326,2109,1
6327,2109,2
6328,2110,0
6329,2110,1
6330,2110,2
6331,2111,0
6332,2111,1
6333,2111,2
6334,2112,0
6335,2112,1
6336,2112,2
6337,2113,0
6338,2113,1
6339,2113,2
6340,2114,0
6341,2114,1
6342,2114,2
6343,2115,0
6344,2115,1
6345,2115,2
6346,2116,0
6347,2116,1
6348,2116,2
6349,2117,0
6350,2117,1
6351,2117,2
6352,2118,0
6353,2118,1
6354,2118,2
6355,2119,0
6356,2119,1
6357,2119,2
6358,2120,0
6359,2120,1
6360,2120,2
6361,2121,0
6362,2121,1
6363,2121,2
6364,2122,0
6365,2122,1
6366,2122,2
6367,2123,0
6368,2123,1
6369,2123,2
6370,2124,0
6371,2124,1
6372,2124,2
6373,2125,0
6374,2125,1
6375,2125,2
6376,2126,0
6377,2126,1
6378,2126,2
6379,2127,0
6380,2127,1
6381,2127,2
6382,2128,0
6383,2128,1
6384,2128,2
6385,2129,0
6386,2129,1
6387,2129,2
6388,2130,0
6389,2130,1
6390,2130,2
6391,2131,0
6392,2131,1
6393,2131,2
6394,2132,0
6395,2132,1
6396,2132,2
6397,2133,0
6398,2133,1
6399,2133,2
6400,2134,0
6401,2134,1
6402,2134,2
6403,2135,0
6404,2135,1
6405,2135,2
6406,2136,0
6407,2136,1
6408,2136,2
6409,2137,0
6410,2137,1
6411,2137,2
6412,2138,0
6413,2138,1
6414,2138,2
6415,2139,0
6416,2139,1
6417,2139,2
6418,2140,0
6419,2140,1
6420,2140,2
6421,2141,0
6422,2141,1
6423,2141,2
6424,2142,0
6425,2142,1
6426,2142,2
6427,2143,0
6428,2143,1
6429,2143,2
6430,2144,0
6431,2144,1
6432,2144,2
6433,2145,0
6434,2145,1
6435,2145,2
6436,2146,0
6437,2146,1
6438,2146,2
6439,2147,0
6440,2147,1
6441,2147,2
6442,2148,0
6443,2148,1
6444,2148,2
6445,2149,0
6446,2149,1
6447,2149,2
6448,2150,0
6449,2150,1
6450,2150,2
6451,2151,0
6452,2151,1
6453,2151,2
6454,2152,0
6455,2152,1
6456,2152,2
6457,2153,0
6458,2153,1
6459,2153,2
6460,2154,0
6461,2154,1
6462,2154,2
6463,2155,0
6464,2155,1
6465,2155,2
6466,2156,0
6467,2156,1
6468,2156,2
6469,2157,0
6470,2157,1
6471,2157,2
6472,2158,0
6473,2158,1
6474,2158,2
6475,2159,0
6476,2159,1
6477,2159,2
6478,2160,0
6479,2160,1
6480,2160,2
6481,2161,0
6482,2161,1
6483,2161,2
6484,2162,0
6485,2162,1
6486,2162,2
6487,2163,0
6488,2163,1
6489,2163,2
6490,2164,0
6491,2164,1
6492,2164,2
6493,2165,0
6494,2165,1
6495,2165,2
6496,2166,0
6497,2166,1
6498,2166,2
6499,2167,0
6500,2167,1
6501,2167,2
6502,2168,0
6503,2168,1
6504,2168,2
6505,2169,0
6506,2169,1
6507,2169,2
6508,2170,0
6509,2170,1
6510,2170,2
6511,2171,0
6512,2171,1
6513,2171,2
6514,2172,0
6515,2172,1
6516,2172,2
6517,2173,0
6518,2173,1
6519,2173,2
6520,2174,0
6521,2174,1
6522,2174,2
6523,2175,0
6524,2175,1
6525,2175,2
6526,2176,0
6527,2176,1
6528,2176,2
6529,2177,0
6530,2177,1
6531,2177,2
6532,2178,0
6533,2178,1
6534,2178,2
6535,2179,0
6536,2179,1
6537,2179,2
6538,2180,0
6539,2180,1
6540,2180,2
6541,2181,0
6542,2181,1
6543,2181,2
6544,2182,0
6545,2182,1
6546,2182,2
6547,2183,0
6548,2183,1
6549,2183,2
6550,2184,0
6551,2184,1
6552,2184,2
6553,2185,0
6554,2185,1
6555,2185,2
6556,2186,0
6557,2186,1
6558,2186,2
6559,2187,0
6560,2187,1
6561,2187,2
6562,2188,0
6563,2188,1
6564,2188,2
6565,2189,0
6566,2189,1
6567,2189,2
6568,2190,0
6569,2190,1
6570,2190,2
6571,2191,0
6572,2191,1
6573,2191,2
6574,2192,0
6575,2192,1
6576,2192,2
6577,2193,0
6578,2193,1
6579,2193,2
6580,2194,0
6581,2194,1
6582,2194,2
6583,2195,0
6584,2195,1
6585,2195,2
6586,2196,0
6587,2196,1
6588,2196,2
6589,2197,0
6590,2197,1
6591,2197,2
6592,2198,0
6593,2198,1
6594,2198,2
6595,2199,0
6596,2199,1
6597,2199,2
6598,2200,0
6599,2200,1
6600,2200,2
6601,2201,0
6602,2201,1
6603,2201,2
6604,2202,0
6605,2202,1
6606,2202,2
6607,2203,0
6608,2203,1
6609,2203,2
6610,2204,0
6611,2204,1
6612,2204,2
6613,2205,0
6614,2205,1
6615,2205,2
6616,2206,0
6617,2206,1
6618,2206,2
6619,2207,0
6620,2207,1
6621,2207,2
6622,2208,0
6623,2208,1
6624,2208,2
6625,2209,0
6626,2209,1
6627,2209,2
6628,2210,0
6629,2210,1
6630,2210,2
6631,2211,0
6632,2211,1
6633,2211,2
6634,2212,0
6635,2212,1
6636,2212,2
6637,2213,0
6638,2213,1
6639,2213,2
6640,2214,0
6641,2214,1
6642,2214,2
6643,2215,0
6644,2215,1
6645,2215,2
6646,2216,0
6647,2216,1
6648,2216,2
6649,2217,0
6650,2217,1
6651,2217,2
6652,2218,0
6653,2218,1
6654,2218,2
6655,2219,0
6656,2219,1
6657,2219,2
6658,2220,0
6659,2220,1
6660,2220,2
6661,2221,0
6662,2221,1
6663,2221,2
6664,2222,0
6665,2222,1
6666,2222,2
6667,2223,0
6668,2223,1
6669,2223,2
6670,2224,0
6671,2224,1
6672,2224,2
6673,2225,0
6674,2225,1
6675,2225,2
6676,2226,0
6677,2226,1
6678,2226,2
6679,2227,0
6680,2227,1
6681,2227,2
6682,2228,0
6683,2228,1
6684,2228,2
6685,2229,0
6686,2229,1
6687,2229,2
6688,2230,0
6689,2230,1
6690,2230,2
6691,2231,0
6692,2231,1
6693,2231,2
6694,2232,0
6695,2232,1
6696,2232,2
6697,2233,0
6698,2233,1
6699,2233,2
6700,2234,0
6701,2234,1
6702,2234,2
6703,2235,0
6704,2235,1
6705,2235,2
6706,2236,0
6707,2236,1
6708,2236,2
6709,2237,0
6710,2237,1
6711,2237,2
6712,2238,0
6713,2238,1
6714,2238,2
6715,2239,0
6716,2239,1
6717,2239,2
6718,2240,0
6719,2240,1
6720,2240,2
6721,2241,0
6722,2241,1
6723,2241,2
6724,2242,0
6725,2242,1
6726,2242,2
6727,2243,0
6728,2243,1
6729,2243,2
6730,2244,0
6731,2244,1
6732,2244,2
6733,2245,0
6734,2245,1
6735,2245,2
6736,2246,0
6737,2246,1
6738,2246,2
6739,2247,0
6740,2247,1
6741,2247,2
6742,2248,0
6743,2248,1
6744,2248,2
6745,2249,0
6746,2249,1
6747,2249,2
6748,2250,0
6749,2250,1
6750,2250,2
6751,2251,0
6752,2251,1
6753,2251,2
6754,2252,0
6755,2252,1
6756,2252,2
6757,2253,0
6758,2253,1
6759,2253,2
6760,2254,0
6761,2254,1
6762,2254,2
6763,2255,0
6764,2255,1
6765,2255,2
6766,2256,0
6767,2256,1
6768,2256,2
6769,2257,0
6770,2257,1
6771,2257,2
6772,2258,0
6773,2258,1
6774,2258,2
6775,2259,0
6776,2259,1
6777,2259,2
6778,2260,0
6779,2260,1
6780,2260,2
6781,2261,0
6782,2261,1
6783,2261,2
6784,2262,0
6785,2262,1
6786,2262,2
6787,2263,0
6788,2263,1
6789,2263,2
6790,2264,0
6791,2264,1
6792,2264,2
6793,2265,0
6794,2265,1
6795,2265,2
6796,2266,0
6797,2266,1
6798,2266,2
6799,2267,0
6800,2267,1
6801,2267,2
6802,2268,0
6803,2268,1
6804,2268,2
6805,2269,0
6806,2269,1
6807,2269,2
6808,2270,0
6809,2270,1
6810,2270,2
6811,2271,0
6812,2271,1
6813,2271,2
6814,2272,0
6815,2272,1
6816,2272,2
6817,2273,0
6818,2273,1
6819,2273,2
6820,2274,0
6821,2274,1
6822,2274,2
6823,2275,0
6824,2275,1
6825,2275,2
6826,2276,0
6827,2276,1
6828,2276,2
6829,2277,0
6830,2277,1
6831,2277,2
6832,2278,0
6833,2278,1
6834,2278,2
6835,2279,0
6836,2279,1
6837,2279,2
6838,2280,0
6839,2280,1
6840,2280,2
6841,2281,0
6842,2281,1
6843,2281,2
6844,2282,0
6845,2282,1
6846,2282,2
6847,2283,0
6848,2283,1
6849,2283,2
6850,2284,0
6851,2284,1
6852,2284,2
6853,2285,0
6854,2285,1
6855,2285,2
6856,2286,0
6857,2286,1
6858,2286,2
6859,2287,0
6860,2287,1
6861,2287,2
6862,2288,0
6863,2288,1
6864,2288,2
6865,2289,0
6866,2289,1
6867,2289,2
6868,2290,0
6869,2290,1
6870,2290,2
6871,2291,0
6872,2291,1
6873,2291,2
6874,2292,0
6875,2292,1
6876,2292,2
6877,2293,0
6878,2293,1
6879,2293,2
6880,2294,0
6881,2294,1
6882,2294,2
6883,2295,0
6884,2295,1
6885,2295,2
6886,2296,0
6887,2296,1
6888,2296,2
6889,2297,0
6890,2297,1
6891,2297,2
6892,2298,0
6893,2298,1
6894,2298,2
6895,2299,0
6896,2299,1
6897,2299,2
6898,2300,0
6899,2300,1
6900,2300,2
6901,2301,0
6902,2301,1
6903,2301,2
6904,2302,0
6905,2302,1
6906,2302,2
6907,2303,0
6908,2303,1
6909,2303,2
6910,2304,0
6911,2304,1
6912,2304,2
6913,2305,0
6914,2305,1
6915,2305,2
6916,2306,0
6917,2306,1
6918,2306,2
6919,2307,0
6920,2307,1
6921,2307,2
6922,2308,0
6923,2308,1
6924,2308,2
6925,2309,0
6926,2309,1
6927,2309,2
6928,2310,0
6929,2310,1
6930,2310,2
6931,2311,0
6932,2311,1
6933,2311,2
6934,2312,0
6935,2312,1
6936,2312,2
6937,2313,0
6938,2313,1
6939,2313,2
6940,2314,0
6941,2314,1
6942,2314,2
6943,2315,0
6944,2315,1
6945,2315,2
6946,2316,0
6947,2316,1
6948,2316,2
6949,2317,0
6950,2317,1
6951,2317,2
6952,2318,0
6953,2318,1
6954,2318,2
6955,2319,0
6956,2319,1
6957,2319,2
6958,2320,0
6959,2320,1
6960,2320,2
6961,2321,0
6962,2321,1
6963,2321,2
6964,2322,0
6965,2322,1
6966,2322,2
6967,2323,0
6968,2323,1
6969,2323,2
6970,2324,0
6971,2324,1
6972,2324,2
6973,2325,0
6974,2325,1
6975,2325,2
6976,2326,0
6977,2326,1
6978,2326,2
6979,2327,0
6980,2327,1
6981,2327,2
6982,2328,0
6983,2328,1
6984,2328,2
6985,2329,0
6986,2329,1
6987,2329,2
6988,2330,0
6989,2330,1
6990,2330,2
6991,2331,0
6992,2331,1
6993,2331,2
6994,2332,0
6995,2332,1
6996,2332,2
6997,2333,0
6998,2333,1
6999,2333,2
7000,2334,0
7001,2334,1
7002,2334,2
7003,2335,0
7004,2335,1
7005,2335,2
7006,2336,0
7007,2336,1
7008,2336,2
7009,2337,0
7010,2337,1
7011,2337,2
7012,2338,0
7013,2338,1
7014,2338,2
7015,2339,0
7016,2339,1
7017,2339,2
7018,2340,0
7019,2340,1
7020,2340,2
